file,index,offset,token,classification
With_import/bell/cirq_bell.py,0,0,import,operand
With_import/bell/cirq_bell.py,1,7,cirq,operand
With_import/bell/cirq_bell.py,2,12,q0,operand
With_import/bell/cirq_bell.py,3,14,",",operator
With_import/bell/cirq_bell.py,4,16,q1,operand
With_import/bell/cirq_bell.py,5,19,=,operator
With_import/bell/cirq_bell.py,6,21,cirq,operand
With_import/bell/cirq_bell.py,7,25,.,ignored
With_import/bell/cirq_bell.py,8,26,LineQubit,operand
With_import/bell/cirq_bell.py,9,35,.,ignored
With_import/bell/cirq_bell.py,10,36,range,operator
With_import/bell/cirq_bell.py,11,41,(,operator
With_import/bell/cirq_bell.py,12,42,2,operand
With_import/bell/cirq_bell.py,13,43,),operator
With_import/bell/cirq_bell.py,14,45,circuit,operand
With_import/bell/cirq_bell.py,15,53,=,operator
With_import/bell/cirq_bell.py,16,55,cirq,operand
With_import/bell/cirq_bell.py,17,59,.,ignored
With_import/bell/cirq_bell.py,18,60,Circuit,operator
With_import/bell/cirq_bell.py,19,67,(,operator
With_import/bell/cirq_bell.py,20,68,),operator
With_import/bell/cirq_bell.py,21,70,circuit,operand
With_import/bell/cirq_bell.py,22,77,.,ignored
With_import/bell/cirq_bell.py,23,78,append,operator
With_import/bell/cirq_bell.py,24,84,(,operator
With_import/bell/cirq_bell.py,25,85,cirq,operand
With_import/bell/cirq_bell.py,26,89,.,ignored
With_import/bell/cirq_bell.py,27,90,H,operator
With_import/bell/cirq_bell.py,28,91,(,operator
With_import/bell/cirq_bell.py,29,92,q0,operand
With_import/bell/cirq_bell.py,30,94,),operator
With_import/bell/cirq_bell.py,31,95,),operator
With_import/bell/cirq_bell.py,32,97,circuit,operand
With_import/bell/cirq_bell.py,33,104,.,ignored
With_import/bell/cirq_bell.py,34,105,append,operator
With_import/bell/cirq_bell.py,35,111,(,operator
With_import/bell/cirq_bell.py,36,112,cirq,operand
With_import/bell/cirq_bell.py,37,116,.,ignored
With_import/bell/cirq_bell.py,38,117,CNOT,operator
With_import/bell/cirq_bell.py,39,121,(,operator
With_import/bell/cirq_bell.py,40,122,q0,operand
With_import/bell/cirq_bell.py,41,124,",",operator
With_import/bell/cirq_bell.py,42,126,q1,operand
With_import/bell/cirq_bell.py,43,128,),operator
With_import/bell/cirq_bell.py,44,129,),operator
With_import/bell/cirq_bell.py,45,131,circuit,operand
With_import/bell/cirq_bell.py,46,138,.,ignored
With_import/bell/cirq_bell.py,47,139,append,operator
With_import/bell/cirq_bell.py,48,145,(,operator
With_import/bell/cirq_bell.py,49,146,cirq,operand
With_import/bell/cirq_bell.py,50,150,.,ignored
With_import/bell/cirq_bell.py,51,151,measure,operator
With_import/bell/cirq_bell.py,52,158,(,operator
With_import/bell/cirq_bell.py,53,159,q0,operand
With_import/bell/cirq_bell.py,54,161,",",operator
With_import/bell/cirq_bell.py,55,163,key,operand
With_import/bell/cirq_bell.py,56,166,=,operator
With_import/bell/cirq_bell.py,57,167,'m0',operand
With_import/bell/cirq_bell.py,58,171,),operator
With_import/bell/cirq_bell.py,59,172,),operator
With_import/bell/cirq_bell.py,60,174,circuit,operand
With_import/bell/cirq_bell.py,61,181,.,ignored
With_import/bell/cirq_bell.py,62,182,append,operator
With_import/bell/cirq_bell.py,63,188,(,operator
With_import/bell/cirq_bell.py,64,189,cirq,operand
With_import/bell/cirq_bell.py,65,193,.,ignored
With_import/bell/cirq_bell.py,66,194,measure,operator
With_import/bell/cirq_bell.py,67,201,(,operator
With_import/bell/cirq_bell.py,68,202,q1,operand
With_import/bell/cirq_bell.py,69,204,",",operator
With_import/bell/cirq_bell.py,70,206,key,operand
With_import/bell/cirq_bell.py,71,209,=,operator
With_import/bell/cirq_bell.py,72,210,'m1',operand
With_import/bell/cirq_bell.py,73,214,),operator
With_import/bell/cirq_bell.py,74,215,),operator
With_import/bell/pennylane_bell.py,0,0,import,operand
With_import/bell/pennylane_bell.py,1,7,pennylane,operand
With_import/bell/pennylane_bell.py,2,17,as,operand
With_import/bell/pennylane_bell.py,3,20,qml,operand
With_import/bell/pennylane_bell.py,4,24,dev,operand
With_import/bell/pennylane_bell.py,5,28,=,operator
With_import/bell/pennylane_bell.py,6,30,qml,operand
With_import/bell/pennylane_bell.py,7,33,.,ignored
With_import/bell/pennylane_bell.py,8,34,device,operator
With_import/bell/pennylane_bell.py,9,40,(,operator
With_import/bell/pennylane_bell.py,10,41,"""default.qubit""",operand
With_import/bell/pennylane_bell.py,11,56,",",operator
With_import/bell/pennylane_bell.py,12,58,wires,operand
With_import/bell/pennylane_bell.py,13,63,=,operator
With_import/bell/pennylane_bell.py,14,64,2,operand
With_import/bell/pennylane_bell.py,15,65,),operator
With_import/bell/pennylane_bell.py,16,67,@,operator
With_import/bell/pennylane_bell.py,17,68,qml,operand
With_import/bell/pennylane_bell.py,18,71,.,ignored
With_import/bell/pennylane_bell.py,19,72,qnode,operator
With_import/bell/pennylane_bell.py,20,77,(,operator
With_import/bell/pennylane_bell.py,21,78,dev,operand
With_import/bell/pennylane_bell.py,22,81,),operator
With_import/bell/pennylane_bell.py,23,83,def,operand
With_import/bell/pennylane_bell.py,24,87,circuit,operator
With_import/bell/pennylane_bell.py,25,94,(,operator
With_import/bell/pennylane_bell.py,26,95,),operator
With_import/bell/pennylane_bell.py,27,102,qml,operand
With_import/bell/pennylane_bell.py,28,105,.,ignored
With_import/bell/pennylane_bell.py,29,106,Hadamard,operator
With_import/bell/pennylane_bell.py,30,114,(,operator
With_import/bell/pennylane_bell.py,31,115,wires,operand
With_import/bell/pennylane_bell.py,32,120,=,operator
With_import/bell/pennylane_bell.py,33,121,0,operand
With_import/bell/pennylane_bell.py,34,122,),operator
With_import/bell/pennylane_bell.py,35,128,qml,operand
With_import/bell/pennylane_bell.py,36,131,.,ignored
With_import/bell/pennylane_bell.py,37,132,CNOT,operator
With_import/bell/pennylane_bell.py,38,136,(,operator
With_import/bell/pennylane_bell.py,39,137,wires,operand
With_import/bell/pennylane_bell.py,40,142,=,operator
With_import/bell/pennylane_bell.py,41,143,[,operator
With_import/bell/pennylane_bell.py,42,144,0,operand
With_import/bell/pennylane_bell.py,43,145,",",operator
With_import/bell/pennylane_bell.py,44,147,1,operand
With_import/bell/pennylane_bell.py,45,148,],operator
With_import/bell/pennylane_bell.py,46,149,),operator
With_import/bell/pennylane_bell.py,47,155,return,operator
With_import/bell/pennylane_bell.py,48,162,qml,operand
With_import/bell/pennylane_bell.py,49,165,.,ignored
With_import/bell/pennylane_bell.py,50,166,probs,operator
With_import/bell/pennylane_bell.py,51,171,(,operator
With_import/bell/pennylane_bell.py,52,172,wires,operand
With_import/bell/pennylane_bell.py,53,177,=,operator
With_import/bell/pennylane_bell.py,54,178,[,operator
With_import/bell/pennylane_bell.py,55,179,0,operand
With_import/bell/pennylane_bell.py,56,180,",",operator
With_import/bell/pennylane_bell.py,57,182,1,operand
With_import/bell/pennylane_bell.py,58,183,],operator
With_import/bell/pennylane_bell.py,59,184,),operator
With_import/bell/qiskit_bell.py,0,0,from,operand
With_import/bell/qiskit_bell.py,1,5,qiskit,operand
With_import/bell/qiskit_bell.py,2,12,import,operand
With_import/bell/qiskit_bell.py,3,19,QuantumCircuit,operand
With_import/bell/qiskit_bell.py,4,33,",",operator
With_import/bell/qiskit_bell.py,5,35,QuantumRegister,operand
With_import/bell/qiskit_bell.py,6,50,",",operator
With_import/bell/qiskit_bell.py,7,52,ClassicalRegister,operand
With_import/bell/qiskit_bell.py,8,70,qr,operand
With_import/bell/qiskit_bell.py,9,73,=,operator
With_import/bell/qiskit_bell.py,10,75,QuantumRegister,operator
With_import/bell/qiskit_bell.py,11,90,(,operator
With_import/bell/qiskit_bell.py,12,91,2,operand
With_import/bell/qiskit_bell.py,13,92,),operator
With_import/bell/qiskit_bell.py,14,94,cr,operand
With_import/bell/qiskit_bell.py,15,97,=,operator
With_import/bell/qiskit_bell.py,16,99,ClassicalRegister,operator
With_import/bell/qiskit_bell.py,17,116,(,operator
With_import/bell/qiskit_bell.py,18,117,2,operand
With_import/bell/qiskit_bell.py,19,118,),operator
With_import/bell/qiskit_bell.py,20,120,qc,operand
With_import/bell/qiskit_bell.py,21,123,=,operator
With_import/bell/qiskit_bell.py,22,125,QuantumCircuit,operator
With_import/bell/qiskit_bell.py,23,139,(,operator
With_import/bell/qiskit_bell.py,24,140,qr,operand
With_import/bell/qiskit_bell.py,25,142,",",operator
With_import/bell/qiskit_bell.py,26,144,cr,operand
With_import/bell/qiskit_bell.py,27,146,),operator
With_import/bell/qiskit_bell.py,28,148,qc,operand
With_import/bell/qiskit_bell.py,29,150,.,ignored
With_import/bell/qiskit_bell.py,30,151,h,operator
With_import/bell/qiskit_bell.py,31,152,(,operator
With_import/bell/qiskit_bell.py,32,153,qr,operand
With_import/bell/qiskit_bell.py,33,155,[,operator
With_import/bell/qiskit_bell.py,34,156,0,operand
With_import/bell/qiskit_bell.py,35,157,],operator
With_import/bell/qiskit_bell.py,36,158,),operator
With_import/bell/qiskit_bell.py,37,160,qc,operand
With_import/bell/qiskit_bell.py,38,162,.,ignored
With_import/bell/qiskit_bell.py,39,163,cx,operator
With_import/bell/qiskit_bell.py,40,165,(,operator
With_import/bell/qiskit_bell.py,41,166,qr,operand
With_import/bell/qiskit_bell.py,42,168,[,operator
With_import/bell/qiskit_bell.py,43,169,0,operand
With_import/bell/qiskit_bell.py,44,170,],operator
With_import/bell/qiskit_bell.py,45,171,",",operator
With_import/bell/qiskit_bell.py,46,173,qr,operand
With_import/bell/qiskit_bell.py,47,175,[,operator
With_import/bell/qiskit_bell.py,48,176,1,operand
With_import/bell/qiskit_bell.py,49,177,],operator
With_import/bell/qiskit_bell.py,50,178,),operator
With_import/bell/qiskit_bell.py,51,180,qc,operand
With_import/bell/qiskit_bell.py,52,182,.,ignored
With_import/bell/qiskit_bell.py,53,183,measure,operator
With_import/bell/qiskit_bell.py,54,190,(,operator
With_import/bell/qiskit_bell.py,55,191,qr,operand
With_import/bell/qiskit_bell.py,56,193,[,operator
With_import/bell/qiskit_bell.py,57,194,0,operand
With_import/bell/qiskit_bell.py,58,195,],operator
With_import/bell/qiskit_bell.py,59,196,",",operator
With_import/bell/qiskit_bell.py,60,198,cr,operand
With_import/bell/qiskit_bell.py,61,200,[,operator
With_import/bell/qiskit_bell.py,62,201,0,operand
With_import/bell/qiskit_bell.py,63,202,],operator
With_import/bell/qiskit_bell.py,64,203,),operator
With_import/bell/qiskit_bell.py,65,205,qc,operand
With_import/bell/qiskit_bell.py,66,207,.,ignored
With_import/bell/qiskit_bell.py,67,208,measure,operator
With_import/bell/qiskit_bell.py,68,215,(,operator
With_import/bell/qiskit_bell.py,69,216,qr,operand
With_import/bell/qiskit_bell.py,70,218,[,operator
With_import/bell/qiskit_bell.py,71,219,1,operand
With_import/bell/qiskit_bell.py,72,220,],operator
With_import/bell/qiskit_bell.py,73,221,",",operator
With_import/bell/qiskit_bell.py,74,223,cr,operand
With_import/bell/qiskit_bell.py,75,225,[,operator
With_import/bell/qiskit_bell.py,76,226,1,operand
With_import/bell/qiskit_bell.py,77,227,],operator
With_import/bell/qiskit_bell.py,78,228,),operator
With_import/bell/qsharp_bell.qs,0,0,namespace,operand
With_import/bell/qsharp_bell.qs,1,10,BellResearch,operand
With_import/bell/qsharp_bell.qs,2,23,{,ignored
With_import/bell/qsharp_bell.qs,3,29,open,operand
With_import/bell/qsharp_bell.qs,4,34,Microsoft,operand
With_import/bell/qsharp_bell.qs,5,43,.,ignored
With_import/bell/qsharp_bell.qs,6,44,Quantum,operand
With_import/bell/qsharp_bell.qs,7,51,.,ignored
With_import/bell/qsharp_bell.qs,8,52,Intrinsic,operand
With_import/bell/qsharp_bell.qs,9,61,;,operator
With_import/bell/qsharp_bell.qs,10,67,open,operand
With_import/bell/qsharp_bell.qs,11,72,Microsoft,operand
With_import/bell/qsharp_bell.qs,12,81,.,ignored
With_import/bell/qsharp_bell.qs,13,82,Quantum,operand
With_import/bell/qsharp_bell.qs,14,89,.,ignored
With_import/bell/qsharp_bell.qs,15,90,Measurement,operand
With_import/bell/qsharp_bell.qs,16,101,;,operator
With_import/bell/qsharp_bell.qs,17,107,@,operator
With_import/bell/qsharp_bell.qs,18,108,EntryPoint,operator
With_import/bell/qsharp_bell.qs,19,118,(,operator
With_import/bell/qsharp_bell.qs,20,119,),operator
With_import/bell/qsharp_bell.qs,21,125,operation,operand
With_import/bell/qsharp_bell.qs,22,135,BellState,operator
With_import/bell/qsharp_bell.qs,23,144,(,operator
With_import/bell/qsharp_bell.qs,24,145,),operator
With_import/bell/qsharp_bell.qs,25,149,(,operator
With_import/bell/qsharp_bell.qs,26,150,Result,operand
With_import/bell/qsharp_bell.qs,27,156,",",operator
With_import/bell/qsharp_bell.qs,28,158,Result,operand
With_import/bell/qsharp_bell.qs,29,164,),operator
With_import/bell/qsharp_bell.qs,30,166,{,ignored
With_import/bell/qsharp_bell.qs,31,176,use,operator
With_import/bell/qsharp_bell.qs,32,180,q,operand
With_import/bell/qsharp_bell.qs,33,182,=,operator
With_import/bell/qsharp_bell.qs,34,184,Qubit,operand
With_import/bell/qsharp_bell.qs,35,189,[,operator
With_import/bell/qsharp_bell.qs,36,190,2,operand
With_import/bell/qsharp_bell.qs,37,191,],operator
With_import/bell/qsharp_bell.qs,38,192,;,operator
With_import/bell/qsharp_bell.qs,39,202,H,operator
With_import/bell/qsharp_bell.qs,40,203,(,operator
With_import/bell/qsharp_bell.qs,41,204,q,operand
With_import/bell/qsharp_bell.qs,42,205,[,operator
With_import/bell/qsharp_bell.qs,43,206,0,operand
With_import/bell/qsharp_bell.qs,44,207,],operator
With_import/bell/qsharp_bell.qs,45,208,),operator
With_import/bell/qsharp_bell.qs,46,209,;,operator
With_import/bell/qsharp_bell.qs,47,219,CNOT,operator
With_import/bell/qsharp_bell.qs,48,223,(,operator
With_import/bell/qsharp_bell.qs,49,224,q,operand
With_import/bell/qsharp_bell.qs,50,225,[,operator
With_import/bell/qsharp_bell.qs,51,226,0,operand
With_import/bell/qsharp_bell.qs,52,227,],operator
With_import/bell/qsharp_bell.qs,53,228,",",operator
With_import/bell/qsharp_bell.qs,54,230,q,operand
With_import/bell/qsharp_bell.qs,55,231,[,operator
With_import/bell/qsharp_bell.qs,56,232,1,operand
With_import/bell/qsharp_bell.qs,57,233,],operator
With_import/bell/qsharp_bell.qs,58,234,),operator
With_import/bell/qsharp_bell.qs,59,235,;,operator
With_import/bell/qsharp_bell.qs,60,245,let,operator
With_import/bell/qsharp_bell.qs,61,249,r0,operand
With_import/bell/qsharp_bell.qs,62,252,=,operator
With_import/bell/qsharp_bell.qs,63,254,M,operator
With_import/bell/qsharp_bell.qs,64,255,(,operator
With_import/bell/qsharp_bell.qs,65,256,q,operand
With_import/bell/qsharp_bell.qs,66,257,[,operator
With_import/bell/qsharp_bell.qs,67,258,0,operand
With_import/bell/qsharp_bell.qs,68,259,],operator
With_import/bell/qsharp_bell.qs,69,260,),operator
With_import/bell/qsharp_bell.qs,70,261,;,operator
With_import/bell/qsharp_bell.qs,71,271,let,operator
With_import/bell/qsharp_bell.qs,72,275,r1,operand
With_import/bell/qsharp_bell.qs,73,278,=,operator
With_import/bell/qsharp_bell.qs,74,280,M,operator
With_import/bell/qsharp_bell.qs,75,281,(,operator
With_import/bell/qsharp_bell.qs,76,282,q,operand
With_import/bell/qsharp_bell.qs,77,283,[,operator
With_import/bell/qsharp_bell.qs,78,284,1,operand
With_import/bell/qsharp_bell.qs,79,285,],operator
With_import/bell/qsharp_bell.qs,80,286,),operator
With_import/bell/qsharp_bell.qs,81,287,;,operator
With_import/bell/qsharp_bell.qs,82,297,ResetAll,operator
With_import/bell/qsharp_bell.qs,83,305,(,operator
With_import/bell/qsharp_bell.qs,84,306,q,operand
With_import/bell/qsharp_bell.qs,85,307,),operator
With_import/bell/qsharp_bell.qs,86,308,;,operator
With_import/bell/qsharp_bell.qs,87,318,return,operator
With_import/bell/qsharp_bell.qs,88,325,(,operator
With_import/bell/qsharp_bell.qs,89,326,r0,operand
With_import/bell/qsharp_bell.qs,90,328,",",operator
With_import/bell/qsharp_bell.qs,91,330,r1,operand
With_import/bell/qsharp_bell.qs,92,332,),operator
With_import/bell/qsharp_bell.qs,93,333,;,operator
With_import/bell/qsharp_bell.qs,94,339,},ignored
With_import/bell/qsharp_bell.qs,95,341,},ignored
With_import/DJ/cirq_dj.py,0,0,import,operand
With_import/DJ/cirq_dj.py,1,7,cirq,operand
With_import/DJ/cirq_dj.py,2,12,q0,operand
With_import/DJ/cirq_dj.py,3,14,",",operator
With_import/DJ/cirq_dj.py,4,16,q1,operand
With_import/DJ/cirq_dj.py,5,18,",",operator
With_import/DJ/cirq_dj.py,6,20,q2,operand
With_import/DJ/cirq_dj.py,7,23,=,operator
With_import/DJ/cirq_dj.py,8,25,cirq,operand
With_import/DJ/cirq_dj.py,9,29,.,ignored
With_import/DJ/cirq_dj.py,10,30,LineQubit,operand
With_import/DJ/cirq_dj.py,11,39,.,ignored
With_import/DJ/cirq_dj.py,12,40,range,operator
With_import/DJ/cirq_dj.py,13,45,(,operator
With_import/DJ/cirq_dj.py,14,46,3,operand
With_import/DJ/cirq_dj.py,15,47,),operator
With_import/DJ/cirq_dj.py,16,49,circuit,operand
With_import/DJ/cirq_dj.py,17,57,=,operator
With_import/DJ/cirq_dj.py,18,59,cirq,operand
With_import/DJ/cirq_dj.py,19,63,.,ignored
With_import/DJ/cirq_dj.py,20,64,Circuit,operator
With_import/DJ/cirq_dj.py,21,71,(,operator
With_import/DJ/cirq_dj.py,22,72,),operator
With_import/DJ/cirq_dj.py,23,74,circuit,operand
With_import/DJ/cirq_dj.py,24,81,.,ignored
With_import/DJ/cirq_dj.py,25,82,append,operator
With_import/DJ/cirq_dj.py,26,88,(,operator
With_import/DJ/cirq_dj.py,27,89,cirq,operand
With_import/DJ/cirq_dj.py,28,93,.,ignored
With_import/DJ/cirq_dj.py,29,94,X,operator
With_import/DJ/cirq_dj.py,30,95,(,operator
With_import/DJ/cirq_dj.py,31,96,q2,operand
With_import/DJ/cirq_dj.py,32,98,),operator
With_import/DJ/cirq_dj.py,33,99,),operator
With_import/DJ/cirq_dj.py,34,101,circuit,operand
With_import/DJ/cirq_dj.py,35,108,.,ignored
With_import/DJ/cirq_dj.py,36,109,append,operator
With_import/DJ/cirq_dj.py,37,115,(,operator
With_import/DJ/cirq_dj.py,38,116,cirq,operand
With_import/DJ/cirq_dj.py,39,120,.,ignored
With_import/DJ/cirq_dj.py,40,121,H,operator
With_import/DJ/cirq_dj.py,41,122,(,operator
With_import/DJ/cirq_dj.py,42,123,q0,operand
With_import/DJ/cirq_dj.py,43,125,),operator
With_import/DJ/cirq_dj.py,44,126,),operator
With_import/DJ/cirq_dj.py,45,128,circuit,operand
With_import/DJ/cirq_dj.py,46,135,.,ignored
With_import/DJ/cirq_dj.py,47,136,append,operator
With_import/DJ/cirq_dj.py,48,142,(,operator
With_import/DJ/cirq_dj.py,49,143,cirq,operand
With_import/DJ/cirq_dj.py,50,147,.,ignored
With_import/DJ/cirq_dj.py,51,148,H,operator
With_import/DJ/cirq_dj.py,52,149,(,operator
With_import/DJ/cirq_dj.py,53,150,q1,operand
With_import/DJ/cirq_dj.py,54,152,),operator
With_import/DJ/cirq_dj.py,55,153,),operator
With_import/DJ/cirq_dj.py,56,155,circuit,operand
With_import/DJ/cirq_dj.py,57,162,.,ignored
With_import/DJ/cirq_dj.py,58,163,append,operator
With_import/DJ/cirq_dj.py,59,169,(,operator
With_import/DJ/cirq_dj.py,60,170,cirq,operand
With_import/DJ/cirq_dj.py,61,174,.,ignored
With_import/DJ/cirq_dj.py,62,175,H,operator
With_import/DJ/cirq_dj.py,63,176,(,operator
With_import/DJ/cirq_dj.py,64,177,q2,operand
With_import/DJ/cirq_dj.py,65,179,),operator
With_import/DJ/cirq_dj.py,66,180,),operator
With_import/DJ/cirq_dj.py,67,182,circuit,operand
With_import/DJ/cirq_dj.py,68,189,.,ignored
With_import/DJ/cirq_dj.py,69,190,append,operator
With_import/DJ/cirq_dj.py,70,196,(,operator
With_import/DJ/cirq_dj.py,71,197,cirq,operand
With_import/DJ/cirq_dj.py,72,201,.,ignored
With_import/DJ/cirq_dj.py,73,202,CNOT,operator
With_import/DJ/cirq_dj.py,74,206,(,operator
With_import/DJ/cirq_dj.py,75,207,q0,operand
With_import/DJ/cirq_dj.py,76,209,",",operator
With_import/DJ/cirq_dj.py,77,211,q2,operand
With_import/DJ/cirq_dj.py,78,213,),operator
With_import/DJ/cirq_dj.py,79,214,),operator
With_import/DJ/cirq_dj.py,80,216,circuit,operand
With_import/DJ/cirq_dj.py,81,223,.,ignored
With_import/DJ/cirq_dj.py,82,224,append,operator
With_import/DJ/cirq_dj.py,83,230,(,operator
With_import/DJ/cirq_dj.py,84,231,cirq,operand
With_import/DJ/cirq_dj.py,85,235,.,ignored
With_import/DJ/cirq_dj.py,86,236,CNOT,operator
With_import/DJ/cirq_dj.py,87,240,(,operator
With_import/DJ/cirq_dj.py,88,241,q1,operand
With_import/DJ/cirq_dj.py,89,243,",",operator
With_import/DJ/cirq_dj.py,90,245,q2,operand
With_import/DJ/cirq_dj.py,91,247,),operator
With_import/DJ/cirq_dj.py,92,248,),operator
With_import/DJ/cirq_dj.py,93,250,circuit,operand
With_import/DJ/cirq_dj.py,94,257,.,ignored
With_import/DJ/cirq_dj.py,95,258,append,operator
With_import/DJ/cirq_dj.py,96,264,(,operator
With_import/DJ/cirq_dj.py,97,265,cirq,operand
With_import/DJ/cirq_dj.py,98,269,.,ignored
With_import/DJ/cirq_dj.py,99,270,H,operator
With_import/DJ/cirq_dj.py,100,271,(,operator
With_import/DJ/cirq_dj.py,101,272,q0,operand
With_import/DJ/cirq_dj.py,102,274,),operator
With_import/DJ/cirq_dj.py,103,275,),operator
With_import/DJ/cirq_dj.py,104,277,circuit,operand
With_import/DJ/cirq_dj.py,105,284,.,ignored
With_import/DJ/cirq_dj.py,106,285,append,operator
With_import/DJ/cirq_dj.py,107,291,(,operator
With_import/DJ/cirq_dj.py,108,292,cirq,operand
With_import/DJ/cirq_dj.py,109,296,.,ignored
With_import/DJ/cirq_dj.py,110,297,H,operator
With_import/DJ/cirq_dj.py,111,298,(,operator
With_import/DJ/cirq_dj.py,112,299,q1,operand
With_import/DJ/cirq_dj.py,113,301,),operator
With_import/DJ/cirq_dj.py,114,302,),operator
With_import/DJ/cirq_dj.py,115,304,circuit,operand
With_import/DJ/cirq_dj.py,116,311,.,ignored
With_import/DJ/cirq_dj.py,117,312,append,operator
With_import/DJ/cirq_dj.py,118,318,(,operator
With_import/DJ/cirq_dj.py,119,319,cirq,operand
With_import/DJ/cirq_dj.py,120,323,.,ignored
With_import/DJ/cirq_dj.py,121,324,measure,operator
With_import/DJ/cirq_dj.py,122,331,(,operator
With_import/DJ/cirq_dj.py,123,332,q0,operand
With_import/DJ/cirq_dj.py,124,334,",",operator
With_import/DJ/cirq_dj.py,125,336,key,operand
With_import/DJ/cirq_dj.py,126,339,=,operator
With_import/DJ/cirq_dj.py,127,340,'m0',operand
With_import/DJ/cirq_dj.py,128,344,),operator
With_import/DJ/cirq_dj.py,129,345,),operator
With_import/DJ/cirq_dj.py,130,347,circuit,operand
With_import/DJ/cirq_dj.py,131,354,.,ignored
With_import/DJ/cirq_dj.py,132,355,append,operator
With_import/DJ/cirq_dj.py,133,361,(,operator
With_import/DJ/cirq_dj.py,134,362,cirq,operand
With_import/DJ/cirq_dj.py,135,366,.,ignored
With_import/DJ/cirq_dj.py,136,367,measure,operator
With_import/DJ/cirq_dj.py,137,374,(,operator
With_import/DJ/cirq_dj.py,138,375,q1,operand
With_import/DJ/cirq_dj.py,139,377,",",operator
With_import/DJ/cirq_dj.py,140,379,key,operand
With_import/DJ/cirq_dj.py,141,382,=,operator
With_import/DJ/cirq_dj.py,142,383,'m1',operand
With_import/DJ/cirq_dj.py,143,387,),operator
With_import/DJ/cirq_dj.py,144,388,),operator
With_import/DJ/pennylane_dj.py,0,0,import,operand
With_import/DJ/pennylane_dj.py,1,7,pennylane,operand
With_import/DJ/pennylane_dj.py,2,17,as,operand
With_import/DJ/pennylane_dj.py,3,20,qml,operand
With_import/DJ/pennylane_dj.py,4,24,dev,operand
With_import/DJ/pennylane_dj.py,5,28,=,operator
With_import/DJ/pennylane_dj.py,6,30,qml,operand
With_import/DJ/pennylane_dj.py,7,33,.,ignored
With_import/DJ/pennylane_dj.py,8,34,device,operator
With_import/DJ/pennylane_dj.py,9,40,(,operator
With_import/DJ/pennylane_dj.py,10,41,"""default.qubit""",operand
With_import/DJ/pennylane_dj.py,11,56,",",operator
With_import/DJ/pennylane_dj.py,12,58,wires,operand
With_import/DJ/pennylane_dj.py,13,63,=,operator
With_import/DJ/pennylane_dj.py,14,64,3,operand
With_import/DJ/pennylane_dj.py,15,65,),operator
With_import/DJ/pennylane_dj.py,16,67,@,operator
With_import/DJ/pennylane_dj.py,17,68,qml,operand
With_import/DJ/pennylane_dj.py,18,71,.,ignored
With_import/DJ/pennylane_dj.py,19,72,qnode,operator
With_import/DJ/pennylane_dj.py,20,77,(,operator
With_import/DJ/pennylane_dj.py,21,78,dev,operand
With_import/DJ/pennylane_dj.py,22,81,),operator
With_import/DJ/pennylane_dj.py,23,83,def,operand
With_import/DJ/pennylane_dj.py,24,87,circuit,operator
With_import/DJ/pennylane_dj.py,25,94,(,operator
With_import/DJ/pennylane_dj.py,26,95,),operator
With_import/DJ/pennylane_dj.py,27,102,qml,operand
With_import/DJ/pennylane_dj.py,28,105,.,ignored
With_import/DJ/pennylane_dj.py,29,106,PauliX,operator
With_import/DJ/pennylane_dj.py,30,112,(,operator
With_import/DJ/pennylane_dj.py,31,113,wires,operand
With_import/DJ/pennylane_dj.py,32,118,=,operator
With_import/DJ/pennylane_dj.py,33,119,2,operand
With_import/DJ/pennylane_dj.py,34,120,),operator
With_import/DJ/pennylane_dj.py,35,126,qml,operand
With_import/DJ/pennylane_dj.py,36,129,.,ignored
With_import/DJ/pennylane_dj.py,37,130,Hadamard,operator
With_import/DJ/pennylane_dj.py,38,138,(,operator
With_import/DJ/pennylane_dj.py,39,139,wires,operand
With_import/DJ/pennylane_dj.py,40,144,=,operator
With_import/DJ/pennylane_dj.py,41,145,0,operand
With_import/DJ/pennylane_dj.py,42,146,),operator
With_import/DJ/pennylane_dj.py,43,152,qml,operand
With_import/DJ/pennylane_dj.py,44,155,.,ignored
With_import/DJ/pennylane_dj.py,45,156,Hadamard,operator
With_import/DJ/pennylane_dj.py,46,164,(,operator
With_import/DJ/pennylane_dj.py,47,165,wires,operand
With_import/DJ/pennylane_dj.py,48,170,=,operator
With_import/DJ/pennylane_dj.py,49,171,1,operand
With_import/DJ/pennylane_dj.py,50,172,),operator
With_import/DJ/pennylane_dj.py,51,178,qml,operand
With_import/DJ/pennylane_dj.py,52,181,.,ignored
With_import/DJ/pennylane_dj.py,53,182,Hadamard,operator
With_import/DJ/pennylane_dj.py,54,190,(,operator
With_import/DJ/pennylane_dj.py,55,191,wires,operand
With_import/DJ/pennylane_dj.py,56,196,=,operator
With_import/DJ/pennylane_dj.py,57,197,2,operand
With_import/DJ/pennylane_dj.py,58,198,),operator
With_import/DJ/pennylane_dj.py,59,204,qml,operand
With_import/DJ/pennylane_dj.py,60,207,.,ignored
With_import/DJ/pennylane_dj.py,61,208,CNOT,operator
With_import/DJ/pennylane_dj.py,62,212,(,operator
With_import/DJ/pennylane_dj.py,63,213,wires,operand
With_import/DJ/pennylane_dj.py,64,218,=,operator
With_import/DJ/pennylane_dj.py,65,219,[,operator
With_import/DJ/pennylane_dj.py,66,220,0,operand
With_import/DJ/pennylane_dj.py,67,221,",",operator
With_import/DJ/pennylane_dj.py,68,223,2,operand
With_import/DJ/pennylane_dj.py,69,224,],operator
With_import/DJ/pennylane_dj.py,70,225,),operator
With_import/DJ/pennylane_dj.py,71,231,qml,operand
With_import/DJ/pennylane_dj.py,72,234,.,ignored
With_import/DJ/pennylane_dj.py,73,235,CNOT,operator
With_import/DJ/pennylane_dj.py,74,239,(,operator
With_import/DJ/pennylane_dj.py,75,240,wires,operand
With_import/DJ/pennylane_dj.py,76,245,=,operator
With_import/DJ/pennylane_dj.py,77,246,[,operator
With_import/DJ/pennylane_dj.py,78,247,1,operand
With_import/DJ/pennylane_dj.py,79,248,",",operator
With_import/DJ/pennylane_dj.py,80,250,2,operand
With_import/DJ/pennylane_dj.py,81,251,],operator
With_import/DJ/pennylane_dj.py,82,252,),operator
With_import/DJ/pennylane_dj.py,83,258,qml,operand
With_import/DJ/pennylane_dj.py,84,261,.,ignored
With_import/DJ/pennylane_dj.py,85,262,Hadamard,operator
With_import/DJ/pennylane_dj.py,86,270,(,operator
With_import/DJ/pennylane_dj.py,87,271,wires,operand
With_import/DJ/pennylane_dj.py,88,276,=,operator
With_import/DJ/pennylane_dj.py,89,277,0,operand
With_import/DJ/pennylane_dj.py,90,278,),operator
With_import/DJ/pennylane_dj.py,91,284,qml,operand
With_import/DJ/pennylane_dj.py,92,287,.,ignored
With_import/DJ/pennylane_dj.py,93,288,Hadamard,operator
With_import/DJ/pennylane_dj.py,94,296,(,operator
With_import/DJ/pennylane_dj.py,95,297,wires,operand
With_import/DJ/pennylane_dj.py,96,302,=,operator
With_import/DJ/pennylane_dj.py,97,303,1,operand
With_import/DJ/pennylane_dj.py,98,304,),operator
With_import/DJ/pennylane_dj.py,99,310,return,operator
With_import/DJ/pennylane_dj.py,100,317,qml,operand
With_import/DJ/pennylane_dj.py,101,320,.,ignored
With_import/DJ/pennylane_dj.py,102,321,probs,operator
With_import/DJ/pennylane_dj.py,103,326,(,operator
With_import/DJ/pennylane_dj.py,104,327,wires,operand
With_import/DJ/pennylane_dj.py,105,332,=,operator
With_import/DJ/pennylane_dj.py,106,333,[,operator
With_import/DJ/pennylane_dj.py,107,334,0,operand
With_import/DJ/pennylane_dj.py,108,335,",",operator
With_import/DJ/pennylane_dj.py,109,337,1,operand
With_import/DJ/pennylane_dj.py,110,338,],operator
With_import/DJ/pennylane_dj.py,111,339,),operator
With_import/DJ/qiskit_dj.py,0,0,from,operand
With_import/DJ/qiskit_dj.py,1,5,qiskit,operand
With_import/DJ/qiskit_dj.py,2,12,import,operand
With_import/DJ/qiskit_dj.py,3,19,QuantumCircuit,operand
With_import/DJ/qiskit_dj.py,4,33,",",operator
With_import/DJ/qiskit_dj.py,5,35,QuantumRegister,operand
With_import/DJ/qiskit_dj.py,6,50,",",operator
With_import/DJ/qiskit_dj.py,7,52,ClassicalRegister,operand
With_import/DJ/qiskit_dj.py,8,70,qr,operand
With_import/DJ/qiskit_dj.py,9,73,=,operator
With_import/DJ/qiskit_dj.py,10,75,QuantumRegister,operator
With_import/DJ/qiskit_dj.py,11,90,(,operator
With_import/DJ/qiskit_dj.py,12,91,3,operand
With_import/DJ/qiskit_dj.py,13,92,),operator
With_import/DJ/qiskit_dj.py,14,94,cr,operand
With_import/DJ/qiskit_dj.py,15,97,=,operator
With_import/DJ/qiskit_dj.py,16,99,ClassicalRegister,operator
With_import/DJ/qiskit_dj.py,17,116,(,operator
With_import/DJ/qiskit_dj.py,18,117,2,operand
With_import/DJ/qiskit_dj.py,19,118,),operator
With_import/DJ/qiskit_dj.py,20,120,qc,operand
With_import/DJ/qiskit_dj.py,21,123,=,operator
With_import/DJ/qiskit_dj.py,22,125,QuantumCircuit,operator
With_import/DJ/qiskit_dj.py,23,139,(,operator
With_import/DJ/qiskit_dj.py,24,140,qr,operand
With_import/DJ/qiskit_dj.py,25,142,",",operator
With_import/DJ/qiskit_dj.py,26,144,cr,operand
With_import/DJ/qiskit_dj.py,27,146,),operator
With_import/DJ/qiskit_dj.py,28,148,qc,operand
With_import/DJ/qiskit_dj.py,29,150,.,ignored
With_import/DJ/qiskit_dj.py,30,151,x,operator
With_import/DJ/qiskit_dj.py,31,152,(,operator
With_import/DJ/qiskit_dj.py,32,153,qr,operand
With_import/DJ/qiskit_dj.py,33,155,[,operator
With_import/DJ/qiskit_dj.py,34,156,2,operand
With_import/DJ/qiskit_dj.py,35,157,],operator
With_import/DJ/qiskit_dj.py,36,158,),operator
With_import/DJ/qiskit_dj.py,37,160,qc,operand
With_import/DJ/qiskit_dj.py,38,162,.,ignored
With_import/DJ/qiskit_dj.py,39,163,h,operator
With_import/DJ/qiskit_dj.py,40,164,(,operator
With_import/DJ/qiskit_dj.py,41,165,qr,operand
With_import/DJ/qiskit_dj.py,42,167,[,operator
With_import/DJ/qiskit_dj.py,43,168,0,operand
With_import/DJ/qiskit_dj.py,44,169,],operator
With_import/DJ/qiskit_dj.py,45,170,),operator
With_import/DJ/qiskit_dj.py,46,172,qc,operand
With_import/DJ/qiskit_dj.py,47,174,.,ignored
With_import/DJ/qiskit_dj.py,48,175,h,operator
With_import/DJ/qiskit_dj.py,49,176,(,operator
With_import/DJ/qiskit_dj.py,50,177,qr,operand
With_import/DJ/qiskit_dj.py,51,179,[,operator
With_import/DJ/qiskit_dj.py,52,180,1,operand
With_import/DJ/qiskit_dj.py,53,181,],operator
With_import/DJ/qiskit_dj.py,54,182,),operator
With_import/DJ/qiskit_dj.py,55,184,qc,operand
With_import/DJ/qiskit_dj.py,56,186,.,ignored
With_import/DJ/qiskit_dj.py,57,187,h,operator
With_import/DJ/qiskit_dj.py,58,188,(,operator
With_import/DJ/qiskit_dj.py,59,189,qr,operand
With_import/DJ/qiskit_dj.py,60,191,[,operator
With_import/DJ/qiskit_dj.py,61,192,2,operand
With_import/DJ/qiskit_dj.py,62,193,],operator
With_import/DJ/qiskit_dj.py,63,194,),operator
With_import/DJ/qiskit_dj.py,64,196,qc,operand
With_import/DJ/qiskit_dj.py,65,198,.,ignored
With_import/DJ/qiskit_dj.py,66,199,cx,operator
With_import/DJ/qiskit_dj.py,67,201,(,operator
With_import/DJ/qiskit_dj.py,68,202,qr,operand
With_import/DJ/qiskit_dj.py,69,204,[,operator
With_import/DJ/qiskit_dj.py,70,205,0,operand
With_import/DJ/qiskit_dj.py,71,206,],operator
With_import/DJ/qiskit_dj.py,72,207,",",operator
With_import/DJ/qiskit_dj.py,73,209,qr,operand
With_import/DJ/qiskit_dj.py,74,211,[,operator
With_import/DJ/qiskit_dj.py,75,212,2,operand
With_import/DJ/qiskit_dj.py,76,213,],operator
With_import/DJ/qiskit_dj.py,77,214,),operator
With_import/DJ/qiskit_dj.py,78,216,qc,operand
With_import/DJ/qiskit_dj.py,79,218,.,ignored
With_import/DJ/qiskit_dj.py,80,219,cx,operator
With_import/DJ/qiskit_dj.py,81,221,(,operator
With_import/DJ/qiskit_dj.py,82,222,qr,operand
With_import/DJ/qiskit_dj.py,83,224,[,operator
With_import/DJ/qiskit_dj.py,84,225,1,operand
With_import/DJ/qiskit_dj.py,85,226,],operator
With_import/DJ/qiskit_dj.py,86,227,",",operator
With_import/DJ/qiskit_dj.py,87,229,qr,operand
With_import/DJ/qiskit_dj.py,88,231,[,operator
With_import/DJ/qiskit_dj.py,89,232,2,operand
With_import/DJ/qiskit_dj.py,90,233,],operator
With_import/DJ/qiskit_dj.py,91,234,),operator
With_import/DJ/qiskit_dj.py,92,236,qc,operand
With_import/DJ/qiskit_dj.py,93,238,.,ignored
With_import/DJ/qiskit_dj.py,94,239,h,operator
With_import/DJ/qiskit_dj.py,95,240,(,operator
With_import/DJ/qiskit_dj.py,96,241,qr,operand
With_import/DJ/qiskit_dj.py,97,243,[,operator
With_import/DJ/qiskit_dj.py,98,244,0,operand
With_import/DJ/qiskit_dj.py,99,245,],operator
With_import/DJ/qiskit_dj.py,100,246,),operator
With_import/DJ/qiskit_dj.py,101,248,qc,operand
With_import/DJ/qiskit_dj.py,102,250,.,ignored
With_import/DJ/qiskit_dj.py,103,251,h,operator
With_import/DJ/qiskit_dj.py,104,252,(,operator
With_import/DJ/qiskit_dj.py,105,253,qr,operand
With_import/DJ/qiskit_dj.py,106,255,[,operator
With_import/DJ/qiskit_dj.py,107,256,1,operand
With_import/DJ/qiskit_dj.py,108,257,],operator
With_import/DJ/qiskit_dj.py,109,258,),operator
With_import/DJ/qiskit_dj.py,110,260,qc,operand
With_import/DJ/qiskit_dj.py,111,262,.,ignored
With_import/DJ/qiskit_dj.py,112,263,measure,operator
With_import/DJ/qiskit_dj.py,113,270,(,operator
With_import/DJ/qiskit_dj.py,114,271,qr,operand
With_import/DJ/qiskit_dj.py,115,273,[,operator
With_import/DJ/qiskit_dj.py,116,274,0,operand
With_import/DJ/qiskit_dj.py,117,275,],operator
With_import/DJ/qiskit_dj.py,118,276,",",operator
With_import/DJ/qiskit_dj.py,119,278,cr,operand
With_import/DJ/qiskit_dj.py,120,280,[,operator
With_import/DJ/qiskit_dj.py,121,281,0,operand
With_import/DJ/qiskit_dj.py,122,282,],operator
With_import/DJ/qiskit_dj.py,123,283,),operator
With_import/DJ/qiskit_dj.py,124,285,qc,operand
With_import/DJ/qiskit_dj.py,125,287,.,ignored
With_import/DJ/qiskit_dj.py,126,288,measure,operator
With_import/DJ/qiskit_dj.py,127,295,(,operator
With_import/DJ/qiskit_dj.py,128,296,qr,operand
With_import/DJ/qiskit_dj.py,129,298,[,operator
With_import/DJ/qiskit_dj.py,130,299,1,operand
With_import/DJ/qiskit_dj.py,131,300,],operator
With_import/DJ/qiskit_dj.py,132,301,",",operator
With_import/DJ/qiskit_dj.py,133,303,cr,operand
With_import/DJ/qiskit_dj.py,134,305,[,operator
With_import/DJ/qiskit_dj.py,135,306,1,operand
With_import/DJ/qiskit_dj.py,136,307,],operator
With_import/DJ/qiskit_dj.py,137,308,),operator
With_import/DJ/qsharp_dj.qs,0,0,namespace,operand
With_import/DJ/qsharp_dj.qs,1,10,DJResearch,operand
With_import/DJ/qsharp_dj.qs,2,21,{,ignored
With_import/DJ/qsharp_dj.qs,3,27,open,operand
With_import/DJ/qsharp_dj.qs,4,32,Microsoft,operand
With_import/DJ/qsharp_dj.qs,5,41,.,ignored
With_import/DJ/qsharp_dj.qs,6,42,Quantum,operand
With_import/DJ/qsharp_dj.qs,7,49,.,ignored
With_import/DJ/qsharp_dj.qs,8,50,Intrinsic,operand
With_import/DJ/qsharp_dj.qs,9,59,;,operator
With_import/DJ/qsharp_dj.qs,10,65,open,operand
With_import/DJ/qsharp_dj.qs,11,70,Microsoft,operand
With_import/DJ/qsharp_dj.qs,12,79,.,ignored
With_import/DJ/qsharp_dj.qs,13,80,Quantum,operand
With_import/DJ/qsharp_dj.qs,14,87,.,ignored
With_import/DJ/qsharp_dj.qs,15,88,Measurement,operand
With_import/DJ/qsharp_dj.qs,16,99,;,operator
With_import/DJ/qsharp_dj.qs,17,105,@,operator
With_import/DJ/qsharp_dj.qs,18,106,EntryPoint,operator
With_import/DJ/qsharp_dj.qs,19,116,(,operator
With_import/DJ/qsharp_dj.qs,20,117,),operator
With_import/DJ/qsharp_dj.qs,21,123,operation,operand
With_import/DJ/qsharp_dj.qs,22,133,DeutschJozsa,operator
With_import/DJ/qsharp_dj.qs,23,145,(,operator
With_import/DJ/qsharp_dj.qs,24,146,),operator
With_import/DJ/qsharp_dj.qs,25,150,(,operator
With_import/DJ/qsharp_dj.qs,26,151,Result,operand
With_import/DJ/qsharp_dj.qs,27,157,",",operator
With_import/DJ/qsharp_dj.qs,28,159,Result,operand
With_import/DJ/qsharp_dj.qs,29,165,),operator
With_import/DJ/qsharp_dj.qs,30,167,{,ignored
With_import/DJ/qsharp_dj.qs,31,177,use,operator
With_import/DJ/qsharp_dj.qs,32,181,q,operand
With_import/DJ/qsharp_dj.qs,33,183,=,operator
With_import/DJ/qsharp_dj.qs,34,185,Qubit,operand
With_import/DJ/qsharp_dj.qs,35,190,[,operator
With_import/DJ/qsharp_dj.qs,36,191,3,operand
With_import/DJ/qsharp_dj.qs,37,192,],operator
With_import/DJ/qsharp_dj.qs,38,193,;,operator
With_import/DJ/qsharp_dj.qs,39,203,X,operator
With_import/DJ/qsharp_dj.qs,40,204,(,operator
With_import/DJ/qsharp_dj.qs,41,205,q,operand
With_import/DJ/qsharp_dj.qs,42,206,[,operator
With_import/DJ/qsharp_dj.qs,43,207,2,operand
With_import/DJ/qsharp_dj.qs,44,208,],operator
With_import/DJ/qsharp_dj.qs,45,209,),operator
With_import/DJ/qsharp_dj.qs,46,210,;,operator
With_import/DJ/qsharp_dj.qs,47,220,H,operator
With_import/DJ/qsharp_dj.qs,48,221,(,operator
With_import/DJ/qsharp_dj.qs,49,222,q,operand
With_import/DJ/qsharp_dj.qs,50,223,[,operator
With_import/DJ/qsharp_dj.qs,51,224,0,operand
With_import/DJ/qsharp_dj.qs,52,225,],operator
With_import/DJ/qsharp_dj.qs,53,226,),operator
With_import/DJ/qsharp_dj.qs,54,227,;,operator
With_import/DJ/qsharp_dj.qs,55,237,H,operator
With_import/DJ/qsharp_dj.qs,56,238,(,operator
With_import/DJ/qsharp_dj.qs,57,239,q,operand
With_import/DJ/qsharp_dj.qs,58,240,[,operator
With_import/DJ/qsharp_dj.qs,59,241,1,operand
With_import/DJ/qsharp_dj.qs,60,242,],operator
With_import/DJ/qsharp_dj.qs,61,243,),operator
With_import/DJ/qsharp_dj.qs,62,244,;,operator
With_import/DJ/qsharp_dj.qs,63,254,H,operator
With_import/DJ/qsharp_dj.qs,64,255,(,operator
With_import/DJ/qsharp_dj.qs,65,256,q,operand
With_import/DJ/qsharp_dj.qs,66,257,[,operator
With_import/DJ/qsharp_dj.qs,67,258,2,operand
With_import/DJ/qsharp_dj.qs,68,259,],operator
With_import/DJ/qsharp_dj.qs,69,260,),operator
With_import/DJ/qsharp_dj.qs,70,261,;,operator
With_import/DJ/qsharp_dj.qs,71,271,CNOT,operator
With_import/DJ/qsharp_dj.qs,72,275,(,operator
With_import/DJ/qsharp_dj.qs,73,276,q,operand
With_import/DJ/qsharp_dj.qs,74,277,[,operator
With_import/DJ/qsharp_dj.qs,75,278,0,operand
With_import/DJ/qsharp_dj.qs,76,279,],operator
With_import/DJ/qsharp_dj.qs,77,280,",",operator
With_import/DJ/qsharp_dj.qs,78,282,q,operand
With_import/DJ/qsharp_dj.qs,79,283,[,operator
With_import/DJ/qsharp_dj.qs,80,284,2,operand
With_import/DJ/qsharp_dj.qs,81,285,],operator
With_import/DJ/qsharp_dj.qs,82,286,),operator
With_import/DJ/qsharp_dj.qs,83,287,;,operator
With_import/DJ/qsharp_dj.qs,84,297,CNOT,operator
With_import/DJ/qsharp_dj.qs,85,301,(,operator
With_import/DJ/qsharp_dj.qs,86,302,q,operand
With_import/DJ/qsharp_dj.qs,87,303,[,operator
With_import/DJ/qsharp_dj.qs,88,304,1,operand
With_import/DJ/qsharp_dj.qs,89,305,],operator
With_import/DJ/qsharp_dj.qs,90,306,",",operator
With_import/DJ/qsharp_dj.qs,91,308,q,operand
With_import/DJ/qsharp_dj.qs,92,309,[,operator
With_import/DJ/qsharp_dj.qs,93,310,2,operand
With_import/DJ/qsharp_dj.qs,94,311,],operator
With_import/DJ/qsharp_dj.qs,95,312,),operator
With_import/DJ/qsharp_dj.qs,96,313,;,operator
With_import/DJ/qsharp_dj.qs,97,323,H,operator
With_import/DJ/qsharp_dj.qs,98,324,(,operator
With_import/DJ/qsharp_dj.qs,99,325,q,operand
With_import/DJ/qsharp_dj.qs,100,326,[,operator
With_import/DJ/qsharp_dj.qs,101,327,0,operand
With_import/DJ/qsharp_dj.qs,102,328,],operator
With_import/DJ/qsharp_dj.qs,103,329,),operator
With_import/DJ/qsharp_dj.qs,104,330,;,operator
With_import/DJ/qsharp_dj.qs,105,340,H,operator
With_import/DJ/qsharp_dj.qs,106,341,(,operator
With_import/DJ/qsharp_dj.qs,107,342,q,operand
With_import/DJ/qsharp_dj.qs,108,343,[,operator
With_import/DJ/qsharp_dj.qs,109,344,1,operand
With_import/DJ/qsharp_dj.qs,110,345,],operator
With_import/DJ/qsharp_dj.qs,111,346,),operator
With_import/DJ/qsharp_dj.qs,112,347,;,operator
With_import/DJ/qsharp_dj.qs,113,357,let,operator
With_import/DJ/qsharp_dj.qs,114,361,r0,operand
With_import/DJ/qsharp_dj.qs,115,364,=,operator
With_import/DJ/qsharp_dj.qs,116,366,M,operator
With_import/DJ/qsharp_dj.qs,117,367,(,operator
With_import/DJ/qsharp_dj.qs,118,368,q,operand
With_import/DJ/qsharp_dj.qs,119,369,[,operator
With_import/DJ/qsharp_dj.qs,120,370,0,operand
With_import/DJ/qsharp_dj.qs,121,371,],operator
With_import/DJ/qsharp_dj.qs,122,372,),operator
With_import/DJ/qsharp_dj.qs,123,373,;,operator
With_import/DJ/qsharp_dj.qs,124,383,let,operator
With_import/DJ/qsharp_dj.qs,125,387,r1,operand
With_import/DJ/qsharp_dj.qs,126,390,=,operator
With_import/DJ/qsharp_dj.qs,127,392,M,operator
With_import/DJ/qsharp_dj.qs,128,393,(,operator
With_import/DJ/qsharp_dj.qs,129,394,q,operand
With_import/DJ/qsharp_dj.qs,130,395,[,operator
With_import/DJ/qsharp_dj.qs,131,396,1,operand
With_import/DJ/qsharp_dj.qs,132,397,],operator
With_import/DJ/qsharp_dj.qs,133,398,),operator
With_import/DJ/qsharp_dj.qs,134,399,;,operator
With_import/DJ/qsharp_dj.qs,135,409,ResetAll,operator
With_import/DJ/qsharp_dj.qs,136,417,(,operator
With_import/DJ/qsharp_dj.qs,137,418,q,operand
With_import/DJ/qsharp_dj.qs,138,419,),operator
With_import/DJ/qsharp_dj.qs,139,420,;,operator
With_import/DJ/qsharp_dj.qs,140,430,return,operator
With_import/DJ/qsharp_dj.qs,141,437,(,operator
With_import/DJ/qsharp_dj.qs,142,438,r0,operand
With_import/DJ/qsharp_dj.qs,143,440,",",operator
With_import/DJ/qsharp_dj.qs,144,442,r1,operand
With_import/DJ/qsharp_dj.qs,145,444,),operator
With_import/DJ/qsharp_dj.qs,146,445,;,operator
With_import/DJ/qsharp_dj.qs,147,451,},ignored
With_import/DJ/qsharp_dj.qs,148,453,},ignored
With_import/GHZ/cirq_ghz.py,0,0,import,operand
With_import/GHZ/cirq_ghz.py,1,7,cirq,operand
With_import/GHZ/cirq_ghz.py,2,12,q0,operand
With_import/GHZ/cirq_ghz.py,3,14,",",operator
With_import/GHZ/cirq_ghz.py,4,16,q1,operand
With_import/GHZ/cirq_ghz.py,5,18,",",operator
With_import/GHZ/cirq_ghz.py,6,20,q2,operand
With_import/GHZ/cirq_ghz.py,7,23,=,operator
With_import/GHZ/cirq_ghz.py,8,25,cirq,operand
With_import/GHZ/cirq_ghz.py,9,29,.,ignored
With_import/GHZ/cirq_ghz.py,10,30,LineQubit,operand
With_import/GHZ/cirq_ghz.py,11,39,.,ignored
With_import/GHZ/cirq_ghz.py,12,40,range,operator
With_import/GHZ/cirq_ghz.py,13,45,(,operator
With_import/GHZ/cirq_ghz.py,14,46,3,operand
With_import/GHZ/cirq_ghz.py,15,47,),operator
With_import/GHZ/cirq_ghz.py,16,49,circuit,operand
With_import/GHZ/cirq_ghz.py,17,57,=,operator
With_import/GHZ/cirq_ghz.py,18,59,cirq,operand
With_import/GHZ/cirq_ghz.py,19,63,.,ignored
With_import/GHZ/cirq_ghz.py,20,64,Circuit,operator
With_import/GHZ/cirq_ghz.py,21,71,(,operator
With_import/GHZ/cirq_ghz.py,22,72,),operator
With_import/GHZ/cirq_ghz.py,23,74,circuit,operand
With_import/GHZ/cirq_ghz.py,24,81,.,ignored
With_import/GHZ/cirq_ghz.py,25,82,append,operator
With_import/GHZ/cirq_ghz.py,26,88,(,operator
With_import/GHZ/cirq_ghz.py,27,89,cirq,operand
With_import/GHZ/cirq_ghz.py,28,93,.,ignored
With_import/GHZ/cirq_ghz.py,29,94,H,operator
With_import/GHZ/cirq_ghz.py,30,95,(,operator
With_import/GHZ/cirq_ghz.py,31,96,q0,operand
With_import/GHZ/cirq_ghz.py,32,98,),operator
With_import/GHZ/cirq_ghz.py,33,99,),operator
With_import/GHZ/cirq_ghz.py,34,101,circuit,operand
With_import/GHZ/cirq_ghz.py,35,108,.,ignored
With_import/GHZ/cirq_ghz.py,36,109,append,operator
With_import/GHZ/cirq_ghz.py,37,115,(,operator
With_import/GHZ/cirq_ghz.py,38,116,cirq,operand
With_import/GHZ/cirq_ghz.py,39,120,.,ignored
With_import/GHZ/cirq_ghz.py,40,121,CNOT,operator
With_import/GHZ/cirq_ghz.py,41,125,(,operator
With_import/GHZ/cirq_ghz.py,42,126,q0,operand
With_import/GHZ/cirq_ghz.py,43,128,",",operator
With_import/GHZ/cirq_ghz.py,44,130,q1,operand
With_import/GHZ/cirq_ghz.py,45,132,),operator
With_import/GHZ/cirq_ghz.py,46,133,),operator
With_import/GHZ/cirq_ghz.py,47,135,circuit,operand
With_import/GHZ/cirq_ghz.py,48,142,.,ignored
With_import/GHZ/cirq_ghz.py,49,143,append,operator
With_import/GHZ/cirq_ghz.py,50,149,(,operator
With_import/GHZ/cirq_ghz.py,51,150,cirq,operand
With_import/GHZ/cirq_ghz.py,52,154,.,ignored
With_import/GHZ/cirq_ghz.py,53,155,CNOT,operator
With_import/GHZ/cirq_ghz.py,54,159,(,operator
With_import/GHZ/cirq_ghz.py,55,160,q1,operand
With_import/GHZ/cirq_ghz.py,56,162,",",operator
With_import/GHZ/cirq_ghz.py,57,164,q2,operand
With_import/GHZ/cirq_ghz.py,58,166,),operator
With_import/GHZ/cirq_ghz.py,59,167,),operator
With_import/GHZ/cirq_ghz.py,60,169,circuit,operand
With_import/GHZ/cirq_ghz.py,61,176,.,ignored
With_import/GHZ/cirq_ghz.py,62,177,append,operator
With_import/GHZ/cirq_ghz.py,63,183,(,operator
With_import/GHZ/cirq_ghz.py,64,184,cirq,operand
With_import/GHZ/cirq_ghz.py,65,188,.,ignored
With_import/GHZ/cirq_ghz.py,66,189,measure,operator
With_import/GHZ/cirq_ghz.py,67,196,(,operator
With_import/GHZ/cirq_ghz.py,68,197,q0,operand
With_import/GHZ/cirq_ghz.py,69,199,",",operator
With_import/GHZ/cirq_ghz.py,70,201,key,operand
With_import/GHZ/cirq_ghz.py,71,204,=,operator
With_import/GHZ/cirq_ghz.py,72,205,'m0',operand
With_import/GHZ/cirq_ghz.py,73,209,),operator
With_import/GHZ/cirq_ghz.py,74,210,),operator
With_import/GHZ/cirq_ghz.py,75,212,circuit,operand
With_import/GHZ/cirq_ghz.py,76,219,.,ignored
With_import/GHZ/cirq_ghz.py,77,220,append,operator
With_import/GHZ/cirq_ghz.py,78,226,(,operator
With_import/GHZ/cirq_ghz.py,79,227,cirq,operand
With_import/GHZ/cirq_ghz.py,80,231,.,ignored
With_import/GHZ/cirq_ghz.py,81,232,measure,operator
With_import/GHZ/cirq_ghz.py,82,239,(,operator
With_import/GHZ/cirq_ghz.py,83,240,q1,operand
With_import/GHZ/cirq_ghz.py,84,242,",",operator
With_import/GHZ/cirq_ghz.py,85,244,key,operand
With_import/GHZ/cirq_ghz.py,86,247,=,operator
With_import/GHZ/cirq_ghz.py,87,248,'m1',operand
With_import/GHZ/cirq_ghz.py,88,252,),operator
With_import/GHZ/cirq_ghz.py,89,253,),operator
With_import/GHZ/cirq_ghz.py,90,255,circuit,operand
With_import/GHZ/cirq_ghz.py,91,262,.,ignored
With_import/GHZ/cirq_ghz.py,92,263,append,operator
With_import/GHZ/cirq_ghz.py,93,269,(,operator
With_import/GHZ/cirq_ghz.py,94,270,cirq,operand
With_import/GHZ/cirq_ghz.py,95,274,.,ignored
With_import/GHZ/cirq_ghz.py,96,275,measure,operator
With_import/GHZ/cirq_ghz.py,97,282,(,operator
With_import/GHZ/cirq_ghz.py,98,283,q2,operand
With_import/GHZ/cirq_ghz.py,99,285,",",operator
With_import/GHZ/cirq_ghz.py,100,287,key,operand
With_import/GHZ/cirq_ghz.py,101,290,=,operator
With_import/GHZ/cirq_ghz.py,102,291,'m2',operand
With_import/GHZ/cirq_ghz.py,103,295,),operator
With_import/GHZ/cirq_ghz.py,104,296,),operator
With_import/GHZ/pennylane_ghz.py,0,0,import,operand
With_import/GHZ/pennylane_ghz.py,1,7,pennylane,operand
With_import/GHZ/pennylane_ghz.py,2,17,as,operand
With_import/GHZ/pennylane_ghz.py,3,20,qml,operand
With_import/GHZ/pennylane_ghz.py,4,24,dev,operand
With_import/GHZ/pennylane_ghz.py,5,28,=,operator
With_import/GHZ/pennylane_ghz.py,6,30,qml,operand
With_import/GHZ/pennylane_ghz.py,7,33,.,ignored
With_import/GHZ/pennylane_ghz.py,8,34,device,operator
With_import/GHZ/pennylane_ghz.py,9,40,(,operator
With_import/GHZ/pennylane_ghz.py,10,41,"""default.qubit""",operand
With_import/GHZ/pennylane_ghz.py,11,56,",",operator
With_import/GHZ/pennylane_ghz.py,12,58,wires,operand
With_import/GHZ/pennylane_ghz.py,13,63,=,operator
With_import/GHZ/pennylane_ghz.py,14,64,3,operand
With_import/GHZ/pennylane_ghz.py,15,65,),operator
With_import/GHZ/pennylane_ghz.py,16,67,@,operator
With_import/GHZ/pennylane_ghz.py,17,68,qml,operand
With_import/GHZ/pennylane_ghz.py,18,71,.,ignored
With_import/GHZ/pennylane_ghz.py,19,72,qnode,operator
With_import/GHZ/pennylane_ghz.py,20,77,(,operator
With_import/GHZ/pennylane_ghz.py,21,78,dev,operand
With_import/GHZ/pennylane_ghz.py,22,81,),operator
With_import/GHZ/pennylane_ghz.py,23,83,def,operand
With_import/GHZ/pennylane_ghz.py,24,87,circuit,operator
With_import/GHZ/pennylane_ghz.py,25,94,(,operator
With_import/GHZ/pennylane_ghz.py,26,95,),operator
With_import/GHZ/pennylane_ghz.py,27,102,qml,operand
With_import/GHZ/pennylane_ghz.py,28,105,.,ignored
With_import/GHZ/pennylane_ghz.py,29,106,Hadamard,operator
With_import/GHZ/pennylane_ghz.py,30,114,(,operator
With_import/GHZ/pennylane_ghz.py,31,115,wires,operand
With_import/GHZ/pennylane_ghz.py,32,120,=,operator
With_import/GHZ/pennylane_ghz.py,33,121,0,operand
With_import/GHZ/pennylane_ghz.py,34,122,),operator
With_import/GHZ/pennylane_ghz.py,35,128,qml,operand
With_import/GHZ/pennylane_ghz.py,36,131,.,ignored
With_import/GHZ/pennylane_ghz.py,37,132,CNOT,operator
With_import/GHZ/pennylane_ghz.py,38,136,(,operator
With_import/GHZ/pennylane_ghz.py,39,137,wires,operand
With_import/GHZ/pennylane_ghz.py,40,142,=,operator
With_import/GHZ/pennylane_ghz.py,41,143,[,operator
With_import/GHZ/pennylane_ghz.py,42,144,0,operand
With_import/GHZ/pennylane_ghz.py,43,145,",",operator
With_import/GHZ/pennylane_ghz.py,44,147,1,operand
With_import/GHZ/pennylane_ghz.py,45,148,],operator
With_import/GHZ/pennylane_ghz.py,46,149,),operator
With_import/GHZ/pennylane_ghz.py,47,155,qml,operand
With_import/GHZ/pennylane_ghz.py,48,158,.,ignored
With_import/GHZ/pennylane_ghz.py,49,159,CNOT,operator
With_import/GHZ/pennylane_ghz.py,50,163,(,operator
With_import/GHZ/pennylane_ghz.py,51,164,wires,operand
With_import/GHZ/pennylane_ghz.py,52,169,=,operator
With_import/GHZ/pennylane_ghz.py,53,170,[,operator
With_import/GHZ/pennylane_ghz.py,54,171,1,operand
With_import/GHZ/pennylane_ghz.py,55,172,",",operator
With_import/GHZ/pennylane_ghz.py,56,174,2,operand
With_import/GHZ/pennylane_ghz.py,57,175,],operator
With_import/GHZ/pennylane_ghz.py,58,176,),operator
With_import/GHZ/pennylane_ghz.py,59,182,return,operator
With_import/GHZ/pennylane_ghz.py,60,189,qml,operand
With_import/GHZ/pennylane_ghz.py,61,192,.,ignored
With_import/GHZ/pennylane_ghz.py,62,193,probs,operator
With_import/GHZ/pennylane_ghz.py,63,198,(,operator
With_import/GHZ/pennylane_ghz.py,64,199,wires,operand
With_import/GHZ/pennylane_ghz.py,65,204,=,operator
With_import/GHZ/pennylane_ghz.py,66,205,[,operator
With_import/GHZ/pennylane_ghz.py,67,206,0,operand
With_import/GHZ/pennylane_ghz.py,68,207,",",operator
With_import/GHZ/pennylane_ghz.py,69,209,1,operand
With_import/GHZ/pennylane_ghz.py,70,210,",",operator
With_import/GHZ/pennylane_ghz.py,71,212,2,operand
With_import/GHZ/pennylane_ghz.py,72,213,],operator
With_import/GHZ/pennylane_ghz.py,73,214,),operator
With_import/GHZ/qiskit_ghz.py,0,0,from,operand
With_import/GHZ/qiskit_ghz.py,1,5,qiskit,operand
With_import/GHZ/qiskit_ghz.py,2,12,import,operand
With_import/GHZ/qiskit_ghz.py,3,19,QuantumCircuit,operand
With_import/GHZ/qiskit_ghz.py,4,33,",",operator
With_import/GHZ/qiskit_ghz.py,5,35,QuantumRegister,operand
With_import/GHZ/qiskit_ghz.py,6,50,",",operator
With_import/GHZ/qiskit_ghz.py,7,52,ClassicalRegister,operand
With_import/GHZ/qiskit_ghz.py,8,70,qr,operand
With_import/GHZ/qiskit_ghz.py,9,73,=,operator
With_import/GHZ/qiskit_ghz.py,10,75,QuantumRegister,operator
With_import/GHZ/qiskit_ghz.py,11,90,(,operator
With_import/GHZ/qiskit_ghz.py,12,91,3,operand
With_import/GHZ/qiskit_ghz.py,13,92,),operator
With_import/GHZ/qiskit_ghz.py,14,94,cr,operand
With_import/GHZ/qiskit_ghz.py,15,97,=,operator
With_import/GHZ/qiskit_ghz.py,16,99,ClassicalRegister,operator
With_import/GHZ/qiskit_ghz.py,17,116,(,operator
With_import/GHZ/qiskit_ghz.py,18,117,3,operand
With_import/GHZ/qiskit_ghz.py,19,118,),operator
With_import/GHZ/qiskit_ghz.py,20,120,qc,operand
With_import/GHZ/qiskit_ghz.py,21,123,=,operator
With_import/GHZ/qiskit_ghz.py,22,125,QuantumCircuit,operator
With_import/GHZ/qiskit_ghz.py,23,139,(,operator
With_import/GHZ/qiskit_ghz.py,24,140,qr,operand
With_import/GHZ/qiskit_ghz.py,25,142,",",operator
With_import/GHZ/qiskit_ghz.py,26,144,cr,operand
With_import/GHZ/qiskit_ghz.py,27,146,),operator
With_import/GHZ/qiskit_ghz.py,28,148,qc,operand
With_import/GHZ/qiskit_ghz.py,29,150,.,ignored
With_import/GHZ/qiskit_ghz.py,30,151,h,operator
With_import/GHZ/qiskit_ghz.py,31,152,(,operator
With_import/GHZ/qiskit_ghz.py,32,153,qr,operand
With_import/GHZ/qiskit_ghz.py,33,155,[,operator
With_import/GHZ/qiskit_ghz.py,34,156,0,operand
With_import/GHZ/qiskit_ghz.py,35,157,],operator
With_import/GHZ/qiskit_ghz.py,36,158,),operator
With_import/GHZ/qiskit_ghz.py,37,160,qc,operand
With_import/GHZ/qiskit_ghz.py,38,162,.,ignored
With_import/GHZ/qiskit_ghz.py,39,163,cx,operator
With_import/GHZ/qiskit_ghz.py,40,165,(,operator
With_import/GHZ/qiskit_ghz.py,41,166,qr,operand
With_import/GHZ/qiskit_ghz.py,42,168,[,operator
With_import/GHZ/qiskit_ghz.py,43,169,0,operand
With_import/GHZ/qiskit_ghz.py,44,170,],operator
With_import/GHZ/qiskit_ghz.py,45,171,",",operator
With_import/GHZ/qiskit_ghz.py,46,173,qr,operand
With_import/GHZ/qiskit_ghz.py,47,175,[,operator
With_import/GHZ/qiskit_ghz.py,48,176,1,operand
With_import/GHZ/qiskit_ghz.py,49,177,],operator
With_import/GHZ/qiskit_ghz.py,50,178,),operator
With_import/GHZ/qiskit_ghz.py,51,180,qc,operand
With_import/GHZ/qiskit_ghz.py,52,182,.,ignored
With_import/GHZ/qiskit_ghz.py,53,183,cx,operator
With_import/GHZ/qiskit_ghz.py,54,185,(,operator
With_import/GHZ/qiskit_ghz.py,55,186,qr,operand
With_import/GHZ/qiskit_ghz.py,56,188,[,operator
With_import/GHZ/qiskit_ghz.py,57,189,1,operand
With_import/GHZ/qiskit_ghz.py,58,190,],operator
With_import/GHZ/qiskit_ghz.py,59,191,",",operator
With_import/GHZ/qiskit_ghz.py,60,193,qr,operand
With_import/GHZ/qiskit_ghz.py,61,195,[,operator
With_import/GHZ/qiskit_ghz.py,62,196,2,operand
With_import/GHZ/qiskit_ghz.py,63,197,],operator
With_import/GHZ/qiskit_ghz.py,64,198,),operator
With_import/GHZ/qiskit_ghz.py,65,200,qc,operand
With_import/GHZ/qiskit_ghz.py,66,202,.,ignored
With_import/GHZ/qiskit_ghz.py,67,203,measure,operator
With_import/GHZ/qiskit_ghz.py,68,210,(,operator
With_import/GHZ/qiskit_ghz.py,69,211,qr,operand
With_import/GHZ/qiskit_ghz.py,70,213,[,operator
With_import/GHZ/qiskit_ghz.py,71,214,0,operand
With_import/GHZ/qiskit_ghz.py,72,215,],operator
With_import/GHZ/qiskit_ghz.py,73,216,",",operator
With_import/GHZ/qiskit_ghz.py,74,218,cr,operand
With_import/GHZ/qiskit_ghz.py,75,220,[,operator
With_import/GHZ/qiskit_ghz.py,76,221,0,operand
With_import/GHZ/qiskit_ghz.py,77,222,],operator
With_import/GHZ/qiskit_ghz.py,78,223,),operator
With_import/GHZ/qiskit_ghz.py,79,225,qc,operand
With_import/GHZ/qiskit_ghz.py,80,227,.,ignored
With_import/GHZ/qiskit_ghz.py,81,228,measure,operator
With_import/GHZ/qiskit_ghz.py,82,235,(,operator
With_import/GHZ/qiskit_ghz.py,83,236,qr,operand
With_import/GHZ/qiskit_ghz.py,84,238,[,operator
With_import/GHZ/qiskit_ghz.py,85,239,1,operand
With_import/GHZ/qiskit_ghz.py,86,240,],operator
With_import/GHZ/qiskit_ghz.py,87,241,",",operator
With_import/GHZ/qiskit_ghz.py,88,243,cr,operand
With_import/GHZ/qiskit_ghz.py,89,245,[,operator
With_import/GHZ/qiskit_ghz.py,90,246,1,operand
With_import/GHZ/qiskit_ghz.py,91,247,],operator
With_import/GHZ/qiskit_ghz.py,92,248,),operator
With_import/GHZ/qiskit_ghz.py,93,250,qc,operand
With_import/GHZ/qiskit_ghz.py,94,252,.,ignored
With_import/GHZ/qiskit_ghz.py,95,253,measure,operator
With_import/GHZ/qiskit_ghz.py,96,260,(,operator
With_import/GHZ/qiskit_ghz.py,97,261,qr,operand
With_import/GHZ/qiskit_ghz.py,98,263,[,operator
With_import/GHZ/qiskit_ghz.py,99,264,2,operand
With_import/GHZ/qiskit_ghz.py,100,265,],operator
With_import/GHZ/qiskit_ghz.py,101,266,",",operator
With_import/GHZ/qiskit_ghz.py,102,268,cr,operand
With_import/GHZ/qiskit_ghz.py,103,270,[,operator
With_import/GHZ/qiskit_ghz.py,104,271,2,operand
With_import/GHZ/qiskit_ghz.py,105,272,],operator
With_import/GHZ/qiskit_ghz.py,106,273,),operator
With_import/GHZ/qsharp_ghz.qs,0,0,namespace,operand
With_import/GHZ/qsharp_ghz.qs,1,10,GHZResearch,operand
With_import/GHZ/qsharp_ghz.qs,2,22,{,ignored
With_import/GHZ/qsharp_ghz.qs,3,28,open,operand
With_import/GHZ/qsharp_ghz.qs,4,33,Microsoft,operand
With_import/GHZ/qsharp_ghz.qs,5,42,.,ignored
With_import/GHZ/qsharp_ghz.qs,6,43,Quantum,operand
With_import/GHZ/qsharp_ghz.qs,7,50,.,ignored
With_import/GHZ/qsharp_ghz.qs,8,51,Diagnostics,operand
With_import/GHZ/qsharp_ghz.qs,9,62,;,operator
With_import/GHZ/qsharp_ghz.qs,10,68,open,operand
With_import/GHZ/qsharp_ghz.qs,11,73,Microsoft,operand
With_import/GHZ/qsharp_ghz.qs,12,82,.,ignored
With_import/GHZ/qsharp_ghz.qs,13,83,Quantum,operand
With_import/GHZ/qsharp_ghz.qs,14,90,.,ignored
With_import/GHZ/qsharp_ghz.qs,15,91,Measurement,operand
With_import/GHZ/qsharp_ghz.qs,16,102,;,operator
With_import/GHZ/qsharp_ghz.qs,17,108,open,operand
With_import/GHZ/qsharp_ghz.qs,18,113,Microsoft,operand
With_import/GHZ/qsharp_ghz.qs,19,122,.,ignored
With_import/GHZ/qsharp_ghz.qs,20,123,Quantum,operand
With_import/GHZ/qsharp_ghz.qs,21,130,.,ignored
With_import/GHZ/qsharp_ghz.qs,22,131,Intrinsic,operand
With_import/GHZ/qsharp_ghz.qs,23,140,;,operator
With_import/GHZ/qsharp_ghz.qs,24,146,@,operator
With_import/GHZ/qsharp_ghz.qs,25,147,EntryPoint,operator
With_import/GHZ/qsharp_ghz.qs,26,157,(,operator
With_import/GHZ/qsharp_ghz.qs,27,158,),operator
With_import/GHZ/qsharp_ghz.qs,28,164,operation,operand
With_import/GHZ/qsharp_ghz.qs,29,174,GHZState,operator
With_import/GHZ/qsharp_ghz.qs,30,182,(,operator
With_import/GHZ/qsharp_ghz.qs,31,183,),operator
With_import/GHZ/qsharp_ghz.qs,32,187,(,operator
With_import/GHZ/qsharp_ghz.qs,33,188,Result,operand
With_import/GHZ/qsharp_ghz.qs,34,194,",",operator
With_import/GHZ/qsharp_ghz.qs,35,196,Result,operand
With_import/GHZ/qsharp_ghz.qs,36,202,",",operator
With_import/GHZ/qsharp_ghz.qs,37,204,Result,operand
With_import/GHZ/qsharp_ghz.qs,38,210,),operator
With_import/GHZ/qsharp_ghz.qs,39,212,{,ignored
With_import/GHZ/qsharp_ghz.qs,40,222,use,operator
With_import/GHZ/qsharp_ghz.qs,41,226,q,operand
With_import/GHZ/qsharp_ghz.qs,42,228,=,operator
With_import/GHZ/qsharp_ghz.qs,43,230,Qubit,operand
With_import/GHZ/qsharp_ghz.qs,44,235,[,operator
With_import/GHZ/qsharp_ghz.qs,45,236,3,operand
With_import/GHZ/qsharp_ghz.qs,46,237,],operator
With_import/GHZ/qsharp_ghz.qs,47,238,;,operator
With_import/GHZ/qsharp_ghz.qs,48,254,H,operator
With_import/GHZ/qsharp_ghz.qs,49,255,(,operator
With_import/GHZ/qsharp_ghz.qs,50,256,q,operand
With_import/GHZ/qsharp_ghz.qs,51,257,[,operator
With_import/GHZ/qsharp_ghz.qs,52,258,0,operand
With_import/GHZ/qsharp_ghz.qs,53,259,],operator
With_import/GHZ/qsharp_ghz.qs,54,260,),operator
With_import/GHZ/qsharp_ghz.qs,55,261,;,operator
With_import/GHZ/qsharp_ghz.qs,56,271,CNOT,operator
With_import/GHZ/qsharp_ghz.qs,57,275,(,operator
With_import/GHZ/qsharp_ghz.qs,58,276,q,operand
With_import/GHZ/qsharp_ghz.qs,59,277,[,operator
With_import/GHZ/qsharp_ghz.qs,60,278,0,operand
With_import/GHZ/qsharp_ghz.qs,61,279,],operator
With_import/GHZ/qsharp_ghz.qs,62,280,",",operator
With_import/GHZ/qsharp_ghz.qs,63,282,q,operand
With_import/GHZ/qsharp_ghz.qs,64,283,[,operator
With_import/GHZ/qsharp_ghz.qs,65,284,1,operand
With_import/GHZ/qsharp_ghz.qs,66,285,],operator
With_import/GHZ/qsharp_ghz.qs,67,286,),operator
With_import/GHZ/qsharp_ghz.qs,68,287,;,operator
With_import/GHZ/qsharp_ghz.qs,69,297,CNOT,operator
With_import/GHZ/qsharp_ghz.qs,70,301,(,operator
With_import/GHZ/qsharp_ghz.qs,71,302,q,operand
With_import/GHZ/qsharp_ghz.qs,72,303,[,operator
With_import/GHZ/qsharp_ghz.qs,73,304,1,operand
With_import/GHZ/qsharp_ghz.qs,74,305,],operator
With_import/GHZ/qsharp_ghz.qs,75,306,",",operator
With_import/GHZ/qsharp_ghz.qs,76,308,q,operand
With_import/GHZ/qsharp_ghz.qs,77,309,[,operator
With_import/GHZ/qsharp_ghz.qs,78,310,2,operand
With_import/GHZ/qsharp_ghz.qs,79,311,],operator
With_import/GHZ/qsharp_ghz.qs,80,312,),operator
With_import/GHZ/qsharp_ghz.qs,81,313,;,operator
With_import/GHZ/qsharp_ghz.qs,82,330,let,operator
With_import/GHZ/qsharp_ghz.qs,83,334,m0,operand
With_import/GHZ/qsharp_ghz.qs,84,337,=,operator
With_import/GHZ/qsharp_ghz.qs,85,339,M,operator
With_import/GHZ/qsharp_ghz.qs,86,340,(,operator
With_import/GHZ/qsharp_ghz.qs,87,341,q,operand
With_import/GHZ/qsharp_ghz.qs,88,342,[,operator
With_import/GHZ/qsharp_ghz.qs,89,343,0,operand
With_import/GHZ/qsharp_ghz.qs,90,344,],operator
With_import/GHZ/qsharp_ghz.qs,91,345,),operator
With_import/GHZ/qsharp_ghz.qs,92,346,;,operator
With_import/GHZ/qsharp_ghz.qs,93,356,let,operator
With_import/GHZ/qsharp_ghz.qs,94,360,m1,operand
With_import/GHZ/qsharp_ghz.qs,95,363,=,operator
With_import/GHZ/qsharp_ghz.qs,96,365,M,operator
With_import/GHZ/qsharp_ghz.qs,97,366,(,operator
With_import/GHZ/qsharp_ghz.qs,98,367,q,operand
With_import/GHZ/qsharp_ghz.qs,99,368,[,operator
With_import/GHZ/qsharp_ghz.qs,100,369,1,operand
With_import/GHZ/qsharp_ghz.qs,101,370,],operator
With_import/GHZ/qsharp_ghz.qs,102,371,),operator
With_import/GHZ/qsharp_ghz.qs,103,372,;,operator
With_import/GHZ/qsharp_ghz.qs,104,382,let,operator
With_import/GHZ/qsharp_ghz.qs,105,386,m2,operand
With_import/GHZ/qsharp_ghz.qs,106,389,=,operator
With_import/GHZ/qsharp_ghz.qs,107,391,M,operator
With_import/GHZ/qsharp_ghz.qs,108,392,(,operator
With_import/GHZ/qsharp_ghz.qs,109,393,q,operand
With_import/GHZ/qsharp_ghz.qs,110,394,[,operator
With_import/GHZ/qsharp_ghz.qs,111,395,2,operand
With_import/GHZ/qsharp_ghz.qs,112,396,],operator
With_import/GHZ/qsharp_ghz.qs,113,397,),operator
With_import/GHZ/qsharp_ghz.qs,114,398,;,operator
With_import/GHZ/qsharp_ghz.qs,115,408,ResetAll,operator
With_import/GHZ/qsharp_ghz.qs,116,416,(,operator
With_import/GHZ/qsharp_ghz.qs,117,417,q,operand
With_import/GHZ/qsharp_ghz.qs,118,418,),operator
With_import/GHZ/qsharp_ghz.qs,119,419,;,operator
With_import/GHZ/qsharp_ghz.qs,120,429,return,operator
With_import/GHZ/qsharp_ghz.qs,121,436,(,operator
With_import/GHZ/qsharp_ghz.qs,122,437,m0,operand
With_import/GHZ/qsharp_ghz.qs,123,439,",",operator
With_import/GHZ/qsharp_ghz.qs,124,441,m1,operand
With_import/GHZ/qsharp_ghz.qs,125,443,",",operator
With_import/GHZ/qsharp_ghz.qs,126,445,m2,operand
With_import/GHZ/qsharp_ghz.qs,127,447,),operator
With_import/GHZ/qsharp_ghz.qs,128,448,;,operator
With_import/GHZ/qsharp_ghz.qs,129,454,},ignored
With_import/GHZ/qsharp_ghz.qs,130,456,},ignored
With_import/Grover/cirq_grover.py,0,0,import,operand
With_import/Grover/cirq_grover.py,1,7,cirq,operand
With_import/Grover/cirq_grover.py,2,12,q,operand
With_import/Grover/cirq_grover.py,3,14,=,operator
With_import/Grover/cirq_grover.py,4,16,cirq,operand
With_import/Grover/cirq_grover.py,5,20,.,ignored
With_import/Grover/cirq_grover.py,6,21,LineQubit,operand
With_import/Grover/cirq_grover.py,7,30,.,ignored
With_import/Grover/cirq_grover.py,8,31,range,operator
With_import/Grover/cirq_grover.py,9,36,(,operator
With_import/Grover/cirq_grover.py,10,37,3,operand
With_import/Grover/cirq_grover.py,11,38,),operator
With_import/Grover/cirq_grover.py,12,40,circuit,operand
With_import/Grover/cirq_grover.py,13,48,=,operator
With_import/Grover/cirq_grover.py,14,50,cirq,operand
With_import/Grover/cirq_grover.py,15,54,.,ignored
With_import/Grover/cirq_grover.py,16,55,Circuit,operator
With_import/Grover/cirq_grover.py,17,62,(,operator
With_import/Grover/cirq_grover.py,18,63,),operator
With_import/Grover/cirq_grover.py,19,65,circuit,operand
With_import/Grover/cirq_grover.py,20,72,.,ignored
With_import/Grover/cirq_grover.py,21,73,append,operator
With_import/Grover/cirq_grover.py,22,79,(,operator
With_import/Grover/cirq_grover.py,23,80,[,operator
With_import/Grover/cirq_grover.py,24,81,cirq,operand
With_import/Grover/cirq_grover.py,25,85,.,ignored
With_import/Grover/cirq_grover.py,26,86,H,operator
With_import/Grover/cirq_grover.py,27,87,(,operator
With_import/Grover/cirq_grover.py,28,88,q,operand
With_import/Grover/cirq_grover.py,29,89,[,operator
With_import/Grover/cirq_grover.py,30,90,0,operand
With_import/Grover/cirq_grover.py,31,91,],operator
With_import/Grover/cirq_grover.py,32,92,),operator
With_import/Grover/cirq_grover.py,33,93,",",operator
With_import/Grover/cirq_grover.py,34,95,cirq,operand
With_import/Grover/cirq_grover.py,35,99,.,ignored
With_import/Grover/cirq_grover.py,36,100,H,operator
With_import/Grover/cirq_grover.py,37,101,(,operator
With_import/Grover/cirq_grover.py,38,102,q,operand
With_import/Grover/cirq_grover.py,39,103,[,operator
With_import/Grover/cirq_grover.py,40,104,1,operand
With_import/Grover/cirq_grover.py,41,105,],operator
With_import/Grover/cirq_grover.py,42,106,),operator
With_import/Grover/cirq_grover.py,43,107,",",operator
With_import/Grover/cirq_grover.py,44,109,cirq,operand
With_import/Grover/cirq_grover.py,45,113,.,ignored
With_import/Grover/cirq_grover.py,46,114,H,operator
With_import/Grover/cirq_grover.py,47,115,(,operator
With_import/Grover/cirq_grover.py,48,116,q,operand
With_import/Grover/cirq_grover.py,49,117,[,operator
With_import/Grover/cirq_grover.py,50,118,2,operand
With_import/Grover/cirq_grover.py,51,119,],operator
With_import/Grover/cirq_grover.py,52,120,),operator
With_import/Grover/cirq_grover.py,53,121,],operator
With_import/Grover/cirq_grover.py,54,122,),operator
With_import/Grover/cirq_grover.py,55,124,circuit,operand
With_import/Grover/cirq_grover.py,56,131,.,ignored
With_import/Grover/cirq_grover.py,57,132,append,operator
With_import/Grover/cirq_grover.py,58,138,(,operator
With_import/Grover/cirq_grover.py,59,139,cirq,operand
With_import/Grover/cirq_grover.py,60,143,.,ignored
With_import/Grover/cirq_grover.py,61,144,CCZ,operator
With_import/Grover/cirq_grover.py,62,147,(,operator
With_import/Grover/cirq_grover.py,63,148,q,operand
With_import/Grover/cirq_grover.py,64,149,[,operator
With_import/Grover/cirq_grover.py,65,150,0,operand
With_import/Grover/cirq_grover.py,66,151,],operator
With_import/Grover/cirq_grover.py,67,152,",",operator
With_import/Grover/cirq_grover.py,68,154,q,operand
With_import/Grover/cirq_grover.py,69,155,[,operator
With_import/Grover/cirq_grover.py,70,156,1,operand
With_import/Grover/cirq_grover.py,71,157,],operator
With_import/Grover/cirq_grover.py,72,158,",",operator
With_import/Grover/cirq_grover.py,73,160,q,operand
With_import/Grover/cirq_grover.py,74,161,[,operator
With_import/Grover/cirq_grover.py,75,162,2,operand
With_import/Grover/cirq_grover.py,76,163,],operator
With_import/Grover/cirq_grover.py,77,164,),operator
With_import/Grover/cirq_grover.py,78,165,),operator
With_import/Grover/cirq_grover.py,79,167,circuit,operand
With_import/Grover/cirq_grover.py,80,174,.,ignored
With_import/Grover/cirq_grover.py,81,175,append,operator
With_import/Grover/cirq_grover.py,82,181,(,operator
With_import/Grover/cirq_grover.py,83,182,[,operator
With_import/Grover/cirq_grover.py,84,183,cirq,operand
With_import/Grover/cirq_grover.py,85,187,.,ignored
With_import/Grover/cirq_grover.py,86,188,H,operator
With_import/Grover/cirq_grover.py,87,189,(,operator
With_import/Grover/cirq_grover.py,88,190,q,operand
With_import/Grover/cirq_grover.py,89,191,[,operator
With_import/Grover/cirq_grover.py,90,192,0,operand
With_import/Grover/cirq_grover.py,91,193,],operator
With_import/Grover/cirq_grover.py,92,194,),operator
With_import/Grover/cirq_grover.py,93,195,",",operator
With_import/Grover/cirq_grover.py,94,197,cirq,operand
With_import/Grover/cirq_grover.py,95,201,.,ignored
With_import/Grover/cirq_grover.py,96,202,H,operator
With_import/Grover/cirq_grover.py,97,203,(,operator
With_import/Grover/cirq_grover.py,98,204,q,operand
With_import/Grover/cirq_grover.py,99,205,[,operator
With_import/Grover/cirq_grover.py,100,206,1,operand
With_import/Grover/cirq_grover.py,101,207,],operator
With_import/Grover/cirq_grover.py,102,208,),operator
With_import/Grover/cirq_grover.py,103,209,",",operator
With_import/Grover/cirq_grover.py,104,211,cirq,operand
With_import/Grover/cirq_grover.py,105,215,.,ignored
With_import/Grover/cirq_grover.py,106,216,H,operator
With_import/Grover/cirq_grover.py,107,217,(,operator
With_import/Grover/cirq_grover.py,108,218,q,operand
With_import/Grover/cirq_grover.py,109,219,[,operator
With_import/Grover/cirq_grover.py,110,220,2,operand
With_import/Grover/cirq_grover.py,111,221,],operator
With_import/Grover/cirq_grover.py,112,222,),operator
With_import/Grover/cirq_grover.py,113,223,],operator
With_import/Grover/cirq_grover.py,114,224,),operator
With_import/Grover/cirq_grover.py,115,226,circuit,operand
With_import/Grover/cirq_grover.py,116,233,.,ignored
With_import/Grover/cirq_grover.py,117,234,append,operator
With_import/Grover/cirq_grover.py,118,240,(,operator
With_import/Grover/cirq_grover.py,119,241,[,operator
With_import/Grover/cirq_grover.py,120,242,cirq,operand
With_import/Grover/cirq_grover.py,121,246,.,ignored
With_import/Grover/cirq_grover.py,122,247,X,operator
With_import/Grover/cirq_grover.py,123,248,(,operator
With_import/Grover/cirq_grover.py,124,249,q,operand
With_import/Grover/cirq_grover.py,125,250,[,operator
With_import/Grover/cirq_grover.py,126,251,0,operand
With_import/Grover/cirq_grover.py,127,252,],operator
With_import/Grover/cirq_grover.py,128,253,),operator
With_import/Grover/cirq_grover.py,129,254,",",operator
With_import/Grover/cirq_grover.py,130,256,cirq,operand
With_import/Grover/cirq_grover.py,131,260,.,ignored
With_import/Grover/cirq_grover.py,132,261,X,operator
With_import/Grover/cirq_grover.py,133,262,(,operator
With_import/Grover/cirq_grover.py,134,263,q,operand
With_import/Grover/cirq_grover.py,135,264,[,operator
With_import/Grover/cirq_grover.py,136,265,1,operand
With_import/Grover/cirq_grover.py,137,266,],operator
With_import/Grover/cirq_grover.py,138,267,),operator
With_import/Grover/cirq_grover.py,139,268,",",operator
With_import/Grover/cirq_grover.py,140,270,cirq,operand
With_import/Grover/cirq_grover.py,141,274,.,ignored
With_import/Grover/cirq_grover.py,142,275,X,operator
With_import/Grover/cirq_grover.py,143,276,(,operator
With_import/Grover/cirq_grover.py,144,277,q,operand
With_import/Grover/cirq_grover.py,145,278,[,operator
With_import/Grover/cirq_grover.py,146,279,2,operand
With_import/Grover/cirq_grover.py,147,280,],operator
With_import/Grover/cirq_grover.py,148,281,),operator
With_import/Grover/cirq_grover.py,149,282,],operator
With_import/Grover/cirq_grover.py,150,283,),operator
With_import/Grover/cirq_grover.py,151,285,circuit,operand
With_import/Grover/cirq_grover.py,152,292,.,ignored
With_import/Grover/cirq_grover.py,153,293,append,operator
With_import/Grover/cirq_grover.py,154,299,(,operator
With_import/Grover/cirq_grover.py,155,300,cirq,operand
With_import/Grover/cirq_grover.py,156,304,.,ignored
With_import/Grover/cirq_grover.py,157,305,CCZ,operator
With_import/Grover/cirq_grover.py,158,308,(,operator
With_import/Grover/cirq_grover.py,159,309,q,operand
With_import/Grover/cirq_grover.py,160,310,[,operator
With_import/Grover/cirq_grover.py,161,311,0,operand
With_import/Grover/cirq_grover.py,162,312,],operator
With_import/Grover/cirq_grover.py,163,313,",",operator
With_import/Grover/cirq_grover.py,164,315,q,operand
With_import/Grover/cirq_grover.py,165,316,[,operator
With_import/Grover/cirq_grover.py,166,317,1,operand
With_import/Grover/cirq_grover.py,167,318,],operator
With_import/Grover/cirq_grover.py,168,319,",",operator
With_import/Grover/cirq_grover.py,169,321,q,operand
With_import/Grover/cirq_grover.py,170,322,[,operator
With_import/Grover/cirq_grover.py,171,323,2,operand
With_import/Grover/cirq_grover.py,172,324,],operator
With_import/Grover/cirq_grover.py,173,325,),operator
With_import/Grover/cirq_grover.py,174,326,),operator
With_import/Grover/cirq_grover.py,175,328,circuit,operand
With_import/Grover/cirq_grover.py,176,335,.,ignored
With_import/Grover/cirq_grover.py,177,336,append,operator
With_import/Grover/cirq_grover.py,178,342,(,operator
With_import/Grover/cirq_grover.py,179,343,[,operator
With_import/Grover/cirq_grover.py,180,344,cirq,operand
With_import/Grover/cirq_grover.py,181,348,.,ignored
With_import/Grover/cirq_grover.py,182,349,X,operator
With_import/Grover/cirq_grover.py,183,350,(,operator
With_import/Grover/cirq_grover.py,184,351,q,operand
With_import/Grover/cirq_grover.py,185,352,[,operator
With_import/Grover/cirq_grover.py,186,353,0,operand
With_import/Grover/cirq_grover.py,187,354,],operator
With_import/Grover/cirq_grover.py,188,355,),operator
With_import/Grover/cirq_grover.py,189,356,",",operator
With_import/Grover/cirq_grover.py,190,358,cirq,operand
With_import/Grover/cirq_grover.py,191,362,.,ignored
With_import/Grover/cirq_grover.py,192,363,X,operator
With_import/Grover/cirq_grover.py,193,364,(,operator
With_import/Grover/cirq_grover.py,194,365,q,operand
With_import/Grover/cirq_grover.py,195,366,[,operator
With_import/Grover/cirq_grover.py,196,367,1,operand
With_import/Grover/cirq_grover.py,197,368,],operator
With_import/Grover/cirq_grover.py,198,369,),operator
With_import/Grover/cirq_grover.py,199,370,",",operator
With_import/Grover/cirq_grover.py,200,372,cirq,operand
With_import/Grover/cirq_grover.py,201,376,.,ignored
With_import/Grover/cirq_grover.py,202,377,X,operator
With_import/Grover/cirq_grover.py,203,378,(,operator
With_import/Grover/cirq_grover.py,204,379,q,operand
With_import/Grover/cirq_grover.py,205,380,[,operator
With_import/Grover/cirq_grover.py,206,381,2,operand
With_import/Grover/cirq_grover.py,207,382,],operator
With_import/Grover/cirq_grover.py,208,383,),operator
With_import/Grover/cirq_grover.py,209,384,],operator
With_import/Grover/cirq_grover.py,210,385,),operator
With_import/Grover/cirq_grover.py,211,387,circuit,operand
With_import/Grover/cirq_grover.py,212,394,.,ignored
With_import/Grover/cirq_grover.py,213,395,append,operator
With_import/Grover/cirq_grover.py,214,401,(,operator
With_import/Grover/cirq_grover.py,215,402,[,operator
With_import/Grover/cirq_grover.py,216,403,cirq,operand
With_import/Grover/cirq_grover.py,217,407,.,ignored
With_import/Grover/cirq_grover.py,218,408,H,operator
With_import/Grover/cirq_grover.py,219,409,(,operator
With_import/Grover/cirq_grover.py,220,410,q,operand
With_import/Grover/cirq_grover.py,221,411,[,operator
With_import/Grover/cirq_grover.py,222,412,0,operand
With_import/Grover/cirq_grover.py,223,413,],operator
With_import/Grover/cirq_grover.py,224,414,),operator
With_import/Grover/cirq_grover.py,225,415,",",operator
With_import/Grover/cirq_grover.py,226,417,cirq,operand
With_import/Grover/cirq_grover.py,227,421,.,ignored
With_import/Grover/cirq_grover.py,228,422,H,operator
With_import/Grover/cirq_grover.py,229,423,(,operator
With_import/Grover/cirq_grover.py,230,424,q,operand
With_import/Grover/cirq_grover.py,231,425,[,operator
With_import/Grover/cirq_grover.py,232,426,1,operand
With_import/Grover/cirq_grover.py,233,427,],operator
With_import/Grover/cirq_grover.py,234,428,),operator
With_import/Grover/cirq_grover.py,235,429,",",operator
With_import/Grover/cirq_grover.py,236,431,cirq,operand
With_import/Grover/cirq_grover.py,237,435,.,ignored
With_import/Grover/cirq_grover.py,238,436,H,operator
With_import/Grover/cirq_grover.py,239,437,(,operator
With_import/Grover/cirq_grover.py,240,438,q,operand
With_import/Grover/cirq_grover.py,241,439,[,operator
With_import/Grover/cirq_grover.py,242,440,2,operand
With_import/Grover/cirq_grover.py,243,441,],operator
With_import/Grover/cirq_grover.py,244,442,),operator
With_import/Grover/cirq_grover.py,245,443,],operator
With_import/Grover/cirq_grover.py,246,444,),operator
With_import/Grover/cirq_grover.py,247,446,circuit,operand
With_import/Grover/cirq_grover.py,248,453,.,ignored
With_import/Grover/cirq_grover.py,249,454,append,operator
With_import/Grover/cirq_grover.py,250,460,(,operator
With_import/Grover/cirq_grover.py,251,461,[,operator
With_import/Grover/cirq_grover.py,252,462,cirq,operand
With_import/Grover/cirq_grover.py,253,466,.,ignored
With_import/Grover/cirq_grover.py,254,467,measure,operator
With_import/Grover/cirq_grover.py,255,474,(,operator
With_import/Grover/cirq_grover.py,256,475,q,operand
With_import/Grover/cirq_grover.py,257,476,[,operator
With_import/Grover/cirq_grover.py,258,477,0,operand
With_import/Grover/cirq_grover.py,259,478,],operator
With_import/Grover/cirq_grover.py,260,479,",",operator
With_import/Grover/cirq_grover.py,261,481,key,operand
With_import/Grover/cirq_grover.py,262,484,=,operator
With_import/Grover/cirq_grover.py,263,485,'m0',operand
With_import/Grover/cirq_grover.py,264,489,),operator
With_import/Grover/cirq_grover.py,265,490,",",operator
With_import/Grover/cirq_grover.py,266,492,cirq,operand
With_import/Grover/cirq_grover.py,267,496,.,ignored
With_import/Grover/cirq_grover.py,268,497,measure,operator
With_import/Grover/cirq_grover.py,269,504,(,operator
With_import/Grover/cirq_grover.py,270,505,q,operand
With_import/Grover/cirq_grover.py,271,506,[,operator
With_import/Grover/cirq_grover.py,272,507,1,operand
With_import/Grover/cirq_grover.py,273,508,],operator
With_import/Grover/cirq_grover.py,274,509,",",operator
With_import/Grover/cirq_grover.py,275,511,key,operand
With_import/Grover/cirq_grover.py,276,514,=,operator
With_import/Grover/cirq_grover.py,277,515,'m1',operand
With_import/Grover/cirq_grover.py,278,519,),operator
With_import/Grover/cirq_grover.py,279,520,",",operator
With_import/Grover/cirq_grover.py,280,522,cirq,operand
With_import/Grover/cirq_grover.py,281,526,.,ignored
With_import/Grover/cirq_grover.py,282,527,measure,operator
With_import/Grover/cirq_grover.py,283,534,(,operator
With_import/Grover/cirq_grover.py,284,535,q,operand
With_import/Grover/cirq_grover.py,285,536,[,operator
With_import/Grover/cirq_grover.py,286,537,2,operand
With_import/Grover/cirq_grover.py,287,538,],operator
With_import/Grover/cirq_grover.py,288,539,",",operator
With_import/Grover/cirq_grover.py,289,541,key,operand
With_import/Grover/cirq_grover.py,290,544,=,operator
With_import/Grover/cirq_grover.py,291,545,'m2',operand
With_import/Grover/cirq_grover.py,292,549,),operator
With_import/Grover/cirq_grover.py,293,550,],operator
With_import/Grover/cirq_grover.py,294,551,),operator
With_import/Grover/pennylane_grover.py,0,0,import,operand
With_import/Grover/pennylane_grover.py,1,7,pennylane,operand
With_import/Grover/pennylane_grover.py,2,17,as,operand
With_import/Grover/pennylane_grover.py,3,20,qml,operand
With_import/Grover/pennylane_grover.py,4,24,dev,operand
With_import/Grover/pennylane_grover.py,5,28,=,operator
With_import/Grover/pennylane_grover.py,6,30,qml,operand
With_import/Grover/pennylane_grover.py,7,33,.,ignored
With_import/Grover/pennylane_grover.py,8,34,device,operator
With_import/Grover/pennylane_grover.py,9,40,(,operator
With_import/Grover/pennylane_grover.py,10,41,"""default.qubit""",operand
With_import/Grover/pennylane_grover.py,11,56,",",operator
With_import/Grover/pennylane_grover.py,12,58,wires,operand
With_import/Grover/pennylane_grover.py,13,63,=,operator
With_import/Grover/pennylane_grover.py,14,64,3,operand
With_import/Grover/pennylane_grover.py,15,65,),operator
With_import/Grover/pennylane_grover.py,16,67,@,operator
With_import/Grover/pennylane_grover.py,17,68,qml,operand
With_import/Grover/pennylane_grover.py,18,71,.,ignored
With_import/Grover/pennylane_grover.py,19,72,qnode,operator
With_import/Grover/pennylane_grover.py,20,77,(,operator
With_import/Grover/pennylane_grover.py,21,78,dev,operand
With_import/Grover/pennylane_grover.py,22,81,),operator
With_import/Grover/pennylane_grover.py,23,83,def,operand
With_import/Grover/pennylane_grover.py,24,87,grover,operator
With_import/Grover/pennylane_grover.py,25,93,(,operator
With_import/Grover/pennylane_grover.py,26,94,),operator
With_import/Grover/pennylane_grover.py,27,101,qml,operand
With_import/Grover/pennylane_grover.py,28,104,.,ignored
With_import/Grover/pennylane_grover.py,29,105,Hadamard,operator
With_import/Grover/pennylane_grover.py,30,113,(,operator
With_import/Grover/pennylane_grover.py,31,114,wires,operand
With_import/Grover/pennylane_grover.py,32,119,=,operator
With_import/Grover/pennylane_grover.py,33,120,0,operand
With_import/Grover/pennylane_grover.py,34,121,),operator
With_import/Grover/pennylane_grover.py,35,127,qml,operand
With_import/Grover/pennylane_grover.py,36,130,.,ignored
With_import/Grover/pennylane_grover.py,37,131,Hadamard,operator
With_import/Grover/pennylane_grover.py,38,139,(,operator
With_import/Grover/pennylane_grover.py,39,140,wires,operand
With_import/Grover/pennylane_grover.py,40,145,=,operator
With_import/Grover/pennylane_grover.py,41,146,1,operand
With_import/Grover/pennylane_grover.py,42,147,),operator
With_import/Grover/pennylane_grover.py,43,153,qml,operand
With_import/Grover/pennylane_grover.py,44,156,.,ignored
With_import/Grover/pennylane_grover.py,45,157,Hadamard,operator
With_import/Grover/pennylane_grover.py,46,165,(,operator
With_import/Grover/pennylane_grover.py,47,166,wires,operand
With_import/Grover/pennylane_grover.py,48,171,=,operator
With_import/Grover/pennylane_grover.py,49,172,2,operand
With_import/Grover/pennylane_grover.py,50,173,),operator
With_import/Grover/pennylane_grover.py,51,179,qml,operand
With_import/Grover/pennylane_grover.py,52,182,.,ignored
With_import/Grover/pennylane_grover.py,53,183,ctrl,operator
With_import/Grover/pennylane_grover.py,54,187,(,operator
With_import/Grover/pennylane_grover.py,55,188,qml,operand
With_import/Grover/pennylane_grover.py,56,191,.,ignored
With_import/Grover/pennylane_grover.py,57,192,PauliZ,operand
With_import/Grover/pennylane_grover.py,58,198,",",operator
With_import/Grover/pennylane_grover.py,59,200,control,operand
With_import/Grover/pennylane_grover.py,60,207,=,operator
With_import/Grover/pennylane_grover.py,61,208,[,operator
With_import/Grover/pennylane_grover.py,62,209,0,operand
With_import/Grover/pennylane_grover.py,63,210,",",operator
With_import/Grover/pennylane_grover.py,64,212,1,operand
With_import/Grover/pennylane_grover.py,65,213,],operator
With_import/Grover/pennylane_grover.py,66,214,),operator
With_import/Grover/pennylane_grover.py,67,215,(,operator
With_import/Grover/pennylane_grover.py,68,216,wires,operand
With_import/Grover/pennylane_grover.py,69,221,=,operator
With_import/Grover/pennylane_grover.py,70,222,2,operand
With_import/Grover/pennylane_grover.py,71,223,),operator
With_import/Grover/pennylane_grover.py,72,229,qml,operand
With_import/Grover/pennylane_grover.py,73,232,.,ignored
With_import/Grover/pennylane_grover.py,74,233,Hadamard,operator
With_import/Grover/pennylane_grover.py,75,241,(,operator
With_import/Grover/pennylane_grover.py,76,242,wires,operand
With_import/Grover/pennylane_grover.py,77,247,=,operator
With_import/Grover/pennylane_grover.py,78,248,0,operand
With_import/Grover/pennylane_grover.py,79,249,),operator
With_import/Grover/pennylane_grover.py,80,255,qml,operand
With_import/Grover/pennylane_grover.py,81,258,.,ignored
With_import/Grover/pennylane_grover.py,82,259,Hadamard,operator
With_import/Grover/pennylane_grover.py,83,267,(,operator
With_import/Grover/pennylane_grover.py,84,268,wires,operand
With_import/Grover/pennylane_grover.py,85,273,=,operator
With_import/Grover/pennylane_grover.py,86,274,1,operand
With_import/Grover/pennylane_grover.py,87,275,),operator
With_import/Grover/pennylane_grover.py,88,281,qml,operand
With_import/Grover/pennylane_grover.py,89,284,.,ignored
With_import/Grover/pennylane_grover.py,90,285,Hadamard,operator
With_import/Grover/pennylane_grover.py,91,293,(,operator
With_import/Grover/pennylane_grover.py,92,294,wires,operand
With_import/Grover/pennylane_grover.py,93,299,=,operator
With_import/Grover/pennylane_grover.py,94,300,2,operand
With_import/Grover/pennylane_grover.py,95,301,),operator
With_import/Grover/pennylane_grover.py,96,307,qml,operand
With_import/Grover/pennylane_grover.py,97,310,.,ignored
With_import/Grover/pennylane_grover.py,98,311,PauliX,operator
With_import/Grover/pennylane_grover.py,99,317,(,operator
With_import/Grover/pennylane_grover.py,100,318,wires,operand
With_import/Grover/pennylane_grover.py,101,323,=,operator
With_import/Grover/pennylane_grover.py,102,324,0,operand
With_import/Grover/pennylane_grover.py,103,325,),operator
With_import/Grover/pennylane_grover.py,104,331,qml,operand
With_import/Grover/pennylane_grover.py,105,334,.,ignored
With_import/Grover/pennylane_grover.py,106,335,PauliX,operator
With_import/Grover/pennylane_grover.py,107,341,(,operator
With_import/Grover/pennylane_grover.py,108,342,wires,operand
With_import/Grover/pennylane_grover.py,109,347,=,operator
With_import/Grover/pennylane_grover.py,110,348,1,operand
With_import/Grover/pennylane_grover.py,111,349,),operator
With_import/Grover/pennylane_grover.py,112,355,qml,operand
With_import/Grover/pennylane_grover.py,113,358,.,ignored
With_import/Grover/pennylane_grover.py,114,359,PauliX,operator
With_import/Grover/pennylane_grover.py,115,365,(,operator
With_import/Grover/pennylane_grover.py,116,366,wires,operand
With_import/Grover/pennylane_grover.py,117,371,=,operator
With_import/Grover/pennylane_grover.py,118,372,2,operand
With_import/Grover/pennylane_grover.py,119,373,),operator
With_import/Grover/pennylane_grover.py,120,379,qml,operand
With_import/Grover/pennylane_grover.py,121,382,.,ignored
With_import/Grover/pennylane_grover.py,122,383,ctrl,operator
With_import/Grover/pennylane_grover.py,123,387,(,operator
With_import/Grover/pennylane_grover.py,124,388,qml,operand
With_import/Grover/pennylane_grover.py,125,391,.,ignored
With_import/Grover/pennylane_grover.py,126,392,PauliZ,operand
With_import/Grover/pennylane_grover.py,127,398,",",operator
With_import/Grover/pennylane_grover.py,128,400,control,operand
With_import/Grover/pennylane_grover.py,129,407,=,operator
With_import/Grover/pennylane_grover.py,130,408,[,operator
With_import/Grover/pennylane_grover.py,131,409,0,operand
With_import/Grover/pennylane_grover.py,132,410,",",operator
With_import/Grover/pennylane_grover.py,133,412,1,operand
With_import/Grover/pennylane_grover.py,134,413,],operator
With_import/Grover/pennylane_grover.py,135,414,),operator
With_import/Grover/pennylane_grover.py,136,415,(,operator
With_import/Grover/pennylane_grover.py,137,416,wires,operand
With_import/Grover/pennylane_grover.py,138,421,=,operator
With_import/Grover/pennylane_grover.py,139,422,2,operand
With_import/Grover/pennylane_grover.py,140,423,),operator
With_import/Grover/pennylane_grover.py,141,429,qml,operand
With_import/Grover/pennylane_grover.py,142,432,.,ignored
With_import/Grover/pennylane_grover.py,143,433,PauliX,operator
With_import/Grover/pennylane_grover.py,144,439,(,operator
With_import/Grover/pennylane_grover.py,145,440,wires,operand
With_import/Grover/pennylane_grover.py,146,445,=,operator
With_import/Grover/pennylane_grover.py,147,446,0,operand
With_import/Grover/pennylane_grover.py,148,447,),operator
With_import/Grover/pennylane_grover.py,149,453,qml,operand
With_import/Grover/pennylane_grover.py,150,456,.,ignored
With_import/Grover/pennylane_grover.py,151,457,PauliX,operator
With_import/Grover/pennylane_grover.py,152,463,(,operator
With_import/Grover/pennylane_grover.py,153,464,wires,operand
With_import/Grover/pennylane_grover.py,154,469,=,operator
With_import/Grover/pennylane_grover.py,155,470,1,operand
With_import/Grover/pennylane_grover.py,156,471,),operator
With_import/Grover/pennylane_grover.py,157,477,qml,operand
With_import/Grover/pennylane_grover.py,158,480,.,ignored
With_import/Grover/pennylane_grover.py,159,481,PauliX,operator
With_import/Grover/pennylane_grover.py,160,487,(,operator
With_import/Grover/pennylane_grover.py,161,488,wires,operand
With_import/Grover/pennylane_grover.py,162,493,=,operator
With_import/Grover/pennylane_grover.py,163,494,2,operand
With_import/Grover/pennylane_grover.py,164,495,),operator
With_import/Grover/pennylane_grover.py,165,501,qml,operand
With_import/Grover/pennylane_grover.py,166,504,.,ignored
With_import/Grover/pennylane_grover.py,167,505,Hadamard,operator
With_import/Grover/pennylane_grover.py,168,513,(,operator
With_import/Grover/pennylane_grover.py,169,514,wires,operand
With_import/Grover/pennylane_grover.py,170,519,=,operator
With_import/Grover/pennylane_grover.py,171,520,0,operand
With_import/Grover/pennylane_grover.py,172,521,),operator
With_import/Grover/pennylane_grover.py,173,527,qml,operand
With_import/Grover/pennylane_grover.py,174,530,.,ignored
With_import/Grover/pennylane_grover.py,175,531,Hadamard,operator
With_import/Grover/pennylane_grover.py,176,539,(,operator
With_import/Grover/pennylane_grover.py,177,540,wires,operand
With_import/Grover/pennylane_grover.py,178,545,=,operator
With_import/Grover/pennylane_grover.py,179,546,1,operand
With_import/Grover/pennylane_grover.py,180,547,),operator
With_import/Grover/pennylane_grover.py,181,553,qml,operand
With_import/Grover/pennylane_grover.py,182,556,.,ignored
With_import/Grover/pennylane_grover.py,183,557,Hadamard,operator
With_import/Grover/pennylane_grover.py,184,565,(,operator
With_import/Grover/pennylane_grover.py,185,566,wires,operand
With_import/Grover/pennylane_grover.py,186,571,=,operator
With_import/Grover/pennylane_grover.py,187,572,2,operand
With_import/Grover/pennylane_grover.py,188,573,),operator
With_import/Grover/pennylane_grover.py,189,579,return,operator
With_import/Grover/pennylane_grover.py,190,586,qml,operand
With_import/Grover/pennylane_grover.py,191,589,.,ignored
With_import/Grover/pennylane_grover.py,192,590,probs,operator
With_import/Grover/pennylane_grover.py,193,595,(,operator
With_import/Grover/pennylane_grover.py,194,596,wires,operand
With_import/Grover/pennylane_grover.py,195,601,=,operator
With_import/Grover/pennylane_grover.py,196,602,[,operator
With_import/Grover/pennylane_grover.py,197,603,0,operand
With_import/Grover/pennylane_grover.py,198,604,",",operator
With_import/Grover/pennylane_grover.py,199,606,1,operand
With_import/Grover/pennylane_grover.py,200,607,",",operator
With_import/Grover/pennylane_grover.py,201,609,2,operand
With_import/Grover/pennylane_grover.py,202,610,],operator
With_import/Grover/pennylane_grover.py,203,611,),operator
With_import/Grover/qiskit_grover.py,0,0,from,operand
With_import/Grover/qiskit_grover.py,1,5,qiskit,operand
With_import/Grover/qiskit_grover.py,2,12,import,operand
With_import/Grover/qiskit_grover.py,3,19,QuantumCircuit,operand
With_import/Grover/qiskit_grover.py,4,33,",",operator
With_import/Grover/qiskit_grover.py,5,35,QuantumRegister,operand
With_import/Grover/qiskit_grover.py,6,50,",",operator
With_import/Grover/qiskit_grover.py,7,52,ClassicalRegister,operand
With_import/Grover/qiskit_grover.py,8,70,qr,operand
With_import/Grover/qiskit_grover.py,9,73,=,operator
With_import/Grover/qiskit_grover.py,10,75,QuantumRegister,operator
With_import/Grover/qiskit_grover.py,11,90,(,operator
With_import/Grover/qiskit_grover.py,12,91,3,operand
With_import/Grover/qiskit_grover.py,13,92,),operator
With_import/Grover/qiskit_grover.py,14,94,cr,operand
With_import/Grover/qiskit_grover.py,15,97,=,operator
With_import/Grover/qiskit_grover.py,16,99,ClassicalRegister,operator
With_import/Grover/qiskit_grover.py,17,116,(,operator
With_import/Grover/qiskit_grover.py,18,117,3,operand
With_import/Grover/qiskit_grover.py,19,118,),operator
With_import/Grover/qiskit_grover.py,20,120,qc,operand
With_import/Grover/qiskit_grover.py,21,123,=,operator
With_import/Grover/qiskit_grover.py,22,125,QuantumCircuit,operator
With_import/Grover/qiskit_grover.py,23,139,(,operator
With_import/Grover/qiskit_grover.py,24,140,qr,operand
With_import/Grover/qiskit_grover.py,25,142,",",operator
With_import/Grover/qiskit_grover.py,26,144,cr,operand
With_import/Grover/qiskit_grover.py,27,146,),operator
With_import/Grover/qiskit_grover.py,28,148,qc,operand
With_import/Grover/qiskit_grover.py,29,150,.,ignored
With_import/Grover/qiskit_grover.py,30,151,h,operator
With_import/Grover/qiskit_grover.py,31,152,(,operator
With_import/Grover/qiskit_grover.py,32,153,qr,operand
With_import/Grover/qiskit_grover.py,33,155,[,operator
With_import/Grover/qiskit_grover.py,34,156,0,operand
With_import/Grover/qiskit_grover.py,35,157,],operator
With_import/Grover/qiskit_grover.py,36,158,),operator
With_import/Grover/qiskit_grover.py,37,160,qc,operand
With_import/Grover/qiskit_grover.py,38,162,.,ignored
With_import/Grover/qiskit_grover.py,39,163,h,operator
With_import/Grover/qiskit_grover.py,40,164,(,operator
With_import/Grover/qiskit_grover.py,41,165,qr,operand
With_import/Grover/qiskit_grover.py,42,167,[,operator
With_import/Grover/qiskit_grover.py,43,168,1,operand
With_import/Grover/qiskit_grover.py,44,169,],operator
With_import/Grover/qiskit_grover.py,45,170,),operator
With_import/Grover/qiskit_grover.py,46,172,qc,operand
With_import/Grover/qiskit_grover.py,47,174,.,ignored
With_import/Grover/qiskit_grover.py,48,175,h,operator
With_import/Grover/qiskit_grover.py,49,176,(,operator
With_import/Grover/qiskit_grover.py,50,177,qr,operand
With_import/Grover/qiskit_grover.py,51,179,[,operator
With_import/Grover/qiskit_grover.py,52,180,2,operand
With_import/Grover/qiskit_grover.py,53,181,],operator
With_import/Grover/qiskit_grover.py,54,182,),operator
With_import/Grover/qiskit_grover.py,55,184,qc,operand
With_import/Grover/qiskit_grover.py,56,186,.,ignored
With_import/Grover/qiskit_grover.py,57,187,ccz,operator
With_import/Grover/qiskit_grover.py,58,190,(,operator
With_import/Grover/qiskit_grover.py,59,191,qr,operand
With_import/Grover/qiskit_grover.py,60,193,[,operator
With_import/Grover/qiskit_grover.py,61,194,0,operand
With_import/Grover/qiskit_grover.py,62,195,],operator
With_import/Grover/qiskit_grover.py,63,196,",",operator
With_import/Grover/qiskit_grover.py,64,198,qr,operand
With_import/Grover/qiskit_grover.py,65,200,[,operator
With_import/Grover/qiskit_grover.py,66,201,1,operand
With_import/Grover/qiskit_grover.py,67,202,],operator
With_import/Grover/qiskit_grover.py,68,203,",",operator
With_import/Grover/qiskit_grover.py,69,205,qr,operand
With_import/Grover/qiskit_grover.py,70,207,[,operator
With_import/Grover/qiskit_grover.py,71,208,2,operand
With_import/Grover/qiskit_grover.py,72,209,],operator
With_import/Grover/qiskit_grover.py,73,210,),operator
With_import/Grover/qiskit_grover.py,74,212,qc,operand
With_import/Grover/qiskit_grover.py,75,214,.,ignored
With_import/Grover/qiskit_grover.py,76,215,h,operator
With_import/Grover/qiskit_grover.py,77,216,(,operator
With_import/Grover/qiskit_grover.py,78,217,qr,operand
With_import/Grover/qiskit_grover.py,79,219,[,operator
With_import/Grover/qiskit_grover.py,80,220,0,operand
With_import/Grover/qiskit_grover.py,81,221,],operator
With_import/Grover/qiskit_grover.py,82,222,),operator
With_import/Grover/qiskit_grover.py,83,223,;,operator
With_import/Grover/qiskit_grover.py,84,225,qc,operand
With_import/Grover/qiskit_grover.py,85,227,.,ignored
With_import/Grover/qiskit_grover.py,86,228,h,operator
With_import/Grover/qiskit_grover.py,87,229,(,operator
With_import/Grover/qiskit_grover.py,88,230,qr,operand
With_import/Grover/qiskit_grover.py,89,232,[,operator
With_import/Grover/qiskit_grover.py,90,233,1,operand
With_import/Grover/qiskit_grover.py,91,234,],operator
With_import/Grover/qiskit_grover.py,92,235,),operator
With_import/Grover/qiskit_grover.py,93,236,;,operator
With_import/Grover/qiskit_grover.py,94,238,qc,operand
With_import/Grover/qiskit_grover.py,95,240,.,ignored
With_import/Grover/qiskit_grover.py,96,241,h,operator
With_import/Grover/qiskit_grover.py,97,242,(,operator
With_import/Grover/qiskit_grover.py,98,243,qr,operand
With_import/Grover/qiskit_grover.py,99,245,[,operator
With_import/Grover/qiskit_grover.py,100,246,2,operand
With_import/Grover/qiskit_grover.py,101,247,],operator
With_import/Grover/qiskit_grover.py,102,248,),operator
With_import/Grover/qiskit_grover.py,103,250,qc,operand
With_import/Grover/qiskit_grover.py,104,252,.,ignored
With_import/Grover/qiskit_grover.py,105,253,x,operator
With_import/Grover/qiskit_grover.py,106,254,(,operator
With_import/Grover/qiskit_grover.py,107,255,qr,operand
With_import/Grover/qiskit_grover.py,108,257,[,operator
With_import/Grover/qiskit_grover.py,109,258,0,operand
With_import/Grover/qiskit_grover.py,110,259,],operator
With_import/Grover/qiskit_grover.py,111,260,),operator
With_import/Grover/qiskit_grover.py,112,261,;,operator
With_import/Grover/qiskit_grover.py,113,263,qc,operand
With_import/Grover/qiskit_grover.py,114,265,.,ignored
With_import/Grover/qiskit_grover.py,115,266,x,operator
With_import/Grover/qiskit_grover.py,116,267,(,operator
With_import/Grover/qiskit_grover.py,117,268,qr,operand
With_import/Grover/qiskit_grover.py,118,270,[,operator
With_import/Grover/qiskit_grover.py,119,271,1,operand
With_import/Grover/qiskit_grover.py,120,272,],operator
With_import/Grover/qiskit_grover.py,121,273,),operator
With_import/Grover/qiskit_grover.py,122,274,;,operator
With_import/Grover/qiskit_grover.py,123,276,qc,operand
With_import/Grover/qiskit_grover.py,124,278,.,ignored
With_import/Grover/qiskit_grover.py,125,279,x,operator
With_import/Grover/qiskit_grover.py,126,280,(,operator
With_import/Grover/qiskit_grover.py,127,281,qr,operand
With_import/Grover/qiskit_grover.py,128,283,[,operator
With_import/Grover/qiskit_grover.py,129,284,2,operand
With_import/Grover/qiskit_grover.py,130,285,],operator
With_import/Grover/qiskit_grover.py,131,286,),operator
With_import/Grover/qiskit_grover.py,132,288,qc,operand
With_import/Grover/qiskit_grover.py,133,290,.,ignored
With_import/Grover/qiskit_grover.py,134,291,ccz,operator
With_import/Grover/qiskit_grover.py,135,294,(,operator
With_import/Grover/qiskit_grover.py,136,295,qr,operand
With_import/Grover/qiskit_grover.py,137,297,[,operator
With_import/Grover/qiskit_grover.py,138,298,0,operand
With_import/Grover/qiskit_grover.py,139,299,],operator
With_import/Grover/qiskit_grover.py,140,300,",",operator
With_import/Grover/qiskit_grover.py,141,302,qr,operand
With_import/Grover/qiskit_grover.py,142,304,[,operator
With_import/Grover/qiskit_grover.py,143,305,1,operand
With_import/Grover/qiskit_grover.py,144,306,],operator
With_import/Grover/qiskit_grover.py,145,307,",",operator
With_import/Grover/qiskit_grover.py,146,309,qr,operand
With_import/Grover/qiskit_grover.py,147,311,[,operator
With_import/Grover/qiskit_grover.py,148,312,2,operand
With_import/Grover/qiskit_grover.py,149,313,],operator
With_import/Grover/qiskit_grover.py,150,314,),operator
With_import/Grover/qiskit_grover.py,151,316,qc,operand
With_import/Grover/qiskit_grover.py,152,318,.,ignored
With_import/Grover/qiskit_grover.py,153,319,x,operator
With_import/Grover/qiskit_grover.py,154,320,(,operator
With_import/Grover/qiskit_grover.py,155,321,qr,operand
With_import/Grover/qiskit_grover.py,156,323,[,operator
With_import/Grover/qiskit_grover.py,157,324,0,operand
With_import/Grover/qiskit_grover.py,158,325,],operator
With_import/Grover/qiskit_grover.py,159,326,),operator
With_import/Grover/qiskit_grover.py,160,327,;,operator
With_import/Grover/qiskit_grover.py,161,329,qc,operand
With_import/Grover/qiskit_grover.py,162,331,.,ignored
With_import/Grover/qiskit_grover.py,163,332,x,operator
With_import/Grover/qiskit_grover.py,164,333,(,operator
With_import/Grover/qiskit_grover.py,165,334,qr,operand
With_import/Grover/qiskit_grover.py,166,336,[,operator
With_import/Grover/qiskit_grover.py,167,337,1,operand
With_import/Grover/qiskit_grover.py,168,338,],operator
With_import/Grover/qiskit_grover.py,169,339,),operator
With_import/Grover/qiskit_grover.py,170,340,;,operator
With_import/Grover/qiskit_grover.py,171,342,qc,operand
With_import/Grover/qiskit_grover.py,172,344,.,ignored
With_import/Grover/qiskit_grover.py,173,345,x,operator
With_import/Grover/qiskit_grover.py,174,346,(,operator
With_import/Grover/qiskit_grover.py,175,347,qr,operand
With_import/Grover/qiskit_grover.py,176,349,[,operator
With_import/Grover/qiskit_grover.py,177,350,2,operand
With_import/Grover/qiskit_grover.py,178,351,],operator
With_import/Grover/qiskit_grover.py,179,352,),operator
With_import/Grover/qiskit_grover.py,180,354,qc,operand
With_import/Grover/qiskit_grover.py,181,356,.,ignored
With_import/Grover/qiskit_grover.py,182,357,h,operator
With_import/Grover/qiskit_grover.py,183,358,(,operator
With_import/Grover/qiskit_grover.py,184,359,qr,operand
With_import/Grover/qiskit_grover.py,185,361,[,operator
With_import/Grover/qiskit_grover.py,186,362,0,operand
With_import/Grover/qiskit_grover.py,187,363,],operator
With_import/Grover/qiskit_grover.py,188,364,),operator
With_import/Grover/qiskit_grover.py,189,365,;,operator
With_import/Grover/qiskit_grover.py,190,367,qc,operand
With_import/Grover/qiskit_grover.py,191,369,.,ignored
With_import/Grover/qiskit_grover.py,192,370,h,operator
With_import/Grover/qiskit_grover.py,193,371,(,operator
With_import/Grover/qiskit_grover.py,194,372,qr,operand
With_import/Grover/qiskit_grover.py,195,374,[,operator
With_import/Grover/qiskit_grover.py,196,375,1,operand
With_import/Grover/qiskit_grover.py,197,376,],operator
With_import/Grover/qiskit_grover.py,198,377,),operator
With_import/Grover/qiskit_grover.py,199,378,;,operator
With_import/Grover/qiskit_grover.py,200,380,qc,operand
With_import/Grover/qiskit_grover.py,201,382,.,ignored
With_import/Grover/qiskit_grover.py,202,383,h,operator
With_import/Grover/qiskit_grover.py,203,384,(,operator
With_import/Grover/qiskit_grover.py,204,385,qr,operand
With_import/Grover/qiskit_grover.py,205,387,[,operator
With_import/Grover/qiskit_grover.py,206,388,2,operand
With_import/Grover/qiskit_grover.py,207,389,],operator
With_import/Grover/qiskit_grover.py,208,390,),operator
With_import/Grover/qiskit_grover.py,209,392,qc,operand
With_import/Grover/qiskit_grover.py,210,394,.,ignored
With_import/Grover/qiskit_grover.py,211,395,measure,operator
With_import/Grover/qiskit_grover.py,212,402,(,operator
With_import/Grover/qiskit_grover.py,213,403,qr,operand
With_import/Grover/qiskit_grover.py,214,405,[,operator
With_import/Grover/qiskit_grover.py,215,406,0,operand
With_import/Grover/qiskit_grover.py,216,407,],operator
With_import/Grover/qiskit_grover.py,217,408,",",operator
With_import/Grover/qiskit_grover.py,218,410,cr,operand
With_import/Grover/qiskit_grover.py,219,412,[,operator
With_import/Grover/qiskit_grover.py,220,413,0,operand
With_import/Grover/qiskit_grover.py,221,414,],operator
With_import/Grover/qiskit_grover.py,222,415,),operator
With_import/Grover/qiskit_grover.py,223,417,qc,operand
With_import/Grover/qiskit_grover.py,224,419,.,ignored
With_import/Grover/qiskit_grover.py,225,420,measure,operator
With_import/Grover/qiskit_grover.py,226,427,(,operator
With_import/Grover/qiskit_grover.py,227,428,qr,operand
With_import/Grover/qiskit_grover.py,228,430,[,operator
With_import/Grover/qiskit_grover.py,229,431,1,operand
With_import/Grover/qiskit_grover.py,230,432,],operator
With_import/Grover/qiskit_grover.py,231,433,",",operator
With_import/Grover/qiskit_grover.py,232,435,cr,operand
With_import/Grover/qiskit_grover.py,233,437,[,operator
With_import/Grover/qiskit_grover.py,234,438,1,operand
With_import/Grover/qiskit_grover.py,235,439,],operator
With_import/Grover/qiskit_grover.py,236,440,),operator
With_import/Grover/qiskit_grover.py,237,442,qc,operand
With_import/Grover/qiskit_grover.py,238,444,.,ignored
With_import/Grover/qiskit_grover.py,239,445,measure,operator
With_import/Grover/qiskit_grover.py,240,452,(,operator
With_import/Grover/qiskit_grover.py,241,453,qr,operand
With_import/Grover/qiskit_grover.py,242,455,[,operator
With_import/Grover/qiskit_grover.py,243,456,2,operand
With_import/Grover/qiskit_grover.py,244,457,],operator
With_import/Grover/qiskit_grover.py,245,458,",",operator
With_import/Grover/qiskit_grover.py,246,460,cr,operand
With_import/Grover/qiskit_grover.py,247,462,[,operator
With_import/Grover/qiskit_grover.py,248,463,2,operand
With_import/Grover/qiskit_grover.py,249,464,],operator
With_import/Grover/qiskit_grover.py,250,465,),operator
With_import/Grover/qsharp_grover.qs,0,0,namespace,operand
With_import/Grover/qsharp_grover.qs,1,10,GroverResearch,operand
With_import/Grover/qsharp_grover.qs,2,25,{,ignored
With_import/Grover/qsharp_grover.qs,3,31,open,operand
With_import/Grover/qsharp_grover.qs,4,36,Microsoft,operand
With_import/Grover/qsharp_grover.qs,5,45,.,ignored
With_import/Grover/qsharp_grover.qs,6,46,Quantum,operand
With_import/Grover/qsharp_grover.qs,7,53,.,ignored
With_import/Grover/qsharp_grover.qs,8,54,Intrinsic,operand
With_import/Grover/qsharp_grover.qs,9,63,;,operator
With_import/Grover/qsharp_grover.qs,10,69,open,operand
With_import/Grover/qsharp_grover.qs,11,74,Microsoft,operand
With_import/Grover/qsharp_grover.qs,12,83,.,ignored
With_import/Grover/qsharp_grover.qs,13,84,Quantum,operand
With_import/Grover/qsharp_grover.qs,14,91,.,ignored
With_import/Grover/qsharp_grover.qs,15,92,Measurement,operand
With_import/Grover/qsharp_grover.qs,16,103,;,operator
With_import/Grover/qsharp_grover.qs,17,109,@,operator
With_import/Grover/qsharp_grover.qs,18,110,EntryPoint,operator
With_import/Grover/qsharp_grover.qs,19,120,(,operator
With_import/Grover/qsharp_grover.qs,20,121,),operator
With_import/Grover/qsharp_grover.qs,21,127,operation,operand
With_import/Grover/qsharp_grover.qs,22,137,Grover3,operator
With_import/Grover/qsharp_grover.qs,23,144,(,operator
With_import/Grover/qsharp_grover.qs,24,145,),operator
With_import/Grover/qsharp_grover.qs,25,149,(,operator
With_import/Grover/qsharp_grover.qs,26,150,Result,operand
With_import/Grover/qsharp_grover.qs,27,156,",",operator
With_import/Grover/qsharp_grover.qs,28,158,Result,operand
With_import/Grover/qsharp_grover.qs,29,164,",",operator
With_import/Grover/qsharp_grover.qs,30,166,Result,operand
With_import/Grover/qsharp_grover.qs,31,172,),operator
With_import/Grover/qsharp_grover.qs,32,174,{,ignored
With_import/Grover/qsharp_grover.qs,33,184,use,operator
With_import/Grover/qsharp_grover.qs,34,188,q,operand
With_import/Grover/qsharp_grover.qs,35,190,=,operator
With_import/Grover/qsharp_grover.qs,36,192,Qubit,operand
With_import/Grover/qsharp_grover.qs,37,197,[,operator
With_import/Grover/qsharp_grover.qs,38,198,3,operand
With_import/Grover/qsharp_grover.qs,39,199,],operator
With_import/Grover/qsharp_grover.qs,40,200,;,operator
With_import/Grover/qsharp_grover.qs,41,210,H,operator
With_import/Grover/qsharp_grover.qs,42,211,(,operator
With_import/Grover/qsharp_grover.qs,43,212,q,operand
With_import/Grover/qsharp_grover.qs,44,213,[,operator
With_import/Grover/qsharp_grover.qs,45,214,0,operand
With_import/Grover/qsharp_grover.qs,46,215,],operator
With_import/Grover/qsharp_grover.qs,47,216,),operator
With_import/Grover/qsharp_grover.qs,48,217,;,operator
With_import/Grover/qsharp_grover.qs,49,219,H,operator
With_import/Grover/qsharp_grover.qs,50,220,(,operator
With_import/Grover/qsharp_grover.qs,51,221,q,operand
With_import/Grover/qsharp_grover.qs,52,222,[,operator
With_import/Grover/qsharp_grover.qs,53,223,1,operand
With_import/Grover/qsharp_grover.qs,54,224,],operator
With_import/Grover/qsharp_grover.qs,55,225,),operator
With_import/Grover/qsharp_grover.qs,56,226,;,operator
With_import/Grover/qsharp_grover.qs,57,228,H,operator
With_import/Grover/qsharp_grover.qs,58,229,(,operator
With_import/Grover/qsharp_grover.qs,59,230,q,operand
With_import/Grover/qsharp_grover.qs,60,231,[,operator
With_import/Grover/qsharp_grover.qs,61,232,2,operand
With_import/Grover/qsharp_grover.qs,62,233,],operator
With_import/Grover/qsharp_grover.qs,63,234,),operator
With_import/Grover/qsharp_grover.qs,64,235,;,operator
With_import/Grover/qsharp_grover.qs,65,245,Controlled,operator
With_import/Grover/qsharp_grover.qs,66,256,Z,operator
With_import/Grover/qsharp_grover.qs,67,257,(,operator
With_import/Grover/qsharp_grover.qs,68,258,[,operator
With_import/Grover/qsharp_grover.qs,69,259,q,operand
With_import/Grover/qsharp_grover.qs,70,260,[,operator
With_import/Grover/qsharp_grover.qs,71,261,0,operand
With_import/Grover/qsharp_grover.qs,72,262,],operator
With_import/Grover/qsharp_grover.qs,73,263,",",operator
With_import/Grover/qsharp_grover.qs,74,265,q,operand
With_import/Grover/qsharp_grover.qs,75,266,[,operator
With_import/Grover/qsharp_grover.qs,76,267,1,operand
With_import/Grover/qsharp_grover.qs,77,268,],operator
With_import/Grover/qsharp_grover.qs,78,269,],operator
With_import/Grover/qsharp_grover.qs,79,270,",",operator
With_import/Grover/qsharp_grover.qs,80,272,q,operand
With_import/Grover/qsharp_grover.qs,81,273,[,operator
With_import/Grover/qsharp_grover.qs,82,274,2,operand
With_import/Grover/qsharp_grover.qs,83,275,],operator
With_import/Grover/qsharp_grover.qs,84,276,),operator
With_import/Grover/qsharp_grover.qs,85,277,;,operator
With_import/Grover/qsharp_grover.qs,86,287,H,operator
With_import/Grover/qsharp_grover.qs,87,288,(,operator
With_import/Grover/qsharp_grover.qs,88,289,q,operand
With_import/Grover/qsharp_grover.qs,89,290,[,operator
With_import/Grover/qsharp_grover.qs,90,291,0,operand
With_import/Grover/qsharp_grover.qs,91,292,],operator
With_import/Grover/qsharp_grover.qs,92,293,),operator
With_import/Grover/qsharp_grover.qs,93,294,;,operator
With_import/Grover/qsharp_grover.qs,94,296,H,operator
With_import/Grover/qsharp_grover.qs,95,297,(,operator
With_import/Grover/qsharp_grover.qs,96,298,q,operand
With_import/Grover/qsharp_grover.qs,97,299,[,operator
With_import/Grover/qsharp_grover.qs,98,300,1,operand
With_import/Grover/qsharp_grover.qs,99,301,],operator
With_import/Grover/qsharp_grover.qs,100,302,),operator
With_import/Grover/qsharp_grover.qs,101,303,;,operator
With_import/Grover/qsharp_grover.qs,102,305,H,operator
With_import/Grover/qsharp_grover.qs,103,306,(,operator
With_import/Grover/qsharp_grover.qs,104,307,q,operand
With_import/Grover/qsharp_grover.qs,105,308,[,operator
With_import/Grover/qsharp_grover.qs,106,309,2,operand
With_import/Grover/qsharp_grover.qs,107,310,],operator
With_import/Grover/qsharp_grover.qs,108,311,),operator
With_import/Grover/qsharp_grover.qs,109,312,;,operator
With_import/Grover/qsharp_grover.qs,110,322,X,operator
With_import/Grover/qsharp_grover.qs,111,323,(,operator
With_import/Grover/qsharp_grover.qs,112,324,q,operand
With_import/Grover/qsharp_grover.qs,113,325,[,operator
With_import/Grover/qsharp_grover.qs,114,326,0,operand
With_import/Grover/qsharp_grover.qs,115,327,],operator
With_import/Grover/qsharp_grover.qs,116,328,),operator
With_import/Grover/qsharp_grover.qs,117,329,;,operator
With_import/Grover/qsharp_grover.qs,118,331,X,operator
With_import/Grover/qsharp_grover.qs,119,332,(,operator
With_import/Grover/qsharp_grover.qs,120,333,q,operand
With_import/Grover/qsharp_grover.qs,121,334,[,operator
With_import/Grover/qsharp_grover.qs,122,335,1,operand
With_import/Grover/qsharp_grover.qs,123,336,],operator
With_import/Grover/qsharp_grover.qs,124,337,),operator
With_import/Grover/qsharp_grover.qs,125,338,;,operator
With_import/Grover/qsharp_grover.qs,126,340,X,operator
With_import/Grover/qsharp_grover.qs,127,341,(,operator
With_import/Grover/qsharp_grover.qs,128,342,q,operand
With_import/Grover/qsharp_grover.qs,129,343,[,operator
With_import/Grover/qsharp_grover.qs,130,344,2,operand
With_import/Grover/qsharp_grover.qs,131,345,],operator
With_import/Grover/qsharp_grover.qs,132,346,),operator
With_import/Grover/qsharp_grover.qs,133,347,;,operator
With_import/Grover/qsharp_grover.qs,134,357,Controlled,operator
With_import/Grover/qsharp_grover.qs,135,368,Z,operator
With_import/Grover/qsharp_grover.qs,136,369,(,operator
With_import/Grover/qsharp_grover.qs,137,370,[,operator
With_import/Grover/qsharp_grover.qs,138,371,q,operand
With_import/Grover/qsharp_grover.qs,139,372,[,operator
With_import/Grover/qsharp_grover.qs,140,373,0,operand
With_import/Grover/qsharp_grover.qs,141,374,],operator
With_import/Grover/qsharp_grover.qs,142,375,",",operator
With_import/Grover/qsharp_grover.qs,143,377,q,operand
With_import/Grover/qsharp_grover.qs,144,378,[,operator
With_import/Grover/qsharp_grover.qs,145,379,1,operand
With_import/Grover/qsharp_grover.qs,146,380,],operator
With_import/Grover/qsharp_grover.qs,147,381,],operator
With_import/Grover/qsharp_grover.qs,148,382,",",operator
With_import/Grover/qsharp_grover.qs,149,384,q,operand
With_import/Grover/qsharp_grover.qs,150,385,[,operator
With_import/Grover/qsharp_grover.qs,151,386,2,operand
With_import/Grover/qsharp_grover.qs,152,387,],operator
With_import/Grover/qsharp_grover.qs,153,388,),operator
With_import/Grover/qsharp_grover.qs,154,389,;,operator
With_import/Grover/qsharp_grover.qs,155,399,X,operator
With_import/Grover/qsharp_grover.qs,156,400,(,operator
With_import/Grover/qsharp_grover.qs,157,401,q,operand
With_import/Grover/qsharp_grover.qs,158,402,[,operator
With_import/Grover/qsharp_grover.qs,159,403,0,operand
With_import/Grover/qsharp_grover.qs,160,404,],operator
With_import/Grover/qsharp_grover.qs,161,405,),operator
With_import/Grover/qsharp_grover.qs,162,406,;,operator
With_import/Grover/qsharp_grover.qs,163,408,X,operator
With_import/Grover/qsharp_grover.qs,164,409,(,operator
With_import/Grover/qsharp_grover.qs,165,410,q,operand
With_import/Grover/qsharp_grover.qs,166,411,[,operator
With_import/Grover/qsharp_grover.qs,167,412,1,operand
With_import/Grover/qsharp_grover.qs,168,413,],operator
With_import/Grover/qsharp_grover.qs,169,414,),operator
With_import/Grover/qsharp_grover.qs,170,415,;,operator
With_import/Grover/qsharp_grover.qs,171,417,X,operator
With_import/Grover/qsharp_grover.qs,172,418,(,operator
With_import/Grover/qsharp_grover.qs,173,419,q,operand
With_import/Grover/qsharp_grover.qs,174,420,[,operator
With_import/Grover/qsharp_grover.qs,175,421,2,operand
With_import/Grover/qsharp_grover.qs,176,422,],operator
With_import/Grover/qsharp_grover.qs,177,423,),operator
With_import/Grover/qsharp_grover.qs,178,424,;,operator
With_import/Grover/qsharp_grover.qs,179,434,H,operator
With_import/Grover/qsharp_grover.qs,180,435,(,operator
With_import/Grover/qsharp_grover.qs,181,436,q,operand
With_import/Grover/qsharp_grover.qs,182,437,[,operator
With_import/Grover/qsharp_grover.qs,183,438,0,operand
With_import/Grover/qsharp_grover.qs,184,439,],operator
With_import/Grover/qsharp_grover.qs,185,440,),operator
With_import/Grover/qsharp_grover.qs,186,441,;,operator
With_import/Grover/qsharp_grover.qs,187,443,H,operator
With_import/Grover/qsharp_grover.qs,188,444,(,operator
With_import/Grover/qsharp_grover.qs,189,445,q,operand
With_import/Grover/qsharp_grover.qs,190,446,[,operator
With_import/Grover/qsharp_grover.qs,191,447,1,operand
With_import/Grover/qsharp_grover.qs,192,448,],operator
With_import/Grover/qsharp_grover.qs,193,449,),operator
With_import/Grover/qsharp_grover.qs,194,450,;,operator
With_import/Grover/qsharp_grover.qs,195,452,H,operator
With_import/Grover/qsharp_grover.qs,196,453,(,operator
With_import/Grover/qsharp_grover.qs,197,454,q,operand
With_import/Grover/qsharp_grover.qs,198,455,[,operator
With_import/Grover/qsharp_grover.qs,199,456,2,operand
With_import/Grover/qsharp_grover.qs,200,457,],operator
With_import/Grover/qsharp_grover.qs,201,458,),operator
With_import/Grover/qsharp_grover.qs,202,459,;,operator
With_import/Grover/qsharp_grover.qs,203,469,let,operator
With_import/Grover/qsharp_grover.qs,204,473,r0,operand
With_import/Grover/qsharp_grover.qs,205,476,=,operator
With_import/Grover/qsharp_grover.qs,206,478,M,operator
With_import/Grover/qsharp_grover.qs,207,479,(,operator
With_import/Grover/qsharp_grover.qs,208,480,q,operand
With_import/Grover/qsharp_grover.qs,209,481,[,operator
With_import/Grover/qsharp_grover.qs,210,482,0,operand
With_import/Grover/qsharp_grover.qs,211,483,],operator
With_import/Grover/qsharp_grover.qs,212,484,),operator
With_import/Grover/qsharp_grover.qs,213,485,;,operator
With_import/Grover/qsharp_grover.qs,214,495,let,operator
With_import/Grover/qsharp_grover.qs,215,499,r1,operand
With_import/Grover/qsharp_grover.qs,216,502,=,operator
With_import/Grover/qsharp_grover.qs,217,504,M,operator
With_import/Grover/qsharp_grover.qs,218,505,(,operator
With_import/Grover/qsharp_grover.qs,219,506,q,operand
With_import/Grover/qsharp_grover.qs,220,507,[,operator
With_import/Grover/qsharp_grover.qs,221,508,1,operand
With_import/Grover/qsharp_grover.qs,222,509,],operator
With_import/Grover/qsharp_grover.qs,223,510,),operator
With_import/Grover/qsharp_grover.qs,224,511,;,operator
With_import/Grover/qsharp_grover.qs,225,521,let,operator
With_import/Grover/qsharp_grover.qs,226,525,r2,operand
With_import/Grover/qsharp_grover.qs,227,528,=,operator
With_import/Grover/qsharp_grover.qs,228,530,M,operator
With_import/Grover/qsharp_grover.qs,229,531,(,operator
With_import/Grover/qsharp_grover.qs,230,532,q,operand
With_import/Grover/qsharp_grover.qs,231,533,[,operator
With_import/Grover/qsharp_grover.qs,232,534,2,operand
With_import/Grover/qsharp_grover.qs,233,535,],operator
With_import/Grover/qsharp_grover.qs,234,536,),operator
With_import/Grover/qsharp_grover.qs,235,537,;,operator
With_import/Grover/qsharp_grover.qs,236,547,ResetAll,operator
With_import/Grover/qsharp_grover.qs,237,555,(,operator
With_import/Grover/qsharp_grover.qs,238,556,q,operand
With_import/Grover/qsharp_grover.qs,239,557,),operator
With_import/Grover/qsharp_grover.qs,240,558,;,operator
With_import/Grover/qsharp_grover.qs,241,568,return,operator
With_import/Grover/qsharp_grover.qs,242,575,(,operator
With_import/Grover/qsharp_grover.qs,243,576,r0,operand
With_import/Grover/qsharp_grover.qs,244,578,",",operator
With_import/Grover/qsharp_grover.qs,245,580,r1,operand
With_import/Grover/qsharp_grover.qs,246,582,",",operator
With_import/Grover/qsharp_grover.qs,247,584,r2,operand
With_import/Grover/qsharp_grover.qs,248,586,),operator
With_import/Grover/qsharp_grover.qs,249,587,;,operator
With_import/Grover/qsharp_grover.qs,250,593,},ignored
With_import/Grover/qsharp_grover.qs,251,595,},ignored
With_import/P_ansatz/cirq_ansatz.py,0,0,import,operand
With_import/P_ansatz/cirq_ansatz.py,1,7,cirq,operand
With_import/P_ansatz/cirq_ansatz.py,2,12,import,operand
With_import/P_ansatz/cirq_ansatz.py,3,19,sympy,operand
With_import/P_ansatz/cirq_ansatz.py,4,25,theta,operand
With_import/P_ansatz/cirq_ansatz.py,5,31,=,operator
With_import/P_ansatz/cirq_ansatz.py,6,33,sympy,operand
With_import/P_ansatz/cirq_ansatz.py,7,38,.,ignored
With_import/P_ansatz/cirq_ansatz.py,8,39,Symbol,operator
With_import/P_ansatz/cirq_ansatz.py,9,45,(,operator
With_import/P_ansatz/cirq_ansatz.py,10,46,'theta',operand
With_import/P_ansatz/cirq_ansatz.py,11,53,),operator
With_import/P_ansatz/cirq_ansatz.py,12,55,q,operand
With_import/P_ansatz/cirq_ansatz.py,13,57,=,operator
With_import/P_ansatz/cirq_ansatz.py,14,59,cirq,operand
With_import/P_ansatz/cirq_ansatz.py,15,63,.,ignored
With_import/P_ansatz/cirq_ansatz.py,16,64,LineQubit,operand
With_import/P_ansatz/cirq_ansatz.py,17,73,.,ignored
With_import/P_ansatz/cirq_ansatz.py,18,74,range,operator
With_import/P_ansatz/cirq_ansatz.py,19,79,(,operator
With_import/P_ansatz/cirq_ansatz.py,20,80,3,operand
With_import/P_ansatz/cirq_ansatz.py,21,81,),operator
With_import/P_ansatz/cirq_ansatz.py,22,83,circuit,operand
With_import/P_ansatz/cirq_ansatz.py,23,91,=,operator
With_import/P_ansatz/cirq_ansatz.py,24,93,cirq,operand
With_import/P_ansatz/cirq_ansatz.py,25,97,.,ignored
With_import/P_ansatz/cirq_ansatz.py,26,98,Circuit,operator
With_import/P_ansatz/cirq_ansatz.py,27,105,(,operator
With_import/P_ansatz/cirq_ansatz.py,28,106,),operator
With_import/P_ansatz/cirq_ansatz.py,29,108,circuit,operand
With_import/P_ansatz/cirq_ansatz.py,30,115,.,ignored
With_import/P_ansatz/cirq_ansatz.py,31,116,append,operator
With_import/P_ansatz/cirq_ansatz.py,32,122,(,operator
With_import/P_ansatz/cirq_ansatz.py,33,123,cirq,operand
With_import/P_ansatz/cirq_ansatz.py,34,127,.,ignored
With_import/P_ansatz/cirq_ansatz.py,35,128,ry,operator
With_import/P_ansatz/cirq_ansatz.py,36,130,(,operator
With_import/P_ansatz/cirq_ansatz.py,37,131,theta,operand
With_import/P_ansatz/cirq_ansatz.py,38,136,),operator
With_import/P_ansatz/cirq_ansatz.py,39,137,(,operator
With_import/P_ansatz/cirq_ansatz.py,40,138,q,operand
With_import/P_ansatz/cirq_ansatz.py,41,139,[,operator
With_import/P_ansatz/cirq_ansatz.py,42,140,0,operand
With_import/P_ansatz/cirq_ansatz.py,43,141,],operator
With_import/P_ansatz/cirq_ansatz.py,44,142,),operator
With_import/P_ansatz/cirq_ansatz.py,45,143,),operator
With_import/P_ansatz/cirq_ansatz.py,46,145,circuit,operand
With_import/P_ansatz/cirq_ansatz.py,47,152,.,ignored
With_import/P_ansatz/cirq_ansatz.py,48,153,append,operator
With_import/P_ansatz/cirq_ansatz.py,49,159,(,operator
With_import/P_ansatz/cirq_ansatz.py,50,160,cirq,operand
With_import/P_ansatz/cirq_ansatz.py,51,164,.,ignored
With_import/P_ansatz/cirq_ansatz.py,52,165,ry,operator
With_import/P_ansatz/cirq_ansatz.py,53,167,(,operator
With_import/P_ansatz/cirq_ansatz.py,54,168,theta,operand
With_import/P_ansatz/cirq_ansatz.py,55,173,),operator
With_import/P_ansatz/cirq_ansatz.py,56,174,(,operator
With_import/P_ansatz/cirq_ansatz.py,57,175,q,operand
With_import/P_ansatz/cirq_ansatz.py,58,176,[,operator
With_import/P_ansatz/cirq_ansatz.py,59,177,1,operand
With_import/P_ansatz/cirq_ansatz.py,60,178,],operator
With_import/P_ansatz/cirq_ansatz.py,61,179,),operator
With_import/P_ansatz/cirq_ansatz.py,62,180,),operator
With_import/P_ansatz/cirq_ansatz.py,63,182,circuit,operand
With_import/P_ansatz/cirq_ansatz.py,64,189,.,ignored
With_import/P_ansatz/cirq_ansatz.py,65,190,append,operator
With_import/P_ansatz/cirq_ansatz.py,66,196,(,operator
With_import/P_ansatz/cirq_ansatz.py,67,197,cirq,operand
With_import/P_ansatz/cirq_ansatz.py,68,201,.,ignored
With_import/P_ansatz/cirq_ansatz.py,69,202,ry,operator
With_import/P_ansatz/cirq_ansatz.py,70,204,(,operator
With_import/P_ansatz/cirq_ansatz.py,71,205,theta,operand
With_import/P_ansatz/cirq_ansatz.py,72,210,),operator
With_import/P_ansatz/cirq_ansatz.py,73,211,(,operator
With_import/P_ansatz/cirq_ansatz.py,74,212,q,operand
With_import/P_ansatz/cirq_ansatz.py,75,213,[,operator
With_import/P_ansatz/cirq_ansatz.py,76,214,2,operand
With_import/P_ansatz/cirq_ansatz.py,77,215,],operator
With_import/P_ansatz/cirq_ansatz.py,78,216,),operator
With_import/P_ansatz/cirq_ansatz.py,79,217,),operator
With_import/P_ansatz/cirq_ansatz.py,80,219,circuit,operand
With_import/P_ansatz/cirq_ansatz.py,81,226,.,ignored
With_import/P_ansatz/cirq_ansatz.py,82,227,append,operator
With_import/P_ansatz/cirq_ansatz.py,83,233,(,operator
With_import/P_ansatz/cirq_ansatz.py,84,234,cirq,operand
With_import/P_ansatz/cirq_ansatz.py,85,238,.,ignored
With_import/P_ansatz/cirq_ansatz.py,86,239,CNOT,operator
With_import/P_ansatz/cirq_ansatz.py,87,243,(,operator
With_import/P_ansatz/cirq_ansatz.py,88,244,q,operand
With_import/P_ansatz/cirq_ansatz.py,89,245,[,operator
With_import/P_ansatz/cirq_ansatz.py,90,246,0,operand
With_import/P_ansatz/cirq_ansatz.py,91,247,],operator
With_import/P_ansatz/cirq_ansatz.py,92,248,",",operator
With_import/P_ansatz/cirq_ansatz.py,93,250,q,operand
With_import/P_ansatz/cirq_ansatz.py,94,251,[,operator
With_import/P_ansatz/cirq_ansatz.py,95,252,1,operand
With_import/P_ansatz/cirq_ansatz.py,96,253,],operator
With_import/P_ansatz/cirq_ansatz.py,97,254,),operator
With_import/P_ansatz/cirq_ansatz.py,98,255,),operator
With_import/P_ansatz/cirq_ansatz.py,99,257,circuit,operand
With_import/P_ansatz/cirq_ansatz.py,100,264,.,ignored
With_import/P_ansatz/cirq_ansatz.py,101,265,append,operator
With_import/P_ansatz/cirq_ansatz.py,102,271,(,operator
With_import/P_ansatz/cirq_ansatz.py,103,272,cirq,operand
With_import/P_ansatz/cirq_ansatz.py,104,276,.,ignored
With_import/P_ansatz/cirq_ansatz.py,105,277,CNOT,operator
With_import/P_ansatz/cirq_ansatz.py,106,281,(,operator
With_import/P_ansatz/cirq_ansatz.py,107,282,q,operand
With_import/P_ansatz/cirq_ansatz.py,108,283,[,operator
With_import/P_ansatz/cirq_ansatz.py,109,284,1,operand
With_import/P_ansatz/cirq_ansatz.py,110,285,],operator
With_import/P_ansatz/cirq_ansatz.py,111,286,",",operator
With_import/P_ansatz/cirq_ansatz.py,112,288,q,operand
With_import/P_ansatz/cirq_ansatz.py,113,289,[,operator
With_import/P_ansatz/cirq_ansatz.py,114,290,2,operand
With_import/P_ansatz/cirq_ansatz.py,115,291,],operator
With_import/P_ansatz/cirq_ansatz.py,116,292,),operator
With_import/P_ansatz/cirq_ansatz.py,117,293,),operator
With_import/P_ansatz/cirq_ansatz.py,118,295,circuit,operand
With_import/P_ansatz/cirq_ansatz.py,119,302,.,ignored
With_import/P_ansatz/cirq_ansatz.py,120,303,append,operator
With_import/P_ansatz/cirq_ansatz.py,121,309,(,operator
With_import/P_ansatz/cirq_ansatz.py,122,310,cirq,operand
With_import/P_ansatz/cirq_ansatz.py,123,314,.,ignored
With_import/P_ansatz/cirq_ansatz.py,124,315,measure,operator
With_import/P_ansatz/cirq_ansatz.py,125,322,(,operator
With_import/P_ansatz/cirq_ansatz.py,126,323,q,operand
With_import/P_ansatz/cirq_ansatz.py,127,324,[,operator
With_import/P_ansatz/cirq_ansatz.py,128,325,0,operand
With_import/P_ansatz/cirq_ansatz.py,129,326,],operator
With_import/P_ansatz/cirq_ansatz.py,130,327,",",operator
With_import/P_ansatz/cirq_ansatz.py,131,329,key,operand
With_import/P_ansatz/cirq_ansatz.py,132,332,=,operator
With_import/P_ansatz/cirq_ansatz.py,133,333,'m0',operand
With_import/P_ansatz/cirq_ansatz.py,134,337,),operator
With_import/P_ansatz/cirq_ansatz.py,135,338,),operator
With_import/P_ansatz/cirq_ansatz.py,136,340,circuit,operand
With_import/P_ansatz/cirq_ansatz.py,137,347,.,ignored
With_import/P_ansatz/cirq_ansatz.py,138,348,append,operator
With_import/P_ansatz/cirq_ansatz.py,139,354,(,operator
With_import/P_ansatz/cirq_ansatz.py,140,355,cirq,operand
With_import/P_ansatz/cirq_ansatz.py,141,359,.,ignored
With_import/P_ansatz/cirq_ansatz.py,142,360,measure,operator
With_import/P_ansatz/cirq_ansatz.py,143,367,(,operator
With_import/P_ansatz/cirq_ansatz.py,144,368,q,operand
With_import/P_ansatz/cirq_ansatz.py,145,369,[,operator
With_import/P_ansatz/cirq_ansatz.py,146,370,1,operand
With_import/P_ansatz/cirq_ansatz.py,147,371,],operator
With_import/P_ansatz/cirq_ansatz.py,148,372,",",operator
With_import/P_ansatz/cirq_ansatz.py,149,374,key,operand
With_import/P_ansatz/cirq_ansatz.py,150,377,=,operator
With_import/P_ansatz/cirq_ansatz.py,151,378,'m1',operand
With_import/P_ansatz/cirq_ansatz.py,152,382,),operator
With_import/P_ansatz/cirq_ansatz.py,153,383,),operator
With_import/P_ansatz/cirq_ansatz.py,154,385,circuit,operand
With_import/P_ansatz/cirq_ansatz.py,155,392,.,ignored
With_import/P_ansatz/cirq_ansatz.py,156,393,append,operator
With_import/P_ansatz/cirq_ansatz.py,157,399,(,operator
With_import/P_ansatz/cirq_ansatz.py,158,400,cirq,operand
With_import/P_ansatz/cirq_ansatz.py,159,404,.,ignored
With_import/P_ansatz/cirq_ansatz.py,160,405,measure,operator
With_import/P_ansatz/cirq_ansatz.py,161,412,(,operator
With_import/P_ansatz/cirq_ansatz.py,162,413,q,operand
With_import/P_ansatz/cirq_ansatz.py,163,414,[,operator
With_import/P_ansatz/cirq_ansatz.py,164,415,2,operand
With_import/P_ansatz/cirq_ansatz.py,165,416,],operator
With_import/P_ansatz/cirq_ansatz.py,166,417,",",operator
With_import/P_ansatz/cirq_ansatz.py,167,419,key,operand
With_import/P_ansatz/cirq_ansatz.py,168,422,=,operator
With_import/P_ansatz/cirq_ansatz.py,169,423,'m2',operand
With_import/P_ansatz/cirq_ansatz.py,170,427,),operator
With_import/P_ansatz/cirq_ansatz.py,171,428,),operator
With_import/P_ansatz/pennylane_ansatz.py,0,0,import,operand
With_import/P_ansatz/pennylane_ansatz.py,1,7,pennylane,operand
With_import/P_ansatz/pennylane_ansatz.py,2,17,as,operand
With_import/P_ansatz/pennylane_ansatz.py,3,20,qml,operand
With_import/P_ansatz/pennylane_ansatz.py,4,24,dev,operand
With_import/P_ansatz/pennylane_ansatz.py,5,28,=,operator
With_import/P_ansatz/pennylane_ansatz.py,6,30,qml,operand
With_import/P_ansatz/pennylane_ansatz.py,7,33,.,ignored
With_import/P_ansatz/pennylane_ansatz.py,8,34,device,operator
With_import/P_ansatz/pennylane_ansatz.py,9,40,(,operator
With_import/P_ansatz/pennylane_ansatz.py,10,41,"""default.qubit""",operand
With_import/P_ansatz/pennylane_ansatz.py,11,56,",",operator
With_import/P_ansatz/pennylane_ansatz.py,12,58,wires,operand
With_import/P_ansatz/pennylane_ansatz.py,13,63,=,operator
With_import/P_ansatz/pennylane_ansatz.py,14,64,3,operand
With_import/P_ansatz/pennylane_ansatz.py,15,65,),operator
With_import/P_ansatz/pennylane_ansatz.py,16,67,@,operator
With_import/P_ansatz/pennylane_ansatz.py,17,68,qml,operand
With_import/P_ansatz/pennylane_ansatz.py,18,71,.,ignored
With_import/P_ansatz/pennylane_ansatz.py,19,72,qnode,operator
With_import/P_ansatz/pennylane_ansatz.py,20,77,(,operator
With_import/P_ansatz/pennylane_ansatz.py,21,78,dev,operand
With_import/P_ansatz/pennylane_ansatz.py,22,81,),operator
With_import/P_ansatz/pennylane_ansatz.py,23,83,def,operand
With_import/P_ansatz/pennylane_ansatz.py,24,87,ansatz,operator
With_import/P_ansatz/pennylane_ansatz.py,25,93,(,operator
With_import/P_ansatz/pennylane_ansatz.py,26,94,theta,operand
With_import/P_ansatz/pennylane_ansatz.py,27,99,),operator
With_import/P_ansatz/pennylane_ansatz.py,28,106,qml,operand
With_import/P_ansatz/pennylane_ansatz.py,29,109,.,ignored
With_import/P_ansatz/pennylane_ansatz.py,30,110,RY,operator
With_import/P_ansatz/pennylane_ansatz.py,31,112,(,operator
With_import/P_ansatz/pennylane_ansatz.py,32,113,theta,operand
With_import/P_ansatz/pennylane_ansatz.py,33,118,",",operator
With_import/P_ansatz/pennylane_ansatz.py,34,120,wires,operand
With_import/P_ansatz/pennylane_ansatz.py,35,125,=,operator
With_import/P_ansatz/pennylane_ansatz.py,36,126,0,operand
With_import/P_ansatz/pennylane_ansatz.py,37,127,),operator
With_import/P_ansatz/pennylane_ansatz.py,38,133,qml,operand
With_import/P_ansatz/pennylane_ansatz.py,39,136,.,ignored
With_import/P_ansatz/pennylane_ansatz.py,40,137,RY,operator
With_import/P_ansatz/pennylane_ansatz.py,41,139,(,operator
With_import/P_ansatz/pennylane_ansatz.py,42,140,theta,operand
With_import/P_ansatz/pennylane_ansatz.py,43,145,",",operator
With_import/P_ansatz/pennylane_ansatz.py,44,147,wires,operand
With_import/P_ansatz/pennylane_ansatz.py,45,152,=,operator
With_import/P_ansatz/pennylane_ansatz.py,46,153,1,operand
With_import/P_ansatz/pennylane_ansatz.py,47,154,),operator
With_import/P_ansatz/pennylane_ansatz.py,48,160,qml,operand
With_import/P_ansatz/pennylane_ansatz.py,49,163,.,ignored
With_import/P_ansatz/pennylane_ansatz.py,50,164,RY,operator
With_import/P_ansatz/pennylane_ansatz.py,51,166,(,operator
With_import/P_ansatz/pennylane_ansatz.py,52,167,theta,operand
With_import/P_ansatz/pennylane_ansatz.py,53,172,",",operator
With_import/P_ansatz/pennylane_ansatz.py,54,174,wires,operand
With_import/P_ansatz/pennylane_ansatz.py,55,179,=,operator
With_import/P_ansatz/pennylane_ansatz.py,56,180,2,operand
With_import/P_ansatz/pennylane_ansatz.py,57,181,),operator
With_import/P_ansatz/pennylane_ansatz.py,58,187,qml,operand
With_import/P_ansatz/pennylane_ansatz.py,59,190,.,ignored
With_import/P_ansatz/pennylane_ansatz.py,60,191,CNOT,operator
With_import/P_ansatz/pennylane_ansatz.py,61,195,(,operator
With_import/P_ansatz/pennylane_ansatz.py,62,196,wires,operand
With_import/P_ansatz/pennylane_ansatz.py,63,201,=,operator
With_import/P_ansatz/pennylane_ansatz.py,64,202,[,operator
With_import/P_ansatz/pennylane_ansatz.py,65,203,0,operand
With_import/P_ansatz/pennylane_ansatz.py,66,204,",",operator
With_import/P_ansatz/pennylane_ansatz.py,67,206,1,operand
With_import/P_ansatz/pennylane_ansatz.py,68,207,],operator
With_import/P_ansatz/pennylane_ansatz.py,69,208,),operator
With_import/P_ansatz/pennylane_ansatz.py,70,214,qml,operand
With_import/P_ansatz/pennylane_ansatz.py,71,217,.,ignored
With_import/P_ansatz/pennylane_ansatz.py,72,218,CNOT,operator
With_import/P_ansatz/pennylane_ansatz.py,73,222,(,operator
With_import/P_ansatz/pennylane_ansatz.py,74,223,wires,operand
With_import/P_ansatz/pennylane_ansatz.py,75,228,=,operator
With_import/P_ansatz/pennylane_ansatz.py,76,229,[,operator
With_import/P_ansatz/pennylane_ansatz.py,77,230,1,operand
With_import/P_ansatz/pennylane_ansatz.py,78,231,",",operator
With_import/P_ansatz/pennylane_ansatz.py,79,233,2,operand
With_import/P_ansatz/pennylane_ansatz.py,80,234,],operator
With_import/P_ansatz/pennylane_ansatz.py,81,235,),operator
With_import/P_ansatz/pennylane_ansatz.py,82,241,return,operator
With_import/P_ansatz/pennylane_ansatz.py,83,248,qml,operand
With_import/P_ansatz/pennylane_ansatz.py,84,251,.,ignored
With_import/P_ansatz/pennylane_ansatz.py,85,252,probs,operator
With_import/P_ansatz/pennylane_ansatz.py,86,257,(,operator
With_import/P_ansatz/pennylane_ansatz.py,87,258,wires,operand
With_import/P_ansatz/pennylane_ansatz.py,88,263,=,operator
With_import/P_ansatz/pennylane_ansatz.py,89,264,[,operator
With_import/P_ansatz/pennylane_ansatz.py,90,265,0,operand
With_import/P_ansatz/pennylane_ansatz.py,91,266,",",operator
With_import/P_ansatz/pennylane_ansatz.py,92,268,1,operand
With_import/P_ansatz/pennylane_ansatz.py,93,269,",",operator
With_import/P_ansatz/pennylane_ansatz.py,94,271,2,operand
With_import/P_ansatz/pennylane_ansatz.py,95,272,],operator
With_import/P_ansatz/pennylane_ansatz.py,96,273,),operator
With_import/P_ansatz/qiskit_ansatz.py,0,0,from,operand
With_import/P_ansatz/qiskit_ansatz.py,1,5,qiskit,operand
With_import/P_ansatz/qiskit_ansatz.py,2,12,import,operand
With_import/P_ansatz/qiskit_ansatz.py,3,19,QuantumCircuit,operand
With_import/P_ansatz/qiskit_ansatz.py,4,33,",",operator
With_import/P_ansatz/qiskit_ansatz.py,5,35,QuantumRegister,operand
With_import/P_ansatz/qiskit_ansatz.py,6,50,",",operator
With_import/P_ansatz/qiskit_ansatz.py,7,52,ClassicalRegister,operand
With_import/P_ansatz/qiskit_ansatz.py,8,70,from,operand
With_import/P_ansatz/qiskit_ansatz.py,9,75,qiskit,operand
With_import/P_ansatz/qiskit_ansatz.py,10,81,.,ignored
With_import/P_ansatz/qiskit_ansatz.py,11,82,circuit,operand
With_import/P_ansatz/qiskit_ansatz.py,12,90,import,operand
With_import/P_ansatz/qiskit_ansatz.py,13,97,Parameter,operand
With_import/P_ansatz/qiskit_ansatz.py,14,107,theta,operand
With_import/P_ansatz/qiskit_ansatz.py,15,113,=,operator
With_import/P_ansatz/qiskit_ansatz.py,16,115,Parameter,operator
With_import/P_ansatz/qiskit_ansatz.py,17,124,(,operator
With_import/P_ansatz/qiskit_ansatz.py,18,125,'θ',operand
With_import/P_ansatz/qiskit_ansatz.py,19,128,),operator
With_import/P_ansatz/qiskit_ansatz.py,20,130,qr,operand
With_import/P_ansatz/qiskit_ansatz.py,21,133,=,operator
With_import/P_ansatz/qiskit_ansatz.py,22,135,QuantumRegister,operator
With_import/P_ansatz/qiskit_ansatz.py,23,150,(,operator
With_import/P_ansatz/qiskit_ansatz.py,24,151,3,operand
With_import/P_ansatz/qiskit_ansatz.py,25,152,),operator
With_import/P_ansatz/qiskit_ansatz.py,26,154,cr,operand
With_import/P_ansatz/qiskit_ansatz.py,27,157,=,operator
With_import/P_ansatz/qiskit_ansatz.py,28,159,ClassicalRegister,operator
With_import/P_ansatz/qiskit_ansatz.py,29,176,(,operator
With_import/P_ansatz/qiskit_ansatz.py,30,177,3,operand
With_import/P_ansatz/qiskit_ansatz.py,31,178,),operator
With_import/P_ansatz/qiskit_ansatz.py,32,180,qc,operand
With_import/P_ansatz/qiskit_ansatz.py,33,183,=,operator
With_import/P_ansatz/qiskit_ansatz.py,34,185,QuantumCircuit,operator
With_import/P_ansatz/qiskit_ansatz.py,35,199,(,operator
With_import/P_ansatz/qiskit_ansatz.py,36,200,qr,operand
With_import/P_ansatz/qiskit_ansatz.py,37,202,",",operator
With_import/P_ansatz/qiskit_ansatz.py,38,204,cr,operand
With_import/P_ansatz/qiskit_ansatz.py,39,206,),operator
With_import/P_ansatz/qiskit_ansatz.py,40,208,qc,operand
With_import/P_ansatz/qiskit_ansatz.py,41,210,.,ignored
With_import/P_ansatz/qiskit_ansatz.py,42,211,ry,operator
With_import/P_ansatz/qiskit_ansatz.py,43,213,(,operator
With_import/P_ansatz/qiskit_ansatz.py,44,214,theta,operand
With_import/P_ansatz/qiskit_ansatz.py,45,219,",",operator
With_import/P_ansatz/qiskit_ansatz.py,46,221,qr,operand
With_import/P_ansatz/qiskit_ansatz.py,47,223,[,operator
With_import/P_ansatz/qiskit_ansatz.py,48,224,0,operand
With_import/P_ansatz/qiskit_ansatz.py,49,225,],operator
With_import/P_ansatz/qiskit_ansatz.py,50,226,),operator
With_import/P_ansatz/qiskit_ansatz.py,51,228,qc,operand
With_import/P_ansatz/qiskit_ansatz.py,52,230,.,ignored
With_import/P_ansatz/qiskit_ansatz.py,53,231,ry,operator
With_import/P_ansatz/qiskit_ansatz.py,54,233,(,operator
With_import/P_ansatz/qiskit_ansatz.py,55,234,theta,operand
With_import/P_ansatz/qiskit_ansatz.py,56,239,",",operator
With_import/P_ansatz/qiskit_ansatz.py,57,241,qr,operand
With_import/P_ansatz/qiskit_ansatz.py,58,243,[,operator
With_import/P_ansatz/qiskit_ansatz.py,59,244,1,operand
With_import/P_ansatz/qiskit_ansatz.py,60,245,],operator
With_import/P_ansatz/qiskit_ansatz.py,61,246,),operator
With_import/P_ansatz/qiskit_ansatz.py,62,248,qc,operand
With_import/P_ansatz/qiskit_ansatz.py,63,250,.,ignored
With_import/P_ansatz/qiskit_ansatz.py,64,251,ry,operator
With_import/P_ansatz/qiskit_ansatz.py,65,253,(,operator
With_import/P_ansatz/qiskit_ansatz.py,66,254,theta,operand
With_import/P_ansatz/qiskit_ansatz.py,67,259,",",operator
With_import/P_ansatz/qiskit_ansatz.py,68,261,qr,operand
With_import/P_ansatz/qiskit_ansatz.py,69,263,[,operator
With_import/P_ansatz/qiskit_ansatz.py,70,264,2,operand
With_import/P_ansatz/qiskit_ansatz.py,71,265,],operator
With_import/P_ansatz/qiskit_ansatz.py,72,266,),operator
With_import/P_ansatz/qiskit_ansatz.py,73,268,qc,operand
With_import/P_ansatz/qiskit_ansatz.py,74,270,.,ignored
With_import/P_ansatz/qiskit_ansatz.py,75,271,cx,operator
With_import/P_ansatz/qiskit_ansatz.py,76,273,(,operator
With_import/P_ansatz/qiskit_ansatz.py,77,274,qr,operand
With_import/P_ansatz/qiskit_ansatz.py,78,276,[,operator
With_import/P_ansatz/qiskit_ansatz.py,79,277,0,operand
With_import/P_ansatz/qiskit_ansatz.py,80,278,],operator
With_import/P_ansatz/qiskit_ansatz.py,81,279,",",operator
With_import/P_ansatz/qiskit_ansatz.py,82,281,qr,operand
With_import/P_ansatz/qiskit_ansatz.py,83,283,[,operator
With_import/P_ansatz/qiskit_ansatz.py,84,284,1,operand
With_import/P_ansatz/qiskit_ansatz.py,85,285,],operator
With_import/P_ansatz/qiskit_ansatz.py,86,286,),operator
With_import/P_ansatz/qiskit_ansatz.py,87,288,qc,operand
With_import/P_ansatz/qiskit_ansatz.py,88,290,.,ignored
With_import/P_ansatz/qiskit_ansatz.py,89,291,cx,operator
With_import/P_ansatz/qiskit_ansatz.py,90,293,(,operator
With_import/P_ansatz/qiskit_ansatz.py,91,294,qr,operand
With_import/P_ansatz/qiskit_ansatz.py,92,296,[,operator
With_import/P_ansatz/qiskit_ansatz.py,93,297,1,operand
With_import/P_ansatz/qiskit_ansatz.py,94,298,],operator
With_import/P_ansatz/qiskit_ansatz.py,95,299,",",operator
With_import/P_ansatz/qiskit_ansatz.py,96,301,qr,operand
With_import/P_ansatz/qiskit_ansatz.py,97,303,[,operator
With_import/P_ansatz/qiskit_ansatz.py,98,304,2,operand
With_import/P_ansatz/qiskit_ansatz.py,99,305,],operator
With_import/P_ansatz/qiskit_ansatz.py,100,306,),operator
With_import/P_ansatz/qiskit_ansatz.py,101,308,qc,operand
With_import/P_ansatz/qiskit_ansatz.py,102,310,.,ignored
With_import/P_ansatz/qiskit_ansatz.py,103,311,measure,operator
With_import/P_ansatz/qiskit_ansatz.py,104,318,(,operator
With_import/P_ansatz/qiskit_ansatz.py,105,319,qr,operand
With_import/P_ansatz/qiskit_ansatz.py,106,321,[,operator
With_import/P_ansatz/qiskit_ansatz.py,107,322,0,operand
With_import/P_ansatz/qiskit_ansatz.py,108,323,],operator
With_import/P_ansatz/qiskit_ansatz.py,109,324,",",operator
With_import/P_ansatz/qiskit_ansatz.py,110,326,cr,operand
With_import/P_ansatz/qiskit_ansatz.py,111,328,[,operator
With_import/P_ansatz/qiskit_ansatz.py,112,329,0,operand
With_import/P_ansatz/qiskit_ansatz.py,113,330,],operator
With_import/P_ansatz/qiskit_ansatz.py,114,331,),operator
With_import/P_ansatz/qiskit_ansatz.py,115,333,qc,operand
With_import/P_ansatz/qiskit_ansatz.py,116,335,.,ignored
With_import/P_ansatz/qiskit_ansatz.py,117,336,measure,operator
With_import/P_ansatz/qiskit_ansatz.py,118,343,(,operator
With_import/P_ansatz/qiskit_ansatz.py,119,344,qr,operand
With_import/P_ansatz/qiskit_ansatz.py,120,346,[,operator
With_import/P_ansatz/qiskit_ansatz.py,121,347,1,operand
With_import/P_ansatz/qiskit_ansatz.py,122,348,],operator
With_import/P_ansatz/qiskit_ansatz.py,123,349,",",operator
With_import/P_ansatz/qiskit_ansatz.py,124,351,cr,operand
With_import/P_ansatz/qiskit_ansatz.py,125,353,[,operator
With_import/P_ansatz/qiskit_ansatz.py,126,354,1,operand
With_import/P_ansatz/qiskit_ansatz.py,127,355,],operator
With_import/P_ansatz/qiskit_ansatz.py,128,356,),operator
With_import/P_ansatz/qiskit_ansatz.py,129,358,qc,operand
With_import/P_ansatz/qiskit_ansatz.py,130,360,.,ignored
With_import/P_ansatz/qiskit_ansatz.py,131,361,measure,operator
With_import/P_ansatz/qiskit_ansatz.py,132,368,(,operator
With_import/P_ansatz/qiskit_ansatz.py,133,369,qr,operand
With_import/P_ansatz/qiskit_ansatz.py,134,371,[,operator
With_import/P_ansatz/qiskit_ansatz.py,135,372,2,operand
With_import/P_ansatz/qiskit_ansatz.py,136,373,],operator
With_import/P_ansatz/qiskit_ansatz.py,137,374,",",operator
With_import/P_ansatz/qiskit_ansatz.py,138,376,cr,operand
With_import/P_ansatz/qiskit_ansatz.py,139,378,[,operator
With_import/P_ansatz/qiskit_ansatz.py,140,379,2,operand
With_import/P_ansatz/qiskit_ansatz.py,141,380,],operator
With_import/P_ansatz/qiskit_ansatz.py,142,381,),operator
With_import/P_ansatz/qsharp_ansatz.qs,0,0,namespace,operand
With_import/P_ansatz/qsharp_ansatz.qs,1,10,AnsatzResearch,operand
With_import/P_ansatz/qsharp_ansatz.qs,2,25,{,ignored
With_import/P_ansatz/qsharp_ansatz.qs,3,31,open,operand
With_import/P_ansatz/qsharp_ansatz.qs,4,36,Microsoft,operand
With_import/P_ansatz/qsharp_ansatz.qs,5,45,.,ignored
With_import/P_ansatz/qsharp_ansatz.qs,6,46,Quantum,operand
With_import/P_ansatz/qsharp_ansatz.qs,7,53,.,ignored
With_import/P_ansatz/qsharp_ansatz.qs,8,54,Intrinsic,operand
With_import/P_ansatz/qsharp_ansatz.qs,9,63,;,operator
With_import/P_ansatz/qsharp_ansatz.qs,10,69,open,operand
With_import/P_ansatz/qsharp_ansatz.qs,11,74,Microsoft,operand
With_import/P_ansatz/qsharp_ansatz.qs,12,83,.,ignored
With_import/P_ansatz/qsharp_ansatz.qs,13,84,Quantum,operand
With_import/P_ansatz/qsharp_ansatz.qs,14,91,.,ignored
With_import/P_ansatz/qsharp_ansatz.qs,15,92,Measurement,operand
With_import/P_ansatz/qsharp_ansatz.qs,16,103,;,operator
With_import/P_ansatz/qsharp_ansatz.qs,17,109,operation,operand
With_import/P_ansatz/qsharp_ansatz.qs,18,119,Ansatz,operator
With_import/P_ansatz/qsharp_ansatz.qs,19,125,(,operator
With_import/P_ansatz/qsharp_ansatz.qs,20,126,theta,operand
With_import/P_ansatz/qsharp_ansatz.qs,21,134,Double,operand
With_import/P_ansatz/qsharp_ansatz.qs,22,140,),operator
With_import/P_ansatz/qsharp_ansatz.qs,23,144,(,operator
With_import/P_ansatz/qsharp_ansatz.qs,24,145,Result,operand
With_import/P_ansatz/qsharp_ansatz.qs,25,151,",",operator
With_import/P_ansatz/qsharp_ansatz.qs,26,153,Result,operand
With_import/P_ansatz/qsharp_ansatz.qs,27,159,",",operator
With_import/P_ansatz/qsharp_ansatz.qs,28,161,Result,operand
With_import/P_ansatz/qsharp_ansatz.qs,29,167,),operator
With_import/P_ansatz/qsharp_ansatz.qs,30,169,{,ignored
With_import/P_ansatz/qsharp_ansatz.qs,31,179,use,operator
With_import/P_ansatz/qsharp_ansatz.qs,32,183,q,operand
With_import/P_ansatz/qsharp_ansatz.qs,33,185,=,operator
With_import/P_ansatz/qsharp_ansatz.qs,34,187,Qubit,operand
With_import/P_ansatz/qsharp_ansatz.qs,35,192,[,operator
With_import/P_ansatz/qsharp_ansatz.qs,36,193,3,operand
With_import/P_ansatz/qsharp_ansatz.qs,37,194,],operator
With_import/P_ansatz/qsharp_ansatz.qs,38,195,;,operator
With_import/P_ansatz/qsharp_ansatz.qs,39,205,Ry,operator
With_import/P_ansatz/qsharp_ansatz.qs,40,207,(,operator
With_import/P_ansatz/qsharp_ansatz.qs,41,208,theta,operand
With_import/P_ansatz/qsharp_ansatz.qs,42,213,",",operator
With_import/P_ansatz/qsharp_ansatz.qs,43,215,q,operand
With_import/P_ansatz/qsharp_ansatz.qs,44,216,[,operator
With_import/P_ansatz/qsharp_ansatz.qs,45,217,0,operand
With_import/P_ansatz/qsharp_ansatz.qs,46,218,],operator
With_import/P_ansatz/qsharp_ansatz.qs,47,219,),operator
With_import/P_ansatz/qsharp_ansatz.qs,48,220,;,operator
With_import/P_ansatz/qsharp_ansatz.qs,49,230,Ry,operator
With_import/P_ansatz/qsharp_ansatz.qs,50,232,(,operator
With_import/P_ansatz/qsharp_ansatz.qs,51,233,theta,operand
With_import/P_ansatz/qsharp_ansatz.qs,52,238,",",operator
With_import/P_ansatz/qsharp_ansatz.qs,53,240,q,operand
With_import/P_ansatz/qsharp_ansatz.qs,54,241,[,operator
With_import/P_ansatz/qsharp_ansatz.qs,55,242,1,operand
With_import/P_ansatz/qsharp_ansatz.qs,56,243,],operator
With_import/P_ansatz/qsharp_ansatz.qs,57,244,),operator
With_import/P_ansatz/qsharp_ansatz.qs,58,245,;,operator
With_import/P_ansatz/qsharp_ansatz.qs,59,255,Ry,operator
With_import/P_ansatz/qsharp_ansatz.qs,60,257,(,operator
With_import/P_ansatz/qsharp_ansatz.qs,61,258,theta,operand
With_import/P_ansatz/qsharp_ansatz.qs,62,263,",",operator
With_import/P_ansatz/qsharp_ansatz.qs,63,265,q,operand
With_import/P_ansatz/qsharp_ansatz.qs,64,266,[,operator
With_import/P_ansatz/qsharp_ansatz.qs,65,267,2,operand
With_import/P_ansatz/qsharp_ansatz.qs,66,268,],operator
With_import/P_ansatz/qsharp_ansatz.qs,67,269,),operator
With_import/P_ansatz/qsharp_ansatz.qs,68,270,;,operator
With_import/P_ansatz/qsharp_ansatz.qs,69,280,CNOT,operator
With_import/P_ansatz/qsharp_ansatz.qs,70,284,(,operator
With_import/P_ansatz/qsharp_ansatz.qs,71,285,q,operand
With_import/P_ansatz/qsharp_ansatz.qs,72,286,[,operator
With_import/P_ansatz/qsharp_ansatz.qs,73,287,0,operand
With_import/P_ansatz/qsharp_ansatz.qs,74,288,],operator
With_import/P_ansatz/qsharp_ansatz.qs,75,289,",",operator
With_import/P_ansatz/qsharp_ansatz.qs,76,291,q,operand
With_import/P_ansatz/qsharp_ansatz.qs,77,292,[,operator
With_import/P_ansatz/qsharp_ansatz.qs,78,293,1,operand
With_import/P_ansatz/qsharp_ansatz.qs,79,294,],operator
With_import/P_ansatz/qsharp_ansatz.qs,80,295,),operator
With_import/P_ansatz/qsharp_ansatz.qs,81,296,;,operator
With_import/P_ansatz/qsharp_ansatz.qs,82,306,CNOT,operator
With_import/P_ansatz/qsharp_ansatz.qs,83,310,(,operator
With_import/P_ansatz/qsharp_ansatz.qs,84,311,q,operand
With_import/P_ansatz/qsharp_ansatz.qs,85,312,[,operator
With_import/P_ansatz/qsharp_ansatz.qs,86,313,1,operand
With_import/P_ansatz/qsharp_ansatz.qs,87,314,],operator
With_import/P_ansatz/qsharp_ansatz.qs,88,315,",",operator
With_import/P_ansatz/qsharp_ansatz.qs,89,317,q,operand
With_import/P_ansatz/qsharp_ansatz.qs,90,318,[,operator
With_import/P_ansatz/qsharp_ansatz.qs,91,319,2,operand
With_import/P_ansatz/qsharp_ansatz.qs,92,320,],operator
With_import/P_ansatz/qsharp_ansatz.qs,93,321,),operator
With_import/P_ansatz/qsharp_ansatz.qs,94,322,;,operator
With_import/P_ansatz/qsharp_ansatz.qs,95,332,let,operator
With_import/P_ansatz/qsharp_ansatz.qs,96,336,r0,operand
With_import/P_ansatz/qsharp_ansatz.qs,97,339,=,operator
With_import/P_ansatz/qsharp_ansatz.qs,98,341,M,operator
With_import/P_ansatz/qsharp_ansatz.qs,99,342,(,operator
With_import/P_ansatz/qsharp_ansatz.qs,100,343,q,operand
With_import/P_ansatz/qsharp_ansatz.qs,101,344,[,operator
With_import/P_ansatz/qsharp_ansatz.qs,102,345,0,operand
With_import/P_ansatz/qsharp_ansatz.qs,103,346,],operator
With_import/P_ansatz/qsharp_ansatz.qs,104,347,),operator
With_import/P_ansatz/qsharp_ansatz.qs,105,348,;,operator
With_import/P_ansatz/qsharp_ansatz.qs,106,358,let,operator
With_import/P_ansatz/qsharp_ansatz.qs,107,362,r1,operand
With_import/P_ansatz/qsharp_ansatz.qs,108,365,=,operator
With_import/P_ansatz/qsharp_ansatz.qs,109,367,M,operator
With_import/P_ansatz/qsharp_ansatz.qs,110,368,(,operator
With_import/P_ansatz/qsharp_ansatz.qs,111,369,q,operand
With_import/P_ansatz/qsharp_ansatz.qs,112,370,[,operator
With_import/P_ansatz/qsharp_ansatz.qs,113,371,1,operand
With_import/P_ansatz/qsharp_ansatz.qs,114,372,],operator
With_import/P_ansatz/qsharp_ansatz.qs,115,373,),operator
With_import/P_ansatz/qsharp_ansatz.qs,116,374,;,operator
With_import/P_ansatz/qsharp_ansatz.qs,117,384,let,operator
With_import/P_ansatz/qsharp_ansatz.qs,118,388,r2,operand
With_import/P_ansatz/qsharp_ansatz.qs,119,391,=,operator
With_import/P_ansatz/qsharp_ansatz.qs,120,393,M,operator
With_import/P_ansatz/qsharp_ansatz.qs,121,394,(,operator
With_import/P_ansatz/qsharp_ansatz.qs,122,395,q,operand
With_import/P_ansatz/qsharp_ansatz.qs,123,396,[,operator
With_import/P_ansatz/qsharp_ansatz.qs,124,397,2,operand
With_import/P_ansatz/qsharp_ansatz.qs,125,398,],operator
With_import/P_ansatz/qsharp_ansatz.qs,126,399,),operator
With_import/P_ansatz/qsharp_ansatz.qs,127,400,;,operator
With_import/P_ansatz/qsharp_ansatz.qs,128,410,ResetAll,operator
With_import/P_ansatz/qsharp_ansatz.qs,129,418,(,operator
With_import/P_ansatz/qsharp_ansatz.qs,130,419,q,operand
With_import/P_ansatz/qsharp_ansatz.qs,131,420,),operator
With_import/P_ansatz/qsharp_ansatz.qs,132,421,;,operator
With_import/P_ansatz/qsharp_ansatz.qs,133,431,return,operator
With_import/P_ansatz/qsharp_ansatz.qs,134,438,(,operator
With_import/P_ansatz/qsharp_ansatz.qs,135,439,r0,operand
With_import/P_ansatz/qsharp_ansatz.qs,136,441,",",operator
With_import/P_ansatz/qsharp_ansatz.qs,137,443,r1,operand
With_import/P_ansatz/qsharp_ansatz.qs,138,445,",",operator
With_import/P_ansatz/qsharp_ansatz.qs,139,447,r2,operand
With_import/P_ansatz/qsharp_ansatz.qs,140,449,),operator
With_import/P_ansatz/qsharp_ansatz.qs,141,450,;,operator
With_import/P_ansatz/qsharp_ansatz.qs,142,456,},ignored
With_import/P_ansatz/qsharp_ansatz.qs,143,458,},ignored
With_import/qaoa/cirq_qaoa.py,0,0,import,operand
With_import/qaoa/cirq_qaoa.py,1,7,cirq,operand
With_import/qaoa/cirq_qaoa.py,2,12,import,operand
With_import/qaoa/cirq_qaoa.py,3,19,sympy,operand
With_import/qaoa/cirq_qaoa.py,4,25,import,operand
With_import/qaoa/cirq_qaoa.py,5,32,numpy,operand
With_import/qaoa/cirq_qaoa.py,6,38,as,operand
With_import/qaoa/cirq_qaoa.py,7,41,np,operand
With_import/qaoa/cirq_qaoa.py,8,44,gamma,operand
With_import/qaoa/cirq_qaoa.py,9,50,=,operator
With_import/qaoa/cirq_qaoa.py,10,52,sympy,operand
With_import/qaoa/cirq_qaoa.py,11,57,.,ignored
With_import/qaoa/cirq_qaoa.py,12,58,Symbol,operator
With_import/qaoa/cirq_qaoa.py,13,64,(,operator
With_import/qaoa/cirq_qaoa.py,14,65,'gamma',operand
With_import/qaoa/cirq_qaoa.py,15,72,),operator
With_import/qaoa/cirq_qaoa.py,16,74,beta,operand
With_import/qaoa/cirq_qaoa.py,17,79,=,operator
With_import/qaoa/cirq_qaoa.py,18,81,sympy,operand
With_import/qaoa/cirq_qaoa.py,19,86,.,ignored
With_import/qaoa/cirq_qaoa.py,20,87,Symbol,operator
With_import/qaoa/cirq_qaoa.py,21,93,(,operator
With_import/qaoa/cirq_qaoa.py,22,94,'beta',operand
With_import/qaoa/cirq_qaoa.py,23,100,),operator
With_import/qaoa/cirq_qaoa.py,24,102,q,operand
With_import/qaoa/cirq_qaoa.py,25,104,=,operator
With_import/qaoa/cirq_qaoa.py,26,106,cirq,operand
With_import/qaoa/cirq_qaoa.py,27,110,.,ignored
With_import/qaoa/cirq_qaoa.py,28,111,LineQubit,operand
With_import/qaoa/cirq_qaoa.py,29,120,.,ignored
With_import/qaoa/cirq_qaoa.py,30,121,range,operator
With_import/qaoa/cirq_qaoa.py,31,126,(,operator
With_import/qaoa/cirq_qaoa.py,32,127,3,operand
With_import/qaoa/cirq_qaoa.py,33,128,),operator
With_import/qaoa/cirq_qaoa.py,34,130,circuit,operand
With_import/qaoa/cirq_qaoa.py,35,138,=,operator
With_import/qaoa/cirq_qaoa.py,36,140,cirq,operand
With_import/qaoa/cirq_qaoa.py,37,144,.,ignored
With_import/qaoa/cirq_qaoa.py,38,145,Circuit,operator
With_import/qaoa/cirq_qaoa.py,39,152,(,operator
With_import/qaoa/cirq_qaoa.py,40,153,),operator
With_import/qaoa/cirq_qaoa.py,41,155,for,operator
With_import/qaoa/cirq_qaoa.py,42,159,i,operand
With_import/qaoa/cirq_qaoa.py,43,161,in,operator
With_import/qaoa/cirq_qaoa.py,44,164,range,operator
With_import/qaoa/cirq_qaoa.py,45,169,(,operator
With_import/qaoa/cirq_qaoa.py,46,170,3,operand
With_import/qaoa/cirq_qaoa.py,47,171,),operator
With_import/qaoa/cirq_qaoa.py,48,178,circuit,operand
With_import/qaoa/cirq_qaoa.py,49,185,.,ignored
With_import/qaoa/cirq_qaoa.py,50,186,append,operator
With_import/qaoa/cirq_qaoa.py,51,192,(,operator
With_import/qaoa/cirq_qaoa.py,52,193,cirq,operand
With_import/qaoa/cirq_qaoa.py,53,197,.,ignored
With_import/qaoa/cirq_qaoa.py,54,198,H,operator
With_import/qaoa/cirq_qaoa.py,55,199,(,operator
With_import/qaoa/cirq_qaoa.py,56,200,q,operand
With_import/qaoa/cirq_qaoa.py,57,201,[,operator
With_import/qaoa/cirq_qaoa.py,58,202,i,operand
With_import/qaoa/cirq_qaoa.py,59,203,],operator
With_import/qaoa/cirq_qaoa.py,60,204,),operator
With_import/qaoa/cirq_qaoa.py,61,205,),operator
With_import/qaoa/cirq_qaoa.py,62,207,for,operator
With_import/qaoa/cirq_qaoa.py,63,211,i,operand
With_import/qaoa/cirq_qaoa.py,64,213,in,operator
With_import/qaoa/cirq_qaoa.py,65,216,range,operator
With_import/qaoa/cirq_qaoa.py,66,221,(,operator
With_import/qaoa/cirq_qaoa.py,67,222,2,operand
With_import/qaoa/cirq_qaoa.py,68,223,),operator
With_import/qaoa/cirq_qaoa.py,69,230,circuit,operand
With_import/qaoa/cirq_qaoa.py,70,237,.,ignored
With_import/qaoa/cirq_qaoa.py,71,238,append,operator
With_import/qaoa/cirq_qaoa.py,72,244,(,operator
With_import/qaoa/cirq_qaoa.py,73,245,cirq,operand
With_import/qaoa/cirq_qaoa.py,74,249,.,ignored
With_import/qaoa/cirq_qaoa.py,75,250,ZZPowGate,operator
With_import/qaoa/cirq_qaoa.py,76,259,(,operator
With_import/qaoa/cirq_qaoa.py,77,260,exponent,operand
With_import/qaoa/cirq_qaoa.py,78,268,=,operator
With_import/qaoa/cirq_qaoa.py,79,269,2,operand
With_import/qaoa/cirq_qaoa.py,80,270,*,operator
With_import/qaoa/cirq_qaoa.py,81,271,gamma,operand
With_import/qaoa/cirq_qaoa.py,82,276,/,operator
With_import/qaoa/cirq_qaoa.py,83,277,np,operand
With_import/qaoa/cirq_qaoa.py,84,279,.,ignored
With_import/qaoa/cirq_qaoa.py,85,280,pi,operand
With_import/qaoa/cirq_qaoa.py,86,282,),operator
With_import/qaoa/cirq_qaoa.py,87,283,(,operator
With_import/qaoa/cirq_qaoa.py,88,284,q,operand
With_import/qaoa/cirq_qaoa.py,89,285,[,operator
With_import/qaoa/cirq_qaoa.py,90,286,i,operand
With_import/qaoa/cirq_qaoa.py,91,287,],operator
With_import/qaoa/cirq_qaoa.py,92,288,",",operator
With_import/qaoa/cirq_qaoa.py,93,290,q,operand
With_import/qaoa/cirq_qaoa.py,94,291,[,operator
With_import/qaoa/cirq_qaoa.py,95,292,i,operand
With_import/qaoa/cirq_qaoa.py,96,293,+,operator
With_import/qaoa/cirq_qaoa.py,97,294,1,operand
With_import/qaoa/cirq_qaoa.py,98,295,],operator
With_import/qaoa/cirq_qaoa.py,99,296,),operator
With_import/qaoa/cirq_qaoa.py,100,297,),operator
With_import/qaoa/cirq_qaoa.py,101,299,for,operator
With_import/qaoa/cirq_qaoa.py,102,303,i,operand
With_import/qaoa/cirq_qaoa.py,103,305,in,operator
With_import/qaoa/cirq_qaoa.py,104,308,range,operator
With_import/qaoa/cirq_qaoa.py,105,313,(,operator
With_import/qaoa/cirq_qaoa.py,106,314,3,operand
With_import/qaoa/cirq_qaoa.py,107,315,),operator
With_import/qaoa/cirq_qaoa.py,108,322,circuit,operand
With_import/qaoa/cirq_qaoa.py,109,329,.,ignored
With_import/qaoa/cirq_qaoa.py,110,330,append,operator
With_import/qaoa/cirq_qaoa.py,111,336,(,operator
With_import/qaoa/cirq_qaoa.py,112,337,cirq,operand
With_import/qaoa/cirq_qaoa.py,113,341,.,ignored
With_import/qaoa/cirq_qaoa.py,114,342,rx,operator
With_import/qaoa/cirq_qaoa.py,115,344,(,operator
With_import/qaoa/cirq_qaoa.py,116,345,2,operand
With_import/qaoa/cirq_qaoa.py,117,347,*,operator
With_import/qaoa/cirq_qaoa.py,118,349,beta,operand
With_import/qaoa/cirq_qaoa.py,119,353,),operator
With_import/qaoa/cirq_qaoa.py,120,354,(,operator
With_import/qaoa/cirq_qaoa.py,121,355,q,operand
With_import/qaoa/cirq_qaoa.py,122,356,[,operator
With_import/qaoa/cirq_qaoa.py,123,357,i,operand
With_import/qaoa/cirq_qaoa.py,124,358,],operator
With_import/qaoa/cirq_qaoa.py,125,359,),operator
With_import/qaoa/cirq_qaoa.py,126,360,),operator
With_import/qaoa/cirq_qaoa.py,127,362,for,operator
With_import/qaoa/cirq_qaoa.py,128,366,i,operand
With_import/qaoa/cirq_qaoa.py,129,368,in,operator
With_import/qaoa/cirq_qaoa.py,130,371,range,operator
With_import/qaoa/cirq_qaoa.py,131,376,(,operator
With_import/qaoa/cirq_qaoa.py,132,377,3,operand
With_import/qaoa/cirq_qaoa.py,133,378,),operator
With_import/qaoa/cirq_qaoa.py,134,385,circuit,operand
With_import/qaoa/cirq_qaoa.py,135,392,.,ignored
With_import/qaoa/cirq_qaoa.py,136,393,append,operator
With_import/qaoa/cirq_qaoa.py,137,399,(,operator
With_import/qaoa/cirq_qaoa.py,138,400,cirq,operand
With_import/qaoa/cirq_qaoa.py,139,404,.,ignored
With_import/qaoa/cirq_qaoa.py,140,405,measure,operator
With_import/qaoa/cirq_qaoa.py,141,412,(,operator
With_import/qaoa/cirq_qaoa.py,142,413,q,operand
With_import/qaoa/cirq_qaoa.py,143,414,[,operator
With_import/qaoa/cirq_qaoa.py,144,415,i,operand
With_import/qaoa/cirq_qaoa.py,145,416,],operator
With_import/qaoa/cirq_qaoa.py,146,417,",",operator
With_import/qaoa/cirq_qaoa.py,147,419,key,operand
With_import/qaoa/cirq_qaoa.py,148,422,=,operator
With_import/qaoa/cirq_qaoa.py,149,423,f,operand
With_import/qaoa/cirq_qaoa.py,150,424,'m{i}',operand
With_import/qaoa/cirq_qaoa.py,151,430,),operator
With_import/qaoa/cirq_qaoa.py,152,431,),operator
With_import/qaoa/pennylane_qaoa.py,0,0,import,operand
With_import/qaoa/pennylane_qaoa.py,1,7,pennylane,operand
With_import/qaoa/pennylane_qaoa.py,2,17,as,operand
With_import/qaoa/pennylane_qaoa.py,3,20,qml,operand
With_import/qaoa/pennylane_qaoa.py,4,24,dev,operand
With_import/qaoa/pennylane_qaoa.py,5,28,=,operator
With_import/qaoa/pennylane_qaoa.py,6,30,qml,operand
With_import/qaoa/pennylane_qaoa.py,7,33,.,ignored
With_import/qaoa/pennylane_qaoa.py,8,34,device,operator
With_import/qaoa/pennylane_qaoa.py,9,40,(,operator
With_import/qaoa/pennylane_qaoa.py,10,41,"""default.qubit""",operand
With_import/qaoa/pennylane_qaoa.py,11,56,",",operator
With_import/qaoa/pennylane_qaoa.py,12,58,wires,operand
With_import/qaoa/pennylane_qaoa.py,13,63,=,operator
With_import/qaoa/pennylane_qaoa.py,14,64,3,operand
With_import/qaoa/pennylane_qaoa.py,15,65,),operator
With_import/qaoa/pennylane_qaoa.py,16,67,@,operator
With_import/qaoa/pennylane_qaoa.py,17,68,qml,operand
With_import/qaoa/pennylane_qaoa.py,18,71,.,ignored
With_import/qaoa/pennylane_qaoa.py,19,72,qnode,operator
With_import/qaoa/pennylane_qaoa.py,20,77,(,operator
With_import/qaoa/pennylane_qaoa.py,21,78,dev,operand
With_import/qaoa/pennylane_qaoa.py,22,81,),operator
With_import/qaoa/pennylane_qaoa.py,23,83,def,operand
With_import/qaoa/pennylane_qaoa.py,24,87,qaoa_layer,operator
With_import/qaoa/pennylane_qaoa.py,25,97,(,operator
With_import/qaoa/pennylane_qaoa.py,26,98,gamma,operand
With_import/qaoa/pennylane_qaoa.py,27,103,",",operator
With_import/qaoa/pennylane_qaoa.py,28,105,beta,operand
With_import/qaoa/pennylane_qaoa.py,29,109,),operator
With_import/qaoa/pennylane_qaoa.py,30,116,for,operator
With_import/qaoa/pennylane_qaoa.py,31,120,i,operand
With_import/qaoa/pennylane_qaoa.py,32,122,in,operator
With_import/qaoa/pennylane_qaoa.py,33,125,range,operator
With_import/qaoa/pennylane_qaoa.py,34,130,(,operator
With_import/qaoa/pennylane_qaoa.py,35,131,3,operand
With_import/qaoa/pennylane_qaoa.py,36,132,),operator
With_import/qaoa/pennylane_qaoa.py,37,143,qml,operand
With_import/qaoa/pennylane_qaoa.py,38,146,.,ignored
With_import/qaoa/pennylane_qaoa.py,39,147,Hadamard,operator
With_import/qaoa/pennylane_qaoa.py,40,155,(,operator
With_import/qaoa/pennylane_qaoa.py,41,156,wires,operand
With_import/qaoa/pennylane_qaoa.py,42,161,=,operator
With_import/qaoa/pennylane_qaoa.py,43,162,i,operand
With_import/qaoa/pennylane_qaoa.py,44,163,),operator
With_import/qaoa/pennylane_qaoa.py,45,169,for,operator
With_import/qaoa/pennylane_qaoa.py,46,173,i,operand
With_import/qaoa/pennylane_qaoa.py,47,175,in,operator
With_import/qaoa/pennylane_qaoa.py,48,178,range,operator
With_import/qaoa/pennylane_qaoa.py,49,183,(,operator
With_import/qaoa/pennylane_qaoa.py,50,184,2,operand
With_import/qaoa/pennylane_qaoa.py,51,185,),operator
With_import/qaoa/pennylane_qaoa.py,52,196,qml,operand
With_import/qaoa/pennylane_qaoa.py,53,199,.,ignored
With_import/qaoa/pennylane_qaoa.py,54,200,IsingZZ,operator
With_import/qaoa/pennylane_qaoa.py,55,207,(,operator
With_import/qaoa/pennylane_qaoa.py,56,208,2,operand
With_import/qaoa/pennylane_qaoa.py,57,210,*,operator
With_import/qaoa/pennylane_qaoa.py,58,212,gamma,operand
With_import/qaoa/pennylane_qaoa.py,59,217,",",operator
With_import/qaoa/pennylane_qaoa.py,60,219,wires,operand
With_import/qaoa/pennylane_qaoa.py,61,224,=,operator
With_import/qaoa/pennylane_qaoa.py,62,225,[,operator
With_import/qaoa/pennylane_qaoa.py,63,226,i,operand
With_import/qaoa/pennylane_qaoa.py,64,227,",",operator
With_import/qaoa/pennylane_qaoa.py,65,229,i,operand
With_import/qaoa/pennylane_qaoa.py,66,230,+,operator
With_import/qaoa/pennylane_qaoa.py,67,231,1,operand
With_import/qaoa/pennylane_qaoa.py,68,232,],operator
With_import/qaoa/pennylane_qaoa.py,69,233,),operator
With_import/qaoa/pennylane_qaoa.py,70,239,for,operator
With_import/qaoa/pennylane_qaoa.py,71,243,i,operand
With_import/qaoa/pennylane_qaoa.py,72,245,in,operator
With_import/qaoa/pennylane_qaoa.py,73,248,range,operator
With_import/qaoa/pennylane_qaoa.py,74,253,(,operator
With_import/qaoa/pennylane_qaoa.py,75,254,3,operand
With_import/qaoa/pennylane_qaoa.py,76,255,),operator
With_import/qaoa/pennylane_qaoa.py,77,266,qml,operand
With_import/qaoa/pennylane_qaoa.py,78,269,.,ignored
With_import/qaoa/pennylane_qaoa.py,79,270,RX,operator
With_import/qaoa/pennylane_qaoa.py,80,272,(,operator
With_import/qaoa/pennylane_qaoa.py,81,273,2,operand
With_import/qaoa/pennylane_qaoa.py,82,275,*,operator
With_import/qaoa/pennylane_qaoa.py,83,277,beta,operand
With_import/qaoa/pennylane_qaoa.py,84,281,",",operator
With_import/qaoa/pennylane_qaoa.py,85,283,wires,operand
With_import/qaoa/pennylane_qaoa.py,86,288,=,operator
With_import/qaoa/pennylane_qaoa.py,87,289,i,operand
With_import/qaoa/pennylane_qaoa.py,88,290,),operator
With_import/qaoa/pennylane_qaoa.py,89,296,return,operator
With_import/qaoa/pennylane_qaoa.py,90,303,qml,operand
With_import/qaoa/pennylane_qaoa.py,91,306,.,ignored
With_import/qaoa/pennylane_qaoa.py,92,307,probs,operator
With_import/qaoa/pennylane_qaoa.py,93,312,(,operator
With_import/qaoa/pennylane_qaoa.py,94,313,wires,operand
With_import/qaoa/pennylane_qaoa.py,95,318,=,operator
With_import/qaoa/pennylane_qaoa.py,96,319,[,operator
With_import/qaoa/pennylane_qaoa.py,97,320,0,operand
With_import/qaoa/pennylane_qaoa.py,98,321,",",operator
With_import/qaoa/pennylane_qaoa.py,99,323,1,operand
With_import/qaoa/pennylane_qaoa.py,100,324,",",operator
With_import/qaoa/pennylane_qaoa.py,101,326,2,operand
With_import/qaoa/pennylane_qaoa.py,102,327,],operator
With_import/qaoa/pennylane_qaoa.py,103,328,),operator
With_import/qaoa/qiskit_qaoa.py,0,0,from,operand
With_import/qaoa/qiskit_qaoa.py,1,5,qiskit,operand
With_import/qaoa/qiskit_qaoa.py,2,12,import,operand
With_import/qaoa/qiskit_qaoa.py,3,19,QuantumCircuit,operand
With_import/qaoa/qiskit_qaoa.py,4,33,",",operator
With_import/qaoa/qiskit_qaoa.py,5,35,QuantumRegister,operand
With_import/qaoa/qiskit_qaoa.py,6,50,",",operator
With_import/qaoa/qiskit_qaoa.py,7,52,ClassicalRegister,operand
With_import/qaoa/qiskit_qaoa.py,8,70,from,operand
With_import/qaoa/qiskit_qaoa.py,9,75,qiskit,operand
With_import/qaoa/qiskit_qaoa.py,10,81,.,ignored
With_import/qaoa/qiskit_qaoa.py,11,82,circuit,operand
With_import/qaoa/qiskit_qaoa.py,12,90,import,operand
With_import/qaoa/qiskit_qaoa.py,13,97,Parameter,operand
With_import/qaoa/qiskit_qaoa.py,14,107,gamma,operand
With_import/qaoa/qiskit_qaoa.py,15,113,=,operator
With_import/qaoa/qiskit_qaoa.py,16,115,Parameter,operator
With_import/qaoa/qiskit_qaoa.py,17,124,(,operator
With_import/qaoa/qiskit_qaoa.py,18,125,'γ',operand
With_import/qaoa/qiskit_qaoa.py,19,128,),operator
With_import/qaoa/qiskit_qaoa.py,20,130,beta,operand
With_import/qaoa/qiskit_qaoa.py,21,135,=,operator
With_import/qaoa/qiskit_qaoa.py,22,137,Parameter,operator
With_import/qaoa/qiskit_qaoa.py,23,146,(,operator
With_import/qaoa/qiskit_qaoa.py,24,147,'β',operand
With_import/qaoa/qiskit_qaoa.py,25,150,),operator
With_import/qaoa/qiskit_qaoa.py,26,152,qr,operand
With_import/qaoa/qiskit_qaoa.py,27,155,=,operator
With_import/qaoa/qiskit_qaoa.py,28,157,QuantumRegister,operator
With_import/qaoa/qiskit_qaoa.py,29,172,(,operator
With_import/qaoa/qiskit_qaoa.py,30,173,3,operand
With_import/qaoa/qiskit_qaoa.py,31,174,),operator
With_import/qaoa/qiskit_qaoa.py,32,176,cr,operand
With_import/qaoa/qiskit_qaoa.py,33,179,=,operator
With_import/qaoa/qiskit_qaoa.py,34,181,ClassicalRegister,operator
With_import/qaoa/qiskit_qaoa.py,35,198,(,operator
With_import/qaoa/qiskit_qaoa.py,36,199,3,operand
With_import/qaoa/qiskit_qaoa.py,37,200,),operator
With_import/qaoa/qiskit_qaoa.py,38,202,qc,operand
With_import/qaoa/qiskit_qaoa.py,39,205,=,operator
With_import/qaoa/qiskit_qaoa.py,40,207,QuantumCircuit,operator
With_import/qaoa/qiskit_qaoa.py,41,221,(,operator
With_import/qaoa/qiskit_qaoa.py,42,222,qr,operand
With_import/qaoa/qiskit_qaoa.py,43,224,",",operator
With_import/qaoa/qiskit_qaoa.py,44,226,cr,operand
With_import/qaoa/qiskit_qaoa.py,45,228,),operator
With_import/qaoa/qiskit_qaoa.py,46,230,for,operator
With_import/qaoa/qiskit_qaoa.py,47,234,i,operand
With_import/qaoa/qiskit_qaoa.py,48,236,in,operator
With_import/qaoa/qiskit_qaoa.py,49,239,range,operator
With_import/qaoa/qiskit_qaoa.py,50,244,(,operator
With_import/qaoa/qiskit_qaoa.py,51,245,3,operand
With_import/qaoa/qiskit_qaoa.py,52,246,),operator
With_import/qaoa/qiskit_qaoa.py,53,253,qc,operand
With_import/qaoa/qiskit_qaoa.py,54,255,.,ignored
With_import/qaoa/qiskit_qaoa.py,55,256,h,operator
With_import/qaoa/qiskit_qaoa.py,56,257,(,operator
With_import/qaoa/qiskit_qaoa.py,57,258,qr,operand
With_import/qaoa/qiskit_qaoa.py,58,260,[,operator
With_import/qaoa/qiskit_qaoa.py,59,261,i,operand
With_import/qaoa/qiskit_qaoa.py,60,262,],operator
With_import/qaoa/qiskit_qaoa.py,61,263,),operator
With_import/qaoa/qiskit_qaoa.py,62,265,for,operator
With_import/qaoa/qiskit_qaoa.py,63,269,i,operand
With_import/qaoa/qiskit_qaoa.py,64,271,in,operator
With_import/qaoa/qiskit_qaoa.py,65,274,range,operator
With_import/qaoa/qiskit_qaoa.py,66,279,(,operator
With_import/qaoa/qiskit_qaoa.py,67,280,2,operand
With_import/qaoa/qiskit_qaoa.py,68,281,),operator
With_import/qaoa/qiskit_qaoa.py,69,288,qc,operand
With_import/qaoa/qiskit_qaoa.py,70,290,.,ignored
With_import/qaoa/qiskit_qaoa.py,71,291,rzz,operator
With_import/qaoa/qiskit_qaoa.py,72,294,(,operator
With_import/qaoa/qiskit_qaoa.py,73,295,2,operand
With_import/qaoa/qiskit_qaoa.py,74,297,*,operator
With_import/qaoa/qiskit_qaoa.py,75,299,gamma,operand
With_import/qaoa/qiskit_qaoa.py,76,304,",",operator
With_import/qaoa/qiskit_qaoa.py,77,306,qr,operand
With_import/qaoa/qiskit_qaoa.py,78,308,[,operator
With_import/qaoa/qiskit_qaoa.py,79,309,i,operand
With_import/qaoa/qiskit_qaoa.py,80,310,],operator
With_import/qaoa/qiskit_qaoa.py,81,311,",",operator
With_import/qaoa/qiskit_qaoa.py,82,313,qr,operand
With_import/qaoa/qiskit_qaoa.py,83,315,[,operator
With_import/qaoa/qiskit_qaoa.py,84,316,i,operand
With_import/qaoa/qiskit_qaoa.py,85,317,+,operator
With_import/qaoa/qiskit_qaoa.py,86,318,1,operand
With_import/qaoa/qiskit_qaoa.py,87,319,],operator
With_import/qaoa/qiskit_qaoa.py,88,320,),operator
With_import/qaoa/qiskit_qaoa.py,89,322,for,operator
With_import/qaoa/qiskit_qaoa.py,90,326,i,operand
With_import/qaoa/qiskit_qaoa.py,91,328,in,operator
With_import/qaoa/qiskit_qaoa.py,92,331,range,operator
With_import/qaoa/qiskit_qaoa.py,93,336,(,operator
With_import/qaoa/qiskit_qaoa.py,94,337,3,operand
With_import/qaoa/qiskit_qaoa.py,95,338,),operator
With_import/qaoa/qiskit_qaoa.py,96,345,qc,operand
With_import/qaoa/qiskit_qaoa.py,97,347,.,ignored
With_import/qaoa/qiskit_qaoa.py,98,348,rx,operator
With_import/qaoa/qiskit_qaoa.py,99,350,(,operator
With_import/qaoa/qiskit_qaoa.py,100,351,2,operand
With_import/qaoa/qiskit_qaoa.py,101,353,*,operator
With_import/qaoa/qiskit_qaoa.py,102,355,beta,operand
With_import/qaoa/qiskit_qaoa.py,103,359,",",operator
With_import/qaoa/qiskit_qaoa.py,104,361,qr,operand
With_import/qaoa/qiskit_qaoa.py,105,363,[,operator
With_import/qaoa/qiskit_qaoa.py,106,364,i,operand
With_import/qaoa/qiskit_qaoa.py,107,365,],operator
With_import/qaoa/qiskit_qaoa.py,108,366,),operator
With_import/qaoa/qiskit_qaoa.py,109,368,for,operator
With_import/qaoa/qiskit_qaoa.py,110,372,i,operand
With_import/qaoa/qiskit_qaoa.py,111,374,in,operator
With_import/qaoa/qiskit_qaoa.py,112,377,range,operator
With_import/qaoa/qiskit_qaoa.py,113,382,(,operator
With_import/qaoa/qiskit_qaoa.py,114,383,3,operand
With_import/qaoa/qiskit_qaoa.py,115,384,),operator
With_import/qaoa/qiskit_qaoa.py,116,391,qc,operand
With_import/qaoa/qiskit_qaoa.py,117,393,.,ignored
With_import/qaoa/qiskit_qaoa.py,118,394,measure,operator
With_import/qaoa/qiskit_qaoa.py,119,401,(,operator
With_import/qaoa/qiskit_qaoa.py,120,402,qr,operand
With_import/qaoa/qiskit_qaoa.py,121,404,[,operator
With_import/qaoa/qiskit_qaoa.py,122,405,i,operand
With_import/qaoa/qiskit_qaoa.py,123,406,],operator
With_import/qaoa/qiskit_qaoa.py,124,407,",",operator
With_import/qaoa/qiskit_qaoa.py,125,409,cr,operand
With_import/qaoa/qiskit_qaoa.py,126,411,[,operator
With_import/qaoa/qiskit_qaoa.py,127,412,i,operand
With_import/qaoa/qiskit_qaoa.py,128,413,],operator
With_import/qaoa/qiskit_qaoa.py,129,414,),operator
With_import/qaoa/qsharp_qaoa.qs,0,0,namespace,operand
With_import/qaoa/qsharp_qaoa.qs,1,10,QAOAResearch,operand
With_import/qaoa/qsharp_qaoa.qs,2,23,{,ignored
With_import/qaoa/qsharp_qaoa.qs,3,29,open,operand
With_import/qaoa/qsharp_qaoa.qs,4,34,Microsoft,operand
With_import/qaoa/qsharp_qaoa.qs,5,43,.,ignored
With_import/qaoa/qsharp_qaoa.qs,6,44,Quantum,operand
With_import/qaoa/qsharp_qaoa.qs,7,51,.,ignored
With_import/qaoa/qsharp_qaoa.qs,8,52,Intrinsic,operand
With_import/qaoa/qsharp_qaoa.qs,9,61,;,operator
With_import/qaoa/qsharp_qaoa.qs,10,67,open,operand
With_import/qaoa/qsharp_qaoa.qs,11,72,Microsoft,operand
With_import/qaoa/qsharp_qaoa.qs,12,81,.,ignored
With_import/qaoa/qsharp_qaoa.qs,13,82,Quantum,operand
With_import/qaoa/qsharp_qaoa.qs,14,89,.,ignored
With_import/qaoa/qsharp_qaoa.qs,15,90,Measurement,operand
With_import/qaoa/qsharp_qaoa.qs,16,101,;,operator
With_import/qaoa/qsharp_qaoa.qs,17,107,operation,operand
With_import/qaoa/qsharp_qaoa.qs,18,117,QAOALayer,operator
With_import/qaoa/qsharp_qaoa.qs,19,126,(,operator
With_import/qaoa/qsharp_qaoa.qs,20,127,gamma,operand
With_import/qaoa/qsharp_qaoa.qs,21,135,Double,operand
With_import/qaoa/qsharp_qaoa.qs,22,141,",",operator
With_import/qaoa/qsharp_qaoa.qs,23,143,beta,operand
With_import/qaoa/qsharp_qaoa.qs,24,150,Double,operand
With_import/qaoa/qsharp_qaoa.qs,25,156,),operator
With_import/qaoa/qsharp_qaoa.qs,26,160,Result,operand
With_import/qaoa/qsharp_qaoa.qs,27,166,[,operator
With_import/qaoa/qsharp_qaoa.qs,28,167,],operator
With_import/qaoa/qsharp_qaoa.qs,29,169,{,ignored
With_import/qaoa/qsharp_qaoa.qs,30,179,use,operator
With_import/qaoa/qsharp_qaoa.qs,31,183,q,operand
With_import/qaoa/qsharp_qaoa.qs,32,185,=,operator
With_import/qaoa/qsharp_qaoa.qs,33,187,Qubit,operand
With_import/qaoa/qsharp_qaoa.qs,34,192,[,operator
With_import/qaoa/qsharp_qaoa.qs,35,193,3,operand
With_import/qaoa/qsharp_qaoa.qs,36,194,],operator
With_import/qaoa/qsharp_qaoa.qs,37,195,;,operator
With_import/qaoa/qsharp_qaoa.qs,38,205,for,operator
With_import/qaoa/qsharp_qaoa.qs,39,209,i,operand
With_import/qaoa/qsharp_qaoa.qs,40,211,in,operator
With_import/qaoa/qsharp_qaoa.qs,41,214,0,operand
With_import/qaoa/qsharp_qaoa.qs,42,215,.,ignored
With_import/qaoa/qsharp_qaoa.qs,43,216,.,ignored
With_import/qaoa/qsharp_qaoa.qs,44,217,2,operand
With_import/qaoa/qsharp_qaoa.qs,45,219,{,ignored
With_import/qaoa/qsharp_qaoa.qs,46,233,H,operator
With_import/qaoa/qsharp_qaoa.qs,47,234,(,operator
With_import/qaoa/qsharp_qaoa.qs,48,235,q,operand
With_import/qaoa/qsharp_qaoa.qs,49,236,[,operator
With_import/qaoa/qsharp_qaoa.qs,50,237,i,operand
With_import/qaoa/qsharp_qaoa.qs,51,238,],operator
With_import/qaoa/qsharp_qaoa.qs,52,239,),operator
With_import/qaoa/qsharp_qaoa.qs,53,240,;,operator
With_import/qaoa/qsharp_qaoa.qs,54,250,},ignored
With_import/qaoa/qsharp_qaoa.qs,55,260,for,operator
With_import/qaoa/qsharp_qaoa.qs,56,264,i,operand
With_import/qaoa/qsharp_qaoa.qs,57,266,in,operator
With_import/qaoa/qsharp_qaoa.qs,58,269,0,operand
With_import/qaoa/qsharp_qaoa.qs,59,270,.,ignored
With_import/qaoa/qsharp_qaoa.qs,60,271,.,ignored
With_import/qaoa/qsharp_qaoa.qs,61,272,1,operand
With_import/qaoa/qsharp_qaoa.qs,62,274,{,ignored
With_import/qaoa/qsharp_qaoa.qs,63,288,Rzz,operator
With_import/qaoa/qsharp_qaoa.qs,64,291,(,operator
With_import/qaoa/qsharp_qaoa.qs,65,292,2.0,operand
With_import/qaoa/qsharp_qaoa.qs,66,296,*,operator
With_import/qaoa/qsharp_qaoa.qs,67,298,gamma,operand
With_import/qaoa/qsharp_qaoa.qs,68,303,",",operator
With_import/qaoa/qsharp_qaoa.qs,69,305,q,operand
With_import/qaoa/qsharp_qaoa.qs,70,306,[,operator
With_import/qaoa/qsharp_qaoa.qs,71,307,i,operand
With_import/qaoa/qsharp_qaoa.qs,72,308,],operator
With_import/qaoa/qsharp_qaoa.qs,73,309,",",operator
With_import/qaoa/qsharp_qaoa.qs,74,311,q,operand
With_import/qaoa/qsharp_qaoa.qs,75,312,[,operator
With_import/qaoa/qsharp_qaoa.qs,76,313,i,operand
With_import/qaoa/qsharp_qaoa.qs,77,315,+,operator
With_import/qaoa/qsharp_qaoa.qs,78,317,1,operand
With_import/qaoa/qsharp_qaoa.qs,79,318,],operator
With_import/qaoa/qsharp_qaoa.qs,80,319,),operator
With_import/qaoa/qsharp_qaoa.qs,81,320,;,operator
With_import/qaoa/qsharp_qaoa.qs,82,330,},ignored
With_import/qaoa/qsharp_qaoa.qs,83,340,for,operator
With_import/qaoa/qsharp_qaoa.qs,84,344,i,operand
With_import/qaoa/qsharp_qaoa.qs,85,346,in,operator
With_import/qaoa/qsharp_qaoa.qs,86,349,0,operand
With_import/qaoa/qsharp_qaoa.qs,87,350,.,ignored
With_import/qaoa/qsharp_qaoa.qs,88,351,.,ignored
With_import/qaoa/qsharp_qaoa.qs,89,352,2,operand
With_import/qaoa/qsharp_qaoa.qs,90,354,{,ignored
With_import/qaoa/qsharp_qaoa.qs,91,368,Rx,operator
With_import/qaoa/qsharp_qaoa.qs,92,370,(,operator
With_import/qaoa/qsharp_qaoa.qs,93,371,2.0,operand
With_import/qaoa/qsharp_qaoa.qs,94,375,*,operator
With_import/qaoa/qsharp_qaoa.qs,95,377,beta,operand
With_import/qaoa/qsharp_qaoa.qs,96,381,",",operator
With_import/qaoa/qsharp_qaoa.qs,97,383,q,operand
With_import/qaoa/qsharp_qaoa.qs,98,384,[,operator
With_import/qaoa/qsharp_qaoa.qs,99,385,i,operand
With_import/qaoa/qsharp_qaoa.qs,100,386,],operator
With_import/qaoa/qsharp_qaoa.qs,101,387,),operator
With_import/qaoa/qsharp_qaoa.qs,102,388,;,operator
With_import/qaoa/qsharp_qaoa.qs,103,398,},ignored
With_import/qaoa/qsharp_qaoa.qs,104,408,mutable,operand
With_import/qaoa/qsharp_qaoa.qs,105,416,r,operand
With_import/qaoa/qsharp_qaoa.qs,106,418,=,operator
With_import/qaoa/qsharp_qaoa.qs,107,420,[,operator
With_import/qaoa/qsharp_qaoa.qs,108,421,],operator
With_import/qaoa/qsharp_qaoa.qs,109,422,;,operator
With_import/qaoa/qsharp_qaoa.qs,110,432,for,operator
With_import/qaoa/qsharp_qaoa.qs,111,436,i,operand
With_import/qaoa/qsharp_qaoa.qs,112,438,in,operator
With_import/qaoa/qsharp_qaoa.qs,113,441,0,operand
With_import/qaoa/qsharp_qaoa.qs,114,442,.,ignored
With_import/qaoa/qsharp_qaoa.qs,115,443,.,ignored
With_import/qaoa/qsharp_qaoa.qs,116,444,2,operand
With_import/qaoa/qsharp_qaoa.qs,117,446,{,ignored
With_import/qaoa/qsharp_qaoa.qs,118,460,set,operand
With_import/qaoa/qsharp_qaoa.qs,119,464,r,operand
With_import/qaoa/qsharp_qaoa.qs,120,466,+,operator
With_import/qaoa/qsharp_qaoa.qs,121,467,=,operator
With_import/qaoa/qsharp_qaoa.qs,122,469,[,operator
With_import/qaoa/qsharp_qaoa.qs,123,470,M,operator
With_import/qaoa/qsharp_qaoa.qs,124,471,(,operator
With_import/qaoa/qsharp_qaoa.qs,125,472,q,operand
With_import/qaoa/qsharp_qaoa.qs,126,473,[,operator
With_import/qaoa/qsharp_qaoa.qs,127,474,i,operand
With_import/qaoa/qsharp_qaoa.qs,128,475,],operator
With_import/qaoa/qsharp_qaoa.qs,129,476,),operator
With_import/qaoa/qsharp_qaoa.qs,130,477,],operator
With_import/qaoa/qsharp_qaoa.qs,131,478,;,operator
With_import/qaoa/qsharp_qaoa.qs,132,488,},ignored
With_import/qaoa/qsharp_qaoa.qs,133,498,ResetAll,operator
With_import/qaoa/qsharp_qaoa.qs,134,506,(,operator
With_import/qaoa/qsharp_qaoa.qs,135,507,q,operand
With_import/qaoa/qsharp_qaoa.qs,136,508,),operator
With_import/qaoa/qsharp_qaoa.qs,137,509,;,operator
With_import/qaoa/qsharp_qaoa.qs,138,519,return,operator
With_import/qaoa/qsharp_qaoa.qs,139,526,r,operand
With_import/qaoa/qsharp_qaoa.qs,140,527,;,operator
With_import/qaoa/qsharp_qaoa.qs,141,533,},ignored
With_import/qaoa/qsharp_qaoa.qs,142,535,},ignored
With_import/QFT/cirq_qft.py,0,0,import,operand
With_import/QFT/cirq_qft.py,1,7,cirq,operand
With_import/QFT/cirq_qft.py,2,12,import,operand
With_import/QFT/cirq_qft.py,3,19,numpy,operand
With_import/QFT/cirq_qft.py,4,25,as,operand
With_import/QFT/cirq_qft.py,5,28,np,operand
With_import/QFT/cirq_qft.py,6,31,q,operand
With_import/QFT/cirq_qft.py,7,33,=,operator
With_import/QFT/cirq_qft.py,8,35,cirq,operand
With_import/QFT/cirq_qft.py,9,39,.,ignored
With_import/QFT/cirq_qft.py,10,40,LineQubit,operand
With_import/QFT/cirq_qft.py,11,49,.,ignored
With_import/QFT/cirq_qft.py,12,50,range,operator
With_import/QFT/cirq_qft.py,13,55,(,operator
With_import/QFT/cirq_qft.py,14,56,3,operand
With_import/QFT/cirq_qft.py,15,57,),operator
With_import/QFT/cirq_qft.py,16,59,circuit,operand
With_import/QFT/cirq_qft.py,17,67,=,operator
With_import/QFT/cirq_qft.py,18,69,cirq,operand
With_import/QFT/cirq_qft.py,19,73,.,ignored
With_import/QFT/cirq_qft.py,20,74,Circuit,operator
With_import/QFT/cirq_qft.py,21,81,(,operator
With_import/QFT/cirq_qft.py,22,82,),operator
With_import/QFT/cirq_qft.py,23,84,circuit,operand
With_import/QFT/cirq_qft.py,24,91,.,ignored
With_import/QFT/cirq_qft.py,25,92,append,operator
With_import/QFT/cirq_qft.py,26,98,(,operator
With_import/QFT/cirq_qft.py,27,99,cirq,operand
With_import/QFT/cirq_qft.py,28,103,.,ignored
With_import/QFT/cirq_qft.py,29,104,H,operator
With_import/QFT/cirq_qft.py,30,105,(,operator
With_import/QFT/cirq_qft.py,31,106,q,operand
With_import/QFT/cirq_qft.py,32,107,[,operator
With_import/QFT/cirq_qft.py,33,108,0,operand
With_import/QFT/cirq_qft.py,34,109,],operator
With_import/QFT/cirq_qft.py,35,110,),operator
With_import/QFT/cirq_qft.py,36,111,),operator
With_import/QFT/cirq_qft.py,37,113,circuit,operand
With_import/QFT/cirq_qft.py,38,120,.,ignored
With_import/QFT/cirq_qft.py,39,121,append,operator
With_import/QFT/cirq_qft.py,40,127,(,operator
With_import/QFT/cirq_qft.py,41,128,cirq,operand
With_import/QFT/cirq_qft.py,42,132,.,ignored
With_import/QFT/cirq_qft.py,43,133,cphase,operator
With_import/QFT/cirq_qft.py,44,139,(,operator
With_import/QFT/cirq_qft.py,45,140,np,operand
With_import/QFT/cirq_qft.py,46,142,.,ignored
With_import/QFT/cirq_qft.py,47,143,pi,operand
With_import/QFT/cirq_qft.py,48,145,/,operator
With_import/QFT/cirq_qft.py,49,146,2,operand
With_import/QFT/cirq_qft.py,50,147,),operator
With_import/QFT/cirq_qft.py,51,148,(,operator
With_import/QFT/cirq_qft.py,52,149,q,operand
With_import/QFT/cirq_qft.py,53,150,[,operator
With_import/QFT/cirq_qft.py,54,151,1,operand
With_import/QFT/cirq_qft.py,55,152,],operator
With_import/QFT/cirq_qft.py,56,153,",",operator
With_import/QFT/cirq_qft.py,57,155,q,operand
With_import/QFT/cirq_qft.py,58,156,[,operator
With_import/QFT/cirq_qft.py,59,157,0,operand
With_import/QFT/cirq_qft.py,60,158,],operator
With_import/QFT/cirq_qft.py,61,159,),operator
With_import/QFT/cirq_qft.py,62,160,),operator
With_import/QFT/cirq_qft.py,63,162,circuit,operand
With_import/QFT/cirq_qft.py,64,169,.,ignored
With_import/QFT/cirq_qft.py,65,170,append,operator
With_import/QFT/cirq_qft.py,66,176,(,operator
With_import/QFT/cirq_qft.py,67,177,cirq,operand
With_import/QFT/cirq_qft.py,68,181,.,ignored
With_import/QFT/cirq_qft.py,69,182,cphase,operator
With_import/QFT/cirq_qft.py,70,188,(,operator
With_import/QFT/cirq_qft.py,71,189,np,operand
With_import/QFT/cirq_qft.py,72,191,.,ignored
With_import/QFT/cirq_qft.py,73,192,pi,operand
With_import/QFT/cirq_qft.py,74,194,/,operator
With_import/QFT/cirq_qft.py,75,195,4,operand
With_import/QFT/cirq_qft.py,76,196,),operator
With_import/QFT/cirq_qft.py,77,197,(,operator
With_import/QFT/cirq_qft.py,78,198,q,operand
With_import/QFT/cirq_qft.py,79,199,[,operator
With_import/QFT/cirq_qft.py,80,200,2,operand
With_import/QFT/cirq_qft.py,81,201,],operator
With_import/QFT/cirq_qft.py,82,202,",",operator
With_import/QFT/cirq_qft.py,83,204,q,operand
With_import/QFT/cirq_qft.py,84,205,[,operator
With_import/QFT/cirq_qft.py,85,206,0,operand
With_import/QFT/cirq_qft.py,86,207,],operator
With_import/QFT/cirq_qft.py,87,208,),operator
With_import/QFT/cirq_qft.py,88,209,),operator
With_import/QFT/cirq_qft.py,89,211,circuit,operand
With_import/QFT/cirq_qft.py,90,218,.,ignored
With_import/QFT/cirq_qft.py,91,219,append,operator
With_import/QFT/cirq_qft.py,92,225,(,operator
With_import/QFT/cirq_qft.py,93,226,cirq,operand
With_import/QFT/cirq_qft.py,94,230,.,ignored
With_import/QFT/cirq_qft.py,95,231,H,operator
With_import/QFT/cirq_qft.py,96,232,(,operator
With_import/QFT/cirq_qft.py,97,233,q,operand
With_import/QFT/cirq_qft.py,98,234,[,operator
With_import/QFT/cirq_qft.py,99,235,1,operand
With_import/QFT/cirq_qft.py,100,236,],operator
With_import/QFT/cirq_qft.py,101,237,),operator
With_import/QFT/cirq_qft.py,102,238,),operator
With_import/QFT/cirq_qft.py,103,240,circuit,operand
With_import/QFT/cirq_qft.py,104,247,.,ignored
With_import/QFT/cirq_qft.py,105,248,append,operator
With_import/QFT/cirq_qft.py,106,254,(,operator
With_import/QFT/cirq_qft.py,107,255,cirq,operand
With_import/QFT/cirq_qft.py,108,259,.,ignored
With_import/QFT/cirq_qft.py,109,260,cphase,operator
With_import/QFT/cirq_qft.py,110,266,(,operator
With_import/QFT/cirq_qft.py,111,267,np,operand
With_import/QFT/cirq_qft.py,112,269,.,ignored
With_import/QFT/cirq_qft.py,113,270,pi,operand
With_import/QFT/cirq_qft.py,114,272,/,operator
With_import/QFT/cirq_qft.py,115,273,2,operand
With_import/QFT/cirq_qft.py,116,274,),operator
With_import/QFT/cirq_qft.py,117,275,(,operator
With_import/QFT/cirq_qft.py,118,276,q,operand
With_import/QFT/cirq_qft.py,119,277,[,operator
With_import/QFT/cirq_qft.py,120,278,2,operand
With_import/QFT/cirq_qft.py,121,279,],operator
With_import/QFT/cirq_qft.py,122,280,",",operator
With_import/QFT/cirq_qft.py,123,282,q,operand
With_import/QFT/cirq_qft.py,124,283,[,operator
With_import/QFT/cirq_qft.py,125,284,1,operand
With_import/QFT/cirq_qft.py,126,285,],operator
With_import/QFT/cirq_qft.py,127,286,),operator
With_import/QFT/cirq_qft.py,128,287,),operator
With_import/QFT/cirq_qft.py,129,289,circuit,operand
With_import/QFT/cirq_qft.py,130,296,.,ignored
With_import/QFT/cirq_qft.py,131,297,append,operator
With_import/QFT/cirq_qft.py,132,303,(,operator
With_import/QFT/cirq_qft.py,133,304,cirq,operand
With_import/QFT/cirq_qft.py,134,308,.,ignored
With_import/QFT/cirq_qft.py,135,309,H,operator
With_import/QFT/cirq_qft.py,136,310,(,operator
With_import/QFT/cirq_qft.py,137,311,q,operand
With_import/QFT/cirq_qft.py,138,312,[,operator
With_import/QFT/cirq_qft.py,139,313,2,operand
With_import/QFT/cirq_qft.py,140,314,],operator
With_import/QFT/cirq_qft.py,141,315,),operator
With_import/QFT/cirq_qft.py,142,316,),operator
With_import/QFT/cirq_qft.py,143,318,circuit,operand
With_import/QFT/cirq_qft.py,144,325,.,ignored
With_import/QFT/cirq_qft.py,145,326,append,operator
With_import/QFT/cirq_qft.py,146,332,(,operator
With_import/QFT/cirq_qft.py,147,333,cirq,operand
With_import/QFT/cirq_qft.py,148,337,.,ignored
With_import/QFT/cirq_qft.py,149,338,SWAP,operator
With_import/QFT/cirq_qft.py,150,342,(,operator
With_import/QFT/cirq_qft.py,151,343,q,operand
With_import/QFT/cirq_qft.py,152,344,[,operator
With_import/QFT/cirq_qft.py,153,345,0,operand
With_import/QFT/cirq_qft.py,154,346,],operator
With_import/QFT/cirq_qft.py,155,347,",",operator
With_import/QFT/cirq_qft.py,156,349,q,operand
With_import/QFT/cirq_qft.py,157,350,[,operator
With_import/QFT/cirq_qft.py,158,351,2,operand
With_import/QFT/cirq_qft.py,159,352,],operator
With_import/QFT/cirq_qft.py,160,353,),operator
With_import/QFT/cirq_qft.py,161,354,),operator
With_import/QFT/cirq_qft.py,162,356,circuit,operand
With_import/QFT/cirq_qft.py,163,363,.,ignored
With_import/QFT/cirq_qft.py,164,364,append,operator
With_import/QFT/cirq_qft.py,165,370,(,operator
With_import/QFT/cirq_qft.py,166,371,cirq,operand
With_import/QFT/cirq_qft.py,167,375,.,ignored
With_import/QFT/cirq_qft.py,168,376,measure,operator
With_import/QFT/cirq_qft.py,169,383,(,operator
With_import/QFT/cirq_qft.py,170,384,q,operand
With_import/QFT/cirq_qft.py,171,385,[,operator
With_import/QFT/cirq_qft.py,172,386,0,operand
With_import/QFT/cirq_qft.py,173,387,],operator
With_import/QFT/cirq_qft.py,174,388,",",operator
With_import/QFT/cirq_qft.py,175,390,key,operand
With_import/QFT/cirq_qft.py,176,393,=,operator
With_import/QFT/cirq_qft.py,177,394,'m0',operand
With_import/QFT/cirq_qft.py,178,398,),operator
With_import/QFT/cirq_qft.py,179,399,),operator
With_import/QFT/cirq_qft.py,180,401,circuit,operand
With_import/QFT/cirq_qft.py,181,408,.,ignored
With_import/QFT/cirq_qft.py,182,409,append,operator
With_import/QFT/cirq_qft.py,183,415,(,operator
With_import/QFT/cirq_qft.py,184,416,cirq,operand
With_import/QFT/cirq_qft.py,185,420,.,ignored
With_import/QFT/cirq_qft.py,186,421,measure,operator
With_import/QFT/cirq_qft.py,187,428,(,operator
With_import/QFT/cirq_qft.py,188,429,q,operand
With_import/QFT/cirq_qft.py,189,430,[,operator
With_import/QFT/cirq_qft.py,190,431,1,operand
With_import/QFT/cirq_qft.py,191,432,],operator
With_import/QFT/cirq_qft.py,192,433,",",operator
With_import/QFT/cirq_qft.py,193,435,key,operand
With_import/QFT/cirq_qft.py,194,438,=,operator
With_import/QFT/cirq_qft.py,195,439,'m1',operand
With_import/QFT/cirq_qft.py,196,443,),operator
With_import/QFT/cirq_qft.py,197,444,),operator
With_import/QFT/cirq_qft.py,198,446,circuit,operand
With_import/QFT/cirq_qft.py,199,453,.,ignored
With_import/QFT/cirq_qft.py,200,454,append,operator
With_import/QFT/cirq_qft.py,201,460,(,operator
With_import/QFT/cirq_qft.py,202,461,cirq,operand
With_import/QFT/cirq_qft.py,203,465,.,ignored
With_import/QFT/cirq_qft.py,204,466,measure,operator
With_import/QFT/cirq_qft.py,205,473,(,operator
With_import/QFT/cirq_qft.py,206,474,q,operand
With_import/QFT/cirq_qft.py,207,475,[,operator
With_import/QFT/cirq_qft.py,208,476,2,operand
With_import/QFT/cirq_qft.py,209,477,],operator
With_import/QFT/cirq_qft.py,210,478,",",operator
With_import/QFT/cirq_qft.py,211,480,key,operand
With_import/QFT/cirq_qft.py,212,483,=,operator
With_import/QFT/cirq_qft.py,213,484,'m2',operand
With_import/QFT/cirq_qft.py,214,488,),operator
With_import/QFT/cirq_qft.py,215,489,),operator
With_import/QFT/pennylane_qft.py,0,0,import,operand
With_import/QFT/pennylane_qft.py,1,7,pennylane,operand
With_import/QFT/pennylane_qft.py,2,17,as,operand
With_import/QFT/pennylane_qft.py,3,20,qml,operand
With_import/QFT/pennylane_qft.py,4,24,import,operand
With_import/QFT/pennylane_qft.py,5,31,numpy,operand
With_import/QFT/pennylane_qft.py,6,37,as,operand
With_import/QFT/pennylane_qft.py,7,40,np,operand
With_import/QFT/pennylane_qft.py,8,43,dev,operand
With_import/QFT/pennylane_qft.py,9,47,=,operator
With_import/QFT/pennylane_qft.py,10,49,qml,operand
With_import/QFT/pennylane_qft.py,11,52,.,ignored
With_import/QFT/pennylane_qft.py,12,53,device,operator
With_import/QFT/pennylane_qft.py,13,59,(,operator
With_import/QFT/pennylane_qft.py,14,60,"""default.qubit""",operand
With_import/QFT/pennylane_qft.py,15,75,",",operator
With_import/QFT/pennylane_qft.py,16,77,wires,operand
With_import/QFT/pennylane_qft.py,17,82,=,operator
With_import/QFT/pennylane_qft.py,18,83,3,operand
With_import/QFT/pennylane_qft.py,19,84,),operator
With_import/QFT/pennylane_qft.py,20,86,@,operator
With_import/QFT/pennylane_qft.py,21,87,qml,operand
With_import/QFT/pennylane_qft.py,22,90,.,ignored
With_import/QFT/pennylane_qft.py,23,91,qnode,operator
With_import/QFT/pennylane_qft.py,24,96,(,operator
With_import/QFT/pennylane_qft.py,25,97,dev,operand
With_import/QFT/pennylane_qft.py,26,100,),operator
With_import/QFT/pennylane_qft.py,27,102,def,operand
With_import/QFT/pennylane_qft.py,28,106,qft,operator
With_import/QFT/pennylane_qft.py,29,109,(,operator
With_import/QFT/pennylane_qft.py,30,110,),operator
With_import/QFT/pennylane_qft.py,31,117,qml,operand
With_import/QFT/pennylane_qft.py,32,120,.,ignored
With_import/QFT/pennylane_qft.py,33,121,Hadamard,operator
With_import/QFT/pennylane_qft.py,34,129,(,operator
With_import/QFT/pennylane_qft.py,35,130,wires,operand
With_import/QFT/pennylane_qft.py,36,135,=,operator
With_import/QFT/pennylane_qft.py,37,136,0,operand
With_import/QFT/pennylane_qft.py,38,137,),operator
With_import/QFT/pennylane_qft.py,39,143,qml,operand
With_import/QFT/pennylane_qft.py,40,146,.,ignored
With_import/QFT/pennylane_qft.py,41,147,ControlledPhaseShift,operator
With_import/QFT/pennylane_qft.py,42,167,(,operator
With_import/QFT/pennylane_qft.py,43,168,np,operand
With_import/QFT/pennylane_qft.py,44,170,.,ignored
With_import/QFT/pennylane_qft.py,45,171,pi,operand
With_import/QFT/pennylane_qft.py,46,173,/,operator
With_import/QFT/pennylane_qft.py,47,174,2,operand
With_import/QFT/pennylane_qft.py,48,175,",",operator
With_import/QFT/pennylane_qft.py,49,177,wires,operand
With_import/QFT/pennylane_qft.py,50,182,=,operator
With_import/QFT/pennylane_qft.py,51,183,[,operator
With_import/QFT/pennylane_qft.py,52,184,1,operand
With_import/QFT/pennylane_qft.py,53,185,",",operator
With_import/QFT/pennylane_qft.py,54,187,0,operand
With_import/QFT/pennylane_qft.py,55,188,],operator
With_import/QFT/pennylane_qft.py,56,189,),operator
With_import/QFT/pennylane_qft.py,57,195,qml,operand
With_import/QFT/pennylane_qft.py,58,198,.,ignored
With_import/QFT/pennylane_qft.py,59,199,ControlledPhaseShift,operator
With_import/QFT/pennylane_qft.py,60,219,(,operator
With_import/QFT/pennylane_qft.py,61,220,np,operand
With_import/QFT/pennylane_qft.py,62,222,.,ignored
With_import/QFT/pennylane_qft.py,63,223,pi,operand
With_import/QFT/pennylane_qft.py,64,225,/,operator
With_import/QFT/pennylane_qft.py,65,226,4,operand
With_import/QFT/pennylane_qft.py,66,227,",",operator
With_import/QFT/pennylane_qft.py,67,229,wires,operand
With_import/QFT/pennylane_qft.py,68,234,=,operator
With_import/QFT/pennylane_qft.py,69,235,[,operator
With_import/QFT/pennylane_qft.py,70,236,2,operand
With_import/QFT/pennylane_qft.py,71,237,",",operator
With_import/QFT/pennylane_qft.py,72,239,0,operand
With_import/QFT/pennylane_qft.py,73,240,],operator
With_import/QFT/pennylane_qft.py,74,241,),operator
With_import/QFT/pennylane_qft.py,75,247,qml,operand
With_import/QFT/pennylane_qft.py,76,250,.,ignored
With_import/QFT/pennylane_qft.py,77,251,Hadamard,operator
With_import/QFT/pennylane_qft.py,78,259,(,operator
With_import/QFT/pennylane_qft.py,79,260,wires,operand
With_import/QFT/pennylane_qft.py,80,265,=,operator
With_import/QFT/pennylane_qft.py,81,266,1,operand
With_import/QFT/pennylane_qft.py,82,267,),operator
With_import/QFT/pennylane_qft.py,83,273,qml,operand
With_import/QFT/pennylane_qft.py,84,276,.,ignored
With_import/QFT/pennylane_qft.py,85,277,ControlledPhaseShift,operator
With_import/QFT/pennylane_qft.py,86,297,(,operator
With_import/QFT/pennylane_qft.py,87,298,np,operand
With_import/QFT/pennylane_qft.py,88,300,.,ignored
With_import/QFT/pennylane_qft.py,89,301,pi,operand
With_import/QFT/pennylane_qft.py,90,303,/,operator
With_import/QFT/pennylane_qft.py,91,304,2,operand
With_import/QFT/pennylane_qft.py,92,305,",",operator
With_import/QFT/pennylane_qft.py,93,307,wires,operand
With_import/QFT/pennylane_qft.py,94,312,=,operator
With_import/QFT/pennylane_qft.py,95,313,[,operator
With_import/QFT/pennylane_qft.py,96,314,2,operand
With_import/QFT/pennylane_qft.py,97,315,",",operator
With_import/QFT/pennylane_qft.py,98,317,1,operand
With_import/QFT/pennylane_qft.py,99,318,],operator
With_import/QFT/pennylane_qft.py,100,319,),operator
With_import/QFT/pennylane_qft.py,101,325,qml,operand
With_import/QFT/pennylane_qft.py,102,328,.,ignored
With_import/QFT/pennylane_qft.py,103,329,Hadamard,operator
With_import/QFT/pennylane_qft.py,104,337,(,operator
With_import/QFT/pennylane_qft.py,105,338,wires,operand
With_import/QFT/pennylane_qft.py,106,343,=,operator
With_import/QFT/pennylane_qft.py,107,344,2,operand
With_import/QFT/pennylane_qft.py,108,345,),operator
With_import/QFT/pennylane_qft.py,109,351,qml,operand
With_import/QFT/pennylane_qft.py,110,354,.,ignored
With_import/QFT/pennylane_qft.py,111,355,SWAP,operator
With_import/QFT/pennylane_qft.py,112,359,(,operator
With_import/QFT/pennylane_qft.py,113,360,wires,operand
With_import/QFT/pennylane_qft.py,114,365,=,operator
With_import/QFT/pennylane_qft.py,115,366,[,operator
With_import/QFT/pennylane_qft.py,116,367,0,operand
With_import/QFT/pennylane_qft.py,117,368,",",operator
With_import/QFT/pennylane_qft.py,118,370,2,operand
With_import/QFT/pennylane_qft.py,119,371,],operator
With_import/QFT/pennylane_qft.py,120,372,),operator
With_import/QFT/pennylane_qft.py,121,378,return,operator
With_import/QFT/pennylane_qft.py,122,385,qml,operand
With_import/QFT/pennylane_qft.py,123,388,.,ignored
With_import/QFT/pennylane_qft.py,124,389,probs,operator
With_import/QFT/pennylane_qft.py,125,394,(,operator
With_import/QFT/pennylane_qft.py,126,395,wires,operand
With_import/QFT/pennylane_qft.py,127,400,=,operator
With_import/QFT/pennylane_qft.py,128,401,[,operator
With_import/QFT/pennylane_qft.py,129,402,0,operand
With_import/QFT/pennylane_qft.py,130,403,",",operator
With_import/QFT/pennylane_qft.py,131,405,1,operand
With_import/QFT/pennylane_qft.py,132,406,",",operator
With_import/QFT/pennylane_qft.py,133,408,2,operand
With_import/QFT/pennylane_qft.py,134,409,],operator
With_import/QFT/pennylane_qft.py,135,410,),operator
With_import/QFT/qiskit_qft.py,0,0,from,operand
With_import/QFT/qiskit_qft.py,1,5,qiskit,operand
With_import/QFT/qiskit_qft.py,2,12,import,operand
With_import/QFT/qiskit_qft.py,3,19,QuantumCircuit,operand
With_import/QFT/qiskit_qft.py,4,33,",",operator
With_import/QFT/qiskit_qft.py,5,35,QuantumRegister,operand
With_import/QFT/qiskit_qft.py,6,50,",",operator
With_import/QFT/qiskit_qft.py,7,52,ClassicalRegister,operand
With_import/QFT/qiskit_qft.py,8,70,import,operand
With_import/QFT/qiskit_qft.py,9,77,numpy,operand
With_import/QFT/qiskit_qft.py,10,83,as,operand
With_import/QFT/qiskit_qft.py,11,86,np,operand
With_import/QFT/qiskit_qft.py,12,89,qr,operand
With_import/QFT/qiskit_qft.py,13,92,=,operator
With_import/QFT/qiskit_qft.py,14,94,QuantumRegister,operator
With_import/QFT/qiskit_qft.py,15,109,(,operator
With_import/QFT/qiskit_qft.py,16,110,3,operand
With_import/QFT/qiskit_qft.py,17,111,),operator
With_import/QFT/qiskit_qft.py,18,113,cr,operand
With_import/QFT/qiskit_qft.py,19,116,=,operator
With_import/QFT/qiskit_qft.py,20,118,ClassicalRegister,operator
With_import/QFT/qiskit_qft.py,21,135,(,operator
With_import/QFT/qiskit_qft.py,22,136,3,operand
With_import/QFT/qiskit_qft.py,23,137,),operator
With_import/QFT/qiskit_qft.py,24,139,qc,operand
With_import/QFT/qiskit_qft.py,25,142,=,operator
With_import/QFT/qiskit_qft.py,26,144,QuantumCircuit,operator
With_import/QFT/qiskit_qft.py,27,158,(,operator
With_import/QFT/qiskit_qft.py,28,159,qr,operand
With_import/QFT/qiskit_qft.py,29,161,",",operator
With_import/QFT/qiskit_qft.py,30,163,cr,operand
With_import/QFT/qiskit_qft.py,31,165,),operator
With_import/QFT/qiskit_qft.py,32,167,qc,operand
With_import/QFT/qiskit_qft.py,33,169,.,ignored
With_import/QFT/qiskit_qft.py,34,170,h,operator
With_import/QFT/qiskit_qft.py,35,171,(,operator
With_import/QFT/qiskit_qft.py,36,172,qr,operand
With_import/QFT/qiskit_qft.py,37,174,[,operator
With_import/QFT/qiskit_qft.py,38,175,0,operand
With_import/QFT/qiskit_qft.py,39,176,],operator
With_import/QFT/qiskit_qft.py,40,177,),operator
With_import/QFT/qiskit_qft.py,41,179,qc,operand
With_import/QFT/qiskit_qft.py,42,181,.,ignored
With_import/QFT/qiskit_qft.py,43,182,cp,operator
With_import/QFT/qiskit_qft.py,44,184,(,operator
With_import/QFT/qiskit_qft.py,45,185,np,operand
With_import/QFT/qiskit_qft.py,46,187,.,ignored
With_import/QFT/qiskit_qft.py,47,188,pi,operand
With_import/QFT/qiskit_qft.py,48,190,/,operator
With_import/QFT/qiskit_qft.py,49,191,2,operand
With_import/QFT/qiskit_qft.py,50,192,",",operator
With_import/QFT/qiskit_qft.py,51,194,qr,operand
With_import/QFT/qiskit_qft.py,52,196,[,operator
With_import/QFT/qiskit_qft.py,53,197,1,operand
With_import/QFT/qiskit_qft.py,54,198,],operator
With_import/QFT/qiskit_qft.py,55,199,",",operator
With_import/QFT/qiskit_qft.py,56,201,qr,operand
With_import/QFT/qiskit_qft.py,57,203,[,operator
With_import/QFT/qiskit_qft.py,58,204,0,operand
With_import/QFT/qiskit_qft.py,59,205,],operator
With_import/QFT/qiskit_qft.py,60,206,),operator
With_import/QFT/qiskit_qft.py,61,208,qc,operand
With_import/QFT/qiskit_qft.py,62,210,.,ignored
With_import/QFT/qiskit_qft.py,63,211,cp,operator
With_import/QFT/qiskit_qft.py,64,213,(,operator
With_import/QFT/qiskit_qft.py,65,214,np,operand
With_import/QFT/qiskit_qft.py,66,216,.,ignored
With_import/QFT/qiskit_qft.py,67,217,pi,operand
With_import/QFT/qiskit_qft.py,68,219,/,operator
With_import/QFT/qiskit_qft.py,69,220,4,operand
With_import/QFT/qiskit_qft.py,70,221,",",operator
With_import/QFT/qiskit_qft.py,71,223,qr,operand
With_import/QFT/qiskit_qft.py,72,225,[,operator
With_import/QFT/qiskit_qft.py,73,226,2,operand
With_import/QFT/qiskit_qft.py,74,227,],operator
With_import/QFT/qiskit_qft.py,75,228,",",operator
With_import/QFT/qiskit_qft.py,76,230,qr,operand
With_import/QFT/qiskit_qft.py,77,232,[,operator
With_import/QFT/qiskit_qft.py,78,233,0,operand
With_import/QFT/qiskit_qft.py,79,234,],operator
With_import/QFT/qiskit_qft.py,80,235,),operator
With_import/QFT/qiskit_qft.py,81,237,qc,operand
With_import/QFT/qiskit_qft.py,82,239,.,ignored
With_import/QFT/qiskit_qft.py,83,240,h,operator
With_import/QFT/qiskit_qft.py,84,241,(,operator
With_import/QFT/qiskit_qft.py,85,242,qr,operand
With_import/QFT/qiskit_qft.py,86,244,[,operator
With_import/QFT/qiskit_qft.py,87,245,1,operand
With_import/QFT/qiskit_qft.py,88,246,],operator
With_import/QFT/qiskit_qft.py,89,247,),operator
With_import/QFT/qiskit_qft.py,90,249,qc,operand
With_import/QFT/qiskit_qft.py,91,251,.,ignored
With_import/QFT/qiskit_qft.py,92,252,cp,operator
With_import/QFT/qiskit_qft.py,93,254,(,operator
With_import/QFT/qiskit_qft.py,94,255,np,operand
With_import/QFT/qiskit_qft.py,95,257,.,ignored
With_import/QFT/qiskit_qft.py,96,258,pi,operand
With_import/QFT/qiskit_qft.py,97,260,/,operator
With_import/QFT/qiskit_qft.py,98,261,2,operand
With_import/QFT/qiskit_qft.py,99,262,",",operator
With_import/QFT/qiskit_qft.py,100,264,qr,operand
With_import/QFT/qiskit_qft.py,101,266,[,operator
With_import/QFT/qiskit_qft.py,102,267,2,operand
With_import/QFT/qiskit_qft.py,103,268,],operator
With_import/QFT/qiskit_qft.py,104,269,",",operator
With_import/QFT/qiskit_qft.py,105,271,qr,operand
With_import/QFT/qiskit_qft.py,106,273,[,operator
With_import/QFT/qiskit_qft.py,107,274,1,operand
With_import/QFT/qiskit_qft.py,108,275,],operator
With_import/QFT/qiskit_qft.py,109,276,),operator
With_import/QFT/qiskit_qft.py,110,278,qc,operand
With_import/QFT/qiskit_qft.py,111,280,.,ignored
With_import/QFT/qiskit_qft.py,112,281,h,operator
With_import/QFT/qiskit_qft.py,113,282,(,operator
With_import/QFT/qiskit_qft.py,114,283,qr,operand
With_import/QFT/qiskit_qft.py,115,285,[,operator
With_import/QFT/qiskit_qft.py,116,286,2,operand
With_import/QFT/qiskit_qft.py,117,287,],operator
With_import/QFT/qiskit_qft.py,118,288,),operator
With_import/QFT/qiskit_qft.py,119,290,qc,operand
With_import/QFT/qiskit_qft.py,120,292,.,ignored
With_import/QFT/qiskit_qft.py,121,293,swap,operator
With_import/QFT/qiskit_qft.py,122,297,(,operator
With_import/QFT/qiskit_qft.py,123,298,qr,operand
With_import/QFT/qiskit_qft.py,124,300,[,operator
With_import/QFT/qiskit_qft.py,125,301,0,operand
With_import/QFT/qiskit_qft.py,126,302,],operator
With_import/QFT/qiskit_qft.py,127,303,",",operator
With_import/QFT/qiskit_qft.py,128,305,qr,operand
With_import/QFT/qiskit_qft.py,129,307,[,operator
With_import/QFT/qiskit_qft.py,130,308,2,operand
With_import/QFT/qiskit_qft.py,131,309,],operator
With_import/QFT/qiskit_qft.py,132,310,),operator
With_import/QFT/qiskit_qft.py,133,312,qc,operand
With_import/QFT/qiskit_qft.py,134,314,.,ignored
With_import/QFT/qiskit_qft.py,135,315,measure,operator
With_import/QFT/qiskit_qft.py,136,322,(,operator
With_import/QFT/qiskit_qft.py,137,323,qr,operand
With_import/QFT/qiskit_qft.py,138,325,[,operator
With_import/QFT/qiskit_qft.py,139,326,0,operand
With_import/QFT/qiskit_qft.py,140,327,],operator
With_import/QFT/qiskit_qft.py,141,328,",",operator
With_import/QFT/qiskit_qft.py,142,330,cr,operand
With_import/QFT/qiskit_qft.py,143,332,[,operator
With_import/QFT/qiskit_qft.py,144,333,0,operand
With_import/QFT/qiskit_qft.py,145,334,],operator
With_import/QFT/qiskit_qft.py,146,335,),operator
With_import/QFT/qiskit_qft.py,147,337,qc,operand
With_import/QFT/qiskit_qft.py,148,339,.,ignored
With_import/QFT/qiskit_qft.py,149,340,measure,operator
With_import/QFT/qiskit_qft.py,150,347,(,operator
With_import/QFT/qiskit_qft.py,151,348,qr,operand
With_import/QFT/qiskit_qft.py,152,350,[,operator
With_import/QFT/qiskit_qft.py,153,351,1,operand
With_import/QFT/qiskit_qft.py,154,352,],operator
With_import/QFT/qiskit_qft.py,155,353,",",operator
With_import/QFT/qiskit_qft.py,156,355,cr,operand
With_import/QFT/qiskit_qft.py,157,357,[,operator
With_import/QFT/qiskit_qft.py,158,358,1,operand
With_import/QFT/qiskit_qft.py,159,359,],operator
With_import/QFT/qiskit_qft.py,160,360,),operator
With_import/QFT/qiskit_qft.py,161,362,qc,operand
With_import/QFT/qiskit_qft.py,162,364,.,ignored
With_import/QFT/qiskit_qft.py,163,365,measure,operator
With_import/QFT/qiskit_qft.py,164,372,(,operator
With_import/QFT/qiskit_qft.py,165,373,qr,operand
With_import/QFT/qiskit_qft.py,166,375,[,operator
With_import/QFT/qiskit_qft.py,167,376,2,operand
With_import/QFT/qiskit_qft.py,168,377,],operator
With_import/QFT/qiskit_qft.py,169,378,",",operator
With_import/QFT/qiskit_qft.py,170,380,cr,operand
With_import/QFT/qiskit_qft.py,171,382,[,operator
With_import/QFT/qiskit_qft.py,172,383,2,operand
With_import/QFT/qiskit_qft.py,173,384,],operator
With_import/QFT/qiskit_qft.py,174,385,),operator
With_import/QFT/qsharp_qft.qs,0,0,namespace,operand
With_import/QFT/qsharp_qft.qs,1,10,QFTResearch,operand
With_import/QFT/qsharp_qft.qs,2,22,{,ignored
With_import/QFT/qsharp_qft.qs,3,28,open,operand
With_import/QFT/qsharp_qft.qs,4,33,Microsoft,operand
With_import/QFT/qsharp_qft.qs,5,42,.,ignored
With_import/QFT/qsharp_qft.qs,6,43,Quantum,operand
With_import/QFT/qsharp_qft.qs,7,50,.,ignored
With_import/QFT/qsharp_qft.qs,8,51,Intrinsic,operand
With_import/QFT/qsharp_qft.qs,9,60,;,operator
With_import/QFT/qsharp_qft.qs,10,66,open,operand
With_import/QFT/qsharp_qft.qs,11,71,Microsoft,operand
With_import/QFT/qsharp_qft.qs,12,80,.,ignored
With_import/QFT/qsharp_qft.qs,13,81,Quantum,operand
With_import/QFT/qsharp_qft.qs,14,88,.,ignored
With_import/QFT/qsharp_qft.qs,15,89,Math,operand
With_import/QFT/qsharp_qft.qs,16,93,;,operator
With_import/QFT/qsharp_qft.qs,17,99,@,operator
With_import/QFT/qsharp_qft.qs,18,100,EntryPoint,operator
With_import/QFT/qsharp_qft.qs,19,110,(,operator
With_import/QFT/qsharp_qft.qs,20,111,),operator
With_import/QFT/qsharp_qft.qs,21,117,operation,operand
With_import/QFT/qsharp_qft.qs,22,127,QFT3,operator
With_import/QFT/qsharp_qft.qs,23,131,(,operator
With_import/QFT/qsharp_qft.qs,24,132,),operator
With_import/QFT/qsharp_qft.qs,25,136,(,operator
With_import/QFT/qsharp_qft.qs,26,137,Result,operand
With_import/QFT/qsharp_qft.qs,27,143,",",operator
With_import/QFT/qsharp_qft.qs,28,145,Result,operand
With_import/QFT/qsharp_qft.qs,29,151,",",operator
With_import/QFT/qsharp_qft.qs,30,153,Result,operand
With_import/QFT/qsharp_qft.qs,31,159,),operator
With_import/QFT/qsharp_qft.qs,32,161,{,ignored
With_import/QFT/qsharp_qft.qs,33,171,use,operator
With_import/QFT/qsharp_qft.qs,34,175,q,operand
With_import/QFT/qsharp_qft.qs,35,177,=,operator
With_import/QFT/qsharp_qft.qs,36,179,Qubit,operand
With_import/QFT/qsharp_qft.qs,37,184,[,operator
With_import/QFT/qsharp_qft.qs,38,185,3,operand
With_import/QFT/qsharp_qft.qs,39,186,],operator
With_import/QFT/qsharp_qft.qs,40,187,;,operator
With_import/QFT/qsharp_qft.qs,41,197,H,operator
With_import/QFT/qsharp_qft.qs,42,198,(,operator
With_import/QFT/qsharp_qft.qs,43,199,q,operand
With_import/QFT/qsharp_qft.qs,44,200,[,operator
With_import/QFT/qsharp_qft.qs,45,201,0,operand
With_import/QFT/qsharp_qft.qs,46,202,],operator
With_import/QFT/qsharp_qft.qs,47,203,),operator
With_import/QFT/qsharp_qft.qs,48,204,;,operator
With_import/QFT/qsharp_qft.qs,49,214,Controlled,operator
With_import/QFT/qsharp_qft.qs,50,225,R1,operator
With_import/QFT/qsharp_qft.qs,51,227,(,operator
With_import/QFT/qsharp_qft.qs,52,228,[,operator
With_import/QFT/qsharp_qft.qs,53,229,q,operand
With_import/QFT/qsharp_qft.qs,54,230,[,operator
With_import/QFT/qsharp_qft.qs,55,231,1,operand
With_import/QFT/qsharp_qft.qs,56,232,],operator
With_import/QFT/qsharp_qft.qs,57,233,],operator
With_import/QFT/qsharp_qft.qs,58,234,",",operator
With_import/QFT/qsharp_qft.qs,59,236,(,operator
With_import/QFT/qsharp_qft.qs,60,237,PI,operator
With_import/QFT/qsharp_qft.qs,61,239,(,operator
With_import/QFT/qsharp_qft.qs,62,240,),operator
With_import/QFT/qsharp_qft.qs,63,242,/,operator
With_import/QFT/qsharp_qft.qs,64,244,2.0,operand
With_import/QFT/qsharp_qft.qs,65,247,",",operator
With_import/QFT/qsharp_qft.qs,66,249,q,operand
With_import/QFT/qsharp_qft.qs,67,250,[,operator
With_import/QFT/qsharp_qft.qs,68,251,0,operand
With_import/QFT/qsharp_qft.qs,69,252,],operator
With_import/QFT/qsharp_qft.qs,70,253,),operator
With_import/QFT/qsharp_qft.qs,71,254,),operator
With_import/QFT/qsharp_qft.qs,72,255,;,operator
With_import/QFT/qsharp_qft.qs,73,265,Controlled,operator
With_import/QFT/qsharp_qft.qs,74,276,R1,operator
With_import/QFT/qsharp_qft.qs,75,278,(,operator
With_import/QFT/qsharp_qft.qs,76,279,[,operator
With_import/QFT/qsharp_qft.qs,77,280,q,operand
With_import/QFT/qsharp_qft.qs,78,281,[,operator
With_import/QFT/qsharp_qft.qs,79,282,2,operand
With_import/QFT/qsharp_qft.qs,80,283,],operator
With_import/QFT/qsharp_qft.qs,81,284,],operator
With_import/QFT/qsharp_qft.qs,82,285,",",operator
With_import/QFT/qsharp_qft.qs,83,287,(,operator
With_import/QFT/qsharp_qft.qs,84,288,PI,operator
With_import/QFT/qsharp_qft.qs,85,290,(,operator
With_import/QFT/qsharp_qft.qs,86,291,),operator
With_import/QFT/qsharp_qft.qs,87,293,/,operator
With_import/QFT/qsharp_qft.qs,88,295,4.0,operand
With_import/QFT/qsharp_qft.qs,89,298,",",operator
With_import/QFT/qsharp_qft.qs,90,300,q,operand
With_import/QFT/qsharp_qft.qs,91,301,[,operator
With_import/QFT/qsharp_qft.qs,92,302,0,operand
With_import/QFT/qsharp_qft.qs,93,303,],operator
With_import/QFT/qsharp_qft.qs,94,304,),operator
With_import/QFT/qsharp_qft.qs,95,305,),operator
With_import/QFT/qsharp_qft.qs,96,306,;,operator
With_import/QFT/qsharp_qft.qs,97,316,H,operator
With_import/QFT/qsharp_qft.qs,98,317,(,operator
With_import/QFT/qsharp_qft.qs,99,318,q,operand
With_import/QFT/qsharp_qft.qs,100,319,[,operator
With_import/QFT/qsharp_qft.qs,101,320,1,operand
With_import/QFT/qsharp_qft.qs,102,321,],operator
With_import/QFT/qsharp_qft.qs,103,322,),operator
With_import/QFT/qsharp_qft.qs,104,323,;,operator
With_import/QFT/qsharp_qft.qs,105,333,Controlled,operator
With_import/QFT/qsharp_qft.qs,106,344,R1,operator
With_import/QFT/qsharp_qft.qs,107,346,(,operator
With_import/QFT/qsharp_qft.qs,108,347,[,operator
With_import/QFT/qsharp_qft.qs,109,348,q,operand
With_import/QFT/qsharp_qft.qs,110,349,[,operator
With_import/QFT/qsharp_qft.qs,111,350,2,operand
With_import/QFT/qsharp_qft.qs,112,351,],operator
With_import/QFT/qsharp_qft.qs,113,352,],operator
With_import/QFT/qsharp_qft.qs,114,353,",",operator
With_import/QFT/qsharp_qft.qs,115,355,(,operator
With_import/QFT/qsharp_qft.qs,116,356,PI,operator
With_import/QFT/qsharp_qft.qs,117,358,(,operator
With_import/QFT/qsharp_qft.qs,118,359,),operator
With_import/QFT/qsharp_qft.qs,119,361,/,operator
With_import/QFT/qsharp_qft.qs,120,363,2.0,operand
With_import/QFT/qsharp_qft.qs,121,366,",",operator
With_import/QFT/qsharp_qft.qs,122,368,q,operand
With_import/QFT/qsharp_qft.qs,123,369,[,operator
With_import/QFT/qsharp_qft.qs,124,370,1,operand
With_import/QFT/qsharp_qft.qs,125,371,],operator
With_import/QFT/qsharp_qft.qs,126,372,),operator
With_import/QFT/qsharp_qft.qs,127,373,),operator
With_import/QFT/qsharp_qft.qs,128,374,;,operator
With_import/QFT/qsharp_qft.qs,129,384,H,operator
With_import/QFT/qsharp_qft.qs,130,385,(,operator
With_import/QFT/qsharp_qft.qs,131,386,q,operand
With_import/QFT/qsharp_qft.qs,132,387,[,operator
With_import/QFT/qsharp_qft.qs,133,388,2,operand
With_import/QFT/qsharp_qft.qs,134,389,],operator
With_import/QFT/qsharp_qft.qs,135,390,),operator
With_import/QFT/qsharp_qft.qs,136,391,;,operator
With_import/QFT/qsharp_qft.qs,137,401,SWAP,operator
With_import/QFT/qsharp_qft.qs,138,405,(,operator
With_import/QFT/qsharp_qft.qs,139,406,q,operand
With_import/QFT/qsharp_qft.qs,140,407,[,operator
With_import/QFT/qsharp_qft.qs,141,408,0,operand
With_import/QFT/qsharp_qft.qs,142,409,],operator
With_import/QFT/qsharp_qft.qs,143,410,",",operator
With_import/QFT/qsharp_qft.qs,144,412,q,operand
With_import/QFT/qsharp_qft.qs,145,413,[,operator
With_import/QFT/qsharp_qft.qs,146,414,2,operand
With_import/QFT/qsharp_qft.qs,147,415,],operator
With_import/QFT/qsharp_qft.qs,148,416,),operator
With_import/QFT/qsharp_qft.qs,149,417,;,operator
With_import/QFT/qsharp_qft.qs,150,427,let,operator
With_import/QFT/qsharp_qft.qs,151,431,r0,operand
With_import/QFT/qsharp_qft.qs,152,434,=,operator
With_import/QFT/qsharp_qft.qs,153,436,M,operator
With_import/QFT/qsharp_qft.qs,154,437,(,operator
With_import/QFT/qsharp_qft.qs,155,438,q,operand
With_import/QFT/qsharp_qft.qs,156,439,[,operator
With_import/QFT/qsharp_qft.qs,157,440,0,operand
With_import/QFT/qsharp_qft.qs,158,441,],operator
With_import/QFT/qsharp_qft.qs,159,442,),operator
With_import/QFT/qsharp_qft.qs,160,443,;,operator
With_import/QFT/qsharp_qft.qs,161,453,let,operator
With_import/QFT/qsharp_qft.qs,162,457,r1,operand
With_import/QFT/qsharp_qft.qs,163,460,=,operator
With_import/QFT/qsharp_qft.qs,164,462,M,operator
With_import/QFT/qsharp_qft.qs,165,463,(,operator
With_import/QFT/qsharp_qft.qs,166,464,q,operand
With_import/QFT/qsharp_qft.qs,167,465,[,operator
With_import/QFT/qsharp_qft.qs,168,466,1,operand
With_import/QFT/qsharp_qft.qs,169,467,],operator
With_import/QFT/qsharp_qft.qs,170,468,),operator
With_import/QFT/qsharp_qft.qs,171,469,;,operator
With_import/QFT/qsharp_qft.qs,172,479,let,operator
With_import/QFT/qsharp_qft.qs,173,483,r2,operand
With_import/QFT/qsharp_qft.qs,174,486,=,operator
With_import/QFT/qsharp_qft.qs,175,488,M,operator
With_import/QFT/qsharp_qft.qs,176,489,(,operator
With_import/QFT/qsharp_qft.qs,177,490,q,operand
With_import/QFT/qsharp_qft.qs,178,491,[,operator
With_import/QFT/qsharp_qft.qs,179,492,2,operand
With_import/QFT/qsharp_qft.qs,180,493,],operator
With_import/QFT/qsharp_qft.qs,181,494,),operator
With_import/QFT/qsharp_qft.qs,182,495,;,operator
With_import/QFT/qsharp_qft.qs,183,505,ResetAll,operator
With_import/QFT/qsharp_qft.qs,184,513,(,operator
With_import/QFT/qsharp_qft.qs,185,514,q,operand
With_import/QFT/qsharp_qft.qs,186,515,),operator
With_import/QFT/qsharp_qft.qs,187,516,;,operator
With_import/QFT/qsharp_qft.qs,188,526,return,operator
With_import/QFT/qsharp_qft.qs,189,533,(,operator
With_import/QFT/qsharp_qft.qs,190,534,r0,operand
With_import/QFT/qsharp_qft.qs,191,536,",",operator
With_import/QFT/qsharp_qft.qs,192,538,r1,operand
With_import/QFT/qsharp_qft.qs,193,540,",",operator
With_import/QFT/qsharp_qft.qs,194,542,r2,operand
With_import/QFT/qsharp_qft.qs,195,544,),operator
With_import/QFT/qsharp_qft.qs,196,545,;,operator
With_import/QFT/qsharp_qft.qs,197,551,},ignored
With_import/QFT/qsharp_qft.qs,198,553,},ignored
With_import/teleport/cirq_teleport.py,0,0,import,operand
With_import/teleport/cirq_teleport.py,1,7,cirq,operand
With_import/teleport/cirq_teleport.py,2,12,q,operand
With_import/teleport/cirq_teleport.py,3,14,=,operator
With_import/teleport/cirq_teleport.py,4,16,cirq,operand
With_import/teleport/cirq_teleport.py,5,20,.,ignored
With_import/teleport/cirq_teleport.py,6,21,LineQubit,operand
With_import/teleport/cirq_teleport.py,7,30,.,ignored
With_import/teleport/cirq_teleport.py,8,31,range,operator
With_import/teleport/cirq_teleport.py,9,36,(,operator
With_import/teleport/cirq_teleport.py,10,37,3,operand
With_import/teleport/cirq_teleport.py,11,38,),operator
With_import/teleport/cirq_teleport.py,12,40,circuit,operand
With_import/teleport/cirq_teleport.py,13,48,=,operator
With_import/teleport/cirq_teleport.py,14,50,cirq,operand
With_import/teleport/cirq_teleport.py,15,54,.,ignored
With_import/teleport/cirq_teleport.py,16,55,Circuit,operator
With_import/teleport/cirq_teleport.py,17,62,(,operator
With_import/teleport/cirq_teleport.py,18,63,),operator
With_import/teleport/cirq_teleport.py,19,65,circuit,operand
With_import/teleport/cirq_teleport.py,20,72,.,ignored
With_import/teleport/cirq_teleport.py,21,73,append,operator
With_import/teleport/cirq_teleport.py,22,79,(,operator
With_import/teleport/cirq_teleport.py,23,80,[,operator
With_import/teleport/cirq_teleport.py,24,81,cirq,operand
With_import/teleport/cirq_teleport.py,25,85,.,ignored
With_import/teleport/cirq_teleport.py,26,86,H,operator
With_import/teleport/cirq_teleport.py,27,87,(,operator
With_import/teleport/cirq_teleport.py,28,88,q,operand
With_import/teleport/cirq_teleport.py,29,89,[,operator
With_import/teleport/cirq_teleport.py,30,90,1,operand
With_import/teleport/cirq_teleport.py,31,91,],operator
With_import/teleport/cirq_teleport.py,32,92,),operator
With_import/teleport/cirq_teleport.py,33,93,",",operator
With_import/teleport/cirq_teleport.py,34,95,cirq,operand
With_import/teleport/cirq_teleport.py,35,99,.,ignored
With_import/teleport/cirq_teleport.py,36,100,CNOT,operator
With_import/teleport/cirq_teleport.py,37,104,(,operator
With_import/teleport/cirq_teleport.py,38,105,q,operand
With_import/teleport/cirq_teleport.py,39,106,[,operator
With_import/teleport/cirq_teleport.py,40,107,1,operand
With_import/teleport/cirq_teleport.py,41,108,],operator
With_import/teleport/cirq_teleport.py,42,109,",",operator
With_import/teleport/cirq_teleport.py,43,111,q,operand
With_import/teleport/cirq_teleport.py,44,112,[,operator
With_import/teleport/cirq_teleport.py,45,113,2,operand
With_import/teleport/cirq_teleport.py,46,114,],operator
With_import/teleport/cirq_teleport.py,47,115,),operator
With_import/teleport/cirq_teleport.py,48,116,],operator
With_import/teleport/cirq_teleport.py,49,117,),operator
With_import/teleport/cirq_teleport.py,50,119,circuit,operand
With_import/teleport/cirq_teleport.py,51,126,.,ignored
With_import/teleport/cirq_teleport.py,52,127,append,operator
With_import/teleport/cirq_teleport.py,53,133,(,operator
With_import/teleport/cirq_teleport.py,54,134,[,operator
With_import/teleport/cirq_teleport.py,55,135,cirq,operand
With_import/teleport/cirq_teleport.py,56,139,.,ignored
With_import/teleport/cirq_teleport.py,57,140,H,operator
With_import/teleport/cirq_teleport.py,58,141,(,operator
With_import/teleport/cirq_teleport.py,59,142,q,operand
With_import/teleport/cirq_teleport.py,60,143,[,operator
With_import/teleport/cirq_teleport.py,61,144,0,operand
With_import/teleport/cirq_teleport.py,62,145,],operator
With_import/teleport/cirq_teleport.py,63,146,),operator
With_import/teleport/cirq_teleport.py,64,147,",",operator
With_import/teleport/cirq_teleport.py,65,149,cirq,operand
With_import/teleport/cirq_teleport.py,66,153,.,ignored
With_import/teleport/cirq_teleport.py,67,154,T,operator
With_import/teleport/cirq_teleport.py,68,155,(,operator
With_import/teleport/cirq_teleport.py,69,156,q,operand
With_import/teleport/cirq_teleport.py,70,157,[,operator
With_import/teleport/cirq_teleport.py,71,158,0,operand
With_import/teleport/cirq_teleport.py,72,159,],operator
With_import/teleport/cirq_teleport.py,73,160,),operator
With_import/teleport/cirq_teleport.py,74,161,],operator
With_import/teleport/cirq_teleport.py,75,162,),operator
With_import/teleport/cirq_teleport.py,76,164,circuit,operand
With_import/teleport/cirq_teleport.py,77,171,.,ignored
With_import/teleport/cirq_teleport.py,78,172,append,operator
With_import/teleport/cirq_teleport.py,79,178,(,operator
With_import/teleport/cirq_teleport.py,80,179,[,operator
With_import/teleport/cirq_teleport.py,81,180,cirq,operand
With_import/teleport/cirq_teleport.py,82,184,.,ignored
With_import/teleport/cirq_teleport.py,83,185,CNOT,operator
With_import/teleport/cirq_teleport.py,84,189,(,operator
With_import/teleport/cirq_teleport.py,85,190,q,operand
With_import/teleport/cirq_teleport.py,86,191,[,operator
With_import/teleport/cirq_teleport.py,87,192,0,operand
With_import/teleport/cirq_teleport.py,88,193,],operator
With_import/teleport/cirq_teleport.py,89,194,",",operator
With_import/teleport/cirq_teleport.py,90,196,q,operand
With_import/teleport/cirq_teleport.py,91,197,[,operator
With_import/teleport/cirq_teleport.py,92,198,1,operand
With_import/teleport/cirq_teleport.py,93,199,],operator
With_import/teleport/cirq_teleport.py,94,200,),operator
With_import/teleport/cirq_teleport.py,95,201,",",operator
With_import/teleport/cirq_teleport.py,96,203,cirq,operand
With_import/teleport/cirq_teleport.py,97,207,.,ignored
With_import/teleport/cirq_teleport.py,98,208,H,operator
With_import/teleport/cirq_teleport.py,99,209,(,operator
With_import/teleport/cirq_teleport.py,100,210,q,operand
With_import/teleport/cirq_teleport.py,101,211,[,operator
With_import/teleport/cirq_teleport.py,102,212,0,operand
With_import/teleport/cirq_teleport.py,103,213,],operator
With_import/teleport/cirq_teleport.py,104,214,),operator
With_import/teleport/cirq_teleport.py,105,215,],operator
With_import/teleport/cirq_teleport.py,106,216,),operator
With_import/teleport/cirq_teleport.py,107,218,circuit,operand
With_import/teleport/cirq_teleport.py,108,225,.,ignored
With_import/teleport/cirq_teleport.py,109,226,append,operator
With_import/teleport/cirq_teleport.py,110,232,(,operator
With_import/teleport/cirq_teleport.py,111,233,[,operator
With_import/teleport/cirq_teleport.py,112,234,cirq,operand
With_import/teleport/cirq_teleport.py,113,238,.,ignored
With_import/teleport/cirq_teleport.py,114,239,measure,operator
With_import/teleport/cirq_teleport.py,115,246,(,operator
With_import/teleport/cirq_teleport.py,116,247,q,operand
With_import/teleport/cirq_teleport.py,117,248,[,operator
With_import/teleport/cirq_teleport.py,118,249,0,operand
With_import/teleport/cirq_teleport.py,119,250,],operator
With_import/teleport/cirq_teleport.py,120,251,",",operator
With_import/teleport/cirq_teleport.py,121,253,key,operand
With_import/teleport/cirq_teleport.py,122,256,=,operator
With_import/teleport/cirq_teleport.py,123,257,'m0',operand
With_import/teleport/cirq_teleport.py,124,261,),operator
With_import/teleport/cirq_teleport.py,125,262,",",operator
With_import/teleport/cirq_teleport.py,126,264,cirq,operand
With_import/teleport/cirq_teleport.py,127,268,.,ignored
With_import/teleport/cirq_teleport.py,128,269,measure,operator
With_import/teleport/cirq_teleport.py,129,276,(,operator
With_import/teleport/cirq_teleport.py,130,277,q,operand
With_import/teleport/cirq_teleport.py,131,278,[,operator
With_import/teleport/cirq_teleport.py,132,279,1,operand
With_import/teleport/cirq_teleport.py,133,280,],operator
With_import/teleport/cirq_teleport.py,134,281,",",operator
With_import/teleport/cirq_teleport.py,135,283,key,operand
With_import/teleport/cirq_teleport.py,136,286,=,operator
With_import/teleport/cirq_teleport.py,137,287,'m1',operand
With_import/teleport/cirq_teleport.py,138,291,),operator
With_import/teleport/cirq_teleport.py,139,292,],operator
With_import/teleport/cirq_teleport.py,140,293,),operator
With_import/teleport/cirq_teleport.py,141,295,circuit,operand
With_import/teleport/cirq_teleport.py,142,302,.,ignored
With_import/teleport/cirq_teleport.py,143,303,append,operator
With_import/teleport/cirq_teleport.py,144,309,(,operator
With_import/teleport/cirq_teleport.py,145,310,cirq,operand
With_import/teleport/cirq_teleport.py,146,314,.,ignored
With_import/teleport/cirq_teleport.py,147,315,X,operator
With_import/teleport/cirq_teleport.py,148,316,(,operator
With_import/teleport/cirq_teleport.py,149,317,q,operand
With_import/teleport/cirq_teleport.py,150,318,[,operator
With_import/teleport/cirq_teleport.py,151,319,2,operand
With_import/teleport/cirq_teleport.py,152,320,],operator
With_import/teleport/cirq_teleport.py,153,321,),operator
With_import/teleport/cirq_teleport.py,154,322,.,ignored
With_import/teleport/cirq_teleport.py,155,323,with_classical_controls,operator
With_import/teleport/cirq_teleport.py,156,346,(,operator
With_import/teleport/cirq_teleport.py,157,347,'m1',operand
With_import/teleport/cirq_teleport.py,158,351,),operator
With_import/teleport/cirq_teleport.py,159,352,),operator
With_import/teleport/cirq_teleport.py,160,354,circuit,operand
With_import/teleport/cirq_teleport.py,161,361,.,ignored
With_import/teleport/cirq_teleport.py,162,362,append,operator
With_import/teleport/cirq_teleport.py,163,368,(,operator
With_import/teleport/cirq_teleport.py,164,369,cirq,operand
With_import/teleport/cirq_teleport.py,165,373,.,ignored
With_import/teleport/cirq_teleport.py,166,374,Z,operator
With_import/teleport/cirq_teleport.py,167,375,(,operator
With_import/teleport/cirq_teleport.py,168,376,q,operand
With_import/teleport/cirq_teleport.py,169,377,[,operator
With_import/teleport/cirq_teleport.py,170,378,2,operand
With_import/teleport/cirq_teleport.py,171,379,],operator
With_import/teleport/cirq_teleport.py,172,380,),operator
With_import/teleport/cirq_teleport.py,173,381,.,ignored
With_import/teleport/cirq_teleport.py,174,382,with_classical_controls,operator
With_import/teleport/cirq_teleport.py,175,405,(,operator
With_import/teleport/cirq_teleport.py,176,406,'m0',operand
With_import/teleport/cirq_teleport.py,177,410,),operator
With_import/teleport/cirq_teleport.py,178,411,),operator
With_import/teleport/cirq_teleport.py,179,413,circuit,operand
With_import/teleport/cirq_teleport.py,180,420,.,ignored
With_import/teleport/cirq_teleport.py,181,421,append,operator
With_import/teleport/cirq_teleport.py,182,427,(,operator
With_import/teleport/cirq_teleport.py,183,428,cirq,operand
With_import/teleport/cirq_teleport.py,184,432,.,ignored
With_import/teleport/cirq_teleport.py,185,433,measure,operator
With_import/teleport/cirq_teleport.py,186,440,(,operator
With_import/teleport/cirq_teleport.py,187,441,q,operand
With_import/teleport/cirq_teleport.py,188,442,[,operator
With_import/teleport/cirq_teleport.py,189,443,2,operand
With_import/teleport/cirq_teleport.py,190,444,],operator
With_import/teleport/cirq_teleport.py,191,445,",",operator
With_import/teleport/cirq_teleport.py,192,447,key,operand
With_import/teleport/cirq_teleport.py,193,450,=,operator
With_import/teleport/cirq_teleport.py,194,451,'m2',operand
With_import/teleport/cirq_teleport.py,195,455,),operator
With_import/teleport/cirq_teleport.py,196,456,),operator
With_import/teleport/pennylane_teleport.py,0,0,import,operand
With_import/teleport/pennylane_teleport.py,1,7,pennylane,operand
With_import/teleport/pennylane_teleport.py,2,17,as,operand
With_import/teleport/pennylane_teleport.py,3,20,qml,operand
With_import/teleport/pennylane_teleport.py,4,24,dev,operand
With_import/teleport/pennylane_teleport.py,5,28,=,operator
With_import/teleport/pennylane_teleport.py,6,30,qml,operand
With_import/teleport/pennylane_teleport.py,7,33,.,ignored
With_import/teleport/pennylane_teleport.py,8,34,device,operator
With_import/teleport/pennylane_teleport.py,9,40,(,operator
With_import/teleport/pennylane_teleport.py,10,41,"""default.qubit""",operand
With_import/teleport/pennylane_teleport.py,11,56,",",operator
With_import/teleport/pennylane_teleport.py,12,58,wires,operand
With_import/teleport/pennylane_teleport.py,13,63,=,operator
With_import/teleport/pennylane_teleport.py,14,64,3,operand
With_import/teleport/pennylane_teleport.py,15,65,),operator
With_import/teleport/pennylane_teleport.py,16,67,@,operator
With_import/teleport/pennylane_teleport.py,17,68,qml,operand
With_import/teleport/pennylane_teleport.py,18,71,.,ignored
With_import/teleport/pennylane_teleport.py,19,72,qnode,operator
With_import/teleport/pennylane_teleport.py,20,77,(,operator
With_import/teleport/pennylane_teleport.py,21,78,dev,operand
With_import/teleport/pennylane_teleport.py,22,81,),operator
With_import/teleport/pennylane_teleport.py,23,83,def,operand
With_import/teleport/pennylane_teleport.py,24,87,teleportation,operator
With_import/teleport/pennylane_teleport.py,25,100,(,operator
With_import/teleport/pennylane_teleport.py,26,101,),operator
With_import/teleport/pennylane_teleport.py,27,108,qml,operand
With_import/teleport/pennylane_teleport.py,28,111,.,ignored
With_import/teleport/pennylane_teleport.py,29,112,Hadamard,operator
With_import/teleport/pennylane_teleport.py,30,120,(,operator
With_import/teleport/pennylane_teleport.py,31,121,wires,operand
With_import/teleport/pennylane_teleport.py,32,126,=,operator
With_import/teleport/pennylane_teleport.py,33,127,1,operand
With_import/teleport/pennylane_teleport.py,34,128,),operator
With_import/teleport/pennylane_teleport.py,35,134,qml,operand
With_import/teleport/pennylane_teleport.py,36,137,.,ignored
With_import/teleport/pennylane_teleport.py,37,138,CNOT,operator
With_import/teleport/pennylane_teleport.py,38,142,(,operator
With_import/teleport/pennylane_teleport.py,39,143,wires,operand
With_import/teleport/pennylane_teleport.py,40,148,=,operator
With_import/teleport/pennylane_teleport.py,41,149,[,operator
With_import/teleport/pennylane_teleport.py,42,150,1,operand
With_import/teleport/pennylane_teleport.py,43,151,",",operator
With_import/teleport/pennylane_teleport.py,44,153,2,operand
With_import/teleport/pennylane_teleport.py,45,154,],operator
With_import/teleport/pennylane_teleport.py,46,155,),operator
With_import/teleport/pennylane_teleport.py,47,161,qml,operand
With_import/teleport/pennylane_teleport.py,48,164,.,ignored
With_import/teleport/pennylane_teleport.py,49,165,Hadamard,operator
With_import/teleport/pennylane_teleport.py,50,173,(,operator
With_import/teleport/pennylane_teleport.py,51,174,wires,operand
With_import/teleport/pennylane_teleport.py,52,179,=,operator
With_import/teleport/pennylane_teleport.py,53,180,0,operand
With_import/teleport/pennylane_teleport.py,54,181,),operator
With_import/teleport/pennylane_teleport.py,55,187,qml,operand
With_import/teleport/pennylane_teleport.py,56,190,.,ignored
With_import/teleport/pennylane_teleport.py,57,191,T,operator
With_import/teleport/pennylane_teleport.py,58,192,(,operator
With_import/teleport/pennylane_teleport.py,59,193,wires,operand
With_import/teleport/pennylane_teleport.py,60,198,=,operator
With_import/teleport/pennylane_teleport.py,61,199,0,operand
With_import/teleport/pennylane_teleport.py,62,200,),operator
With_import/teleport/pennylane_teleport.py,63,206,qml,operand
With_import/teleport/pennylane_teleport.py,64,209,.,ignored
With_import/teleport/pennylane_teleport.py,65,210,CNOT,operator
With_import/teleport/pennylane_teleport.py,66,214,(,operator
With_import/teleport/pennylane_teleport.py,67,215,wires,operand
With_import/teleport/pennylane_teleport.py,68,220,=,operator
With_import/teleport/pennylane_teleport.py,69,221,[,operator
With_import/teleport/pennylane_teleport.py,70,222,0,operand
With_import/teleport/pennylane_teleport.py,71,223,",",operator
With_import/teleport/pennylane_teleport.py,72,225,1,operand
With_import/teleport/pennylane_teleport.py,73,226,],operator
With_import/teleport/pennylane_teleport.py,74,227,),operator
With_import/teleport/pennylane_teleport.py,75,233,qml,operand
With_import/teleport/pennylane_teleport.py,76,236,.,ignored
With_import/teleport/pennylane_teleport.py,77,237,Hadamard,operator
With_import/teleport/pennylane_teleport.py,78,245,(,operator
With_import/teleport/pennylane_teleport.py,79,246,wires,operand
With_import/teleport/pennylane_teleport.py,80,251,=,operator
With_import/teleport/pennylane_teleport.py,81,252,0,operand
With_import/teleport/pennylane_teleport.py,82,253,),operator
With_import/teleport/pennylane_teleport.py,83,259,m0,operand
With_import/teleport/pennylane_teleport.py,84,262,=,operator
With_import/teleport/pennylane_teleport.py,85,264,qml,operand
With_import/teleport/pennylane_teleport.py,86,267,.,ignored
With_import/teleport/pennylane_teleport.py,87,268,measure,operator
With_import/teleport/pennylane_teleport.py,88,275,(,operator
With_import/teleport/pennylane_teleport.py,89,276,0,operand
With_import/teleport/pennylane_teleport.py,90,277,),operator
With_import/teleport/pennylane_teleport.py,91,283,m1,operand
With_import/teleport/pennylane_teleport.py,92,286,=,operator
With_import/teleport/pennylane_teleport.py,93,288,qml,operand
With_import/teleport/pennylane_teleport.py,94,291,.,ignored
With_import/teleport/pennylane_teleport.py,95,292,measure,operator
With_import/teleport/pennylane_teleport.py,96,299,(,operator
With_import/teleport/pennylane_teleport.py,97,300,1,operand
With_import/teleport/pennylane_teleport.py,98,301,),operator
With_import/teleport/pennylane_teleport.py,99,307,qml,operand
With_import/teleport/pennylane_teleport.py,100,310,.,ignored
With_import/teleport/pennylane_teleport.py,101,311,cond,operator
With_import/teleport/pennylane_teleport.py,102,315,(,operator
With_import/teleport/pennylane_teleport.py,103,316,m1,operand
With_import/teleport/pennylane_teleport.py,104,318,",",operator
With_import/teleport/pennylane_teleport.py,105,320,qml,operand
With_import/teleport/pennylane_teleport.py,106,323,.,ignored
With_import/teleport/pennylane_teleport.py,107,324,PauliX,operand
With_import/teleport/pennylane_teleport.py,108,330,),operator
With_import/teleport/pennylane_teleport.py,109,331,(,operator
With_import/teleport/pennylane_teleport.py,110,332,2,operand
With_import/teleport/pennylane_teleport.py,111,333,),operator
With_import/teleport/pennylane_teleport.py,112,339,qml,operand
With_import/teleport/pennylane_teleport.py,113,342,.,ignored
With_import/teleport/pennylane_teleport.py,114,343,cond,operator
With_import/teleport/pennylane_teleport.py,115,347,(,operator
With_import/teleport/pennylane_teleport.py,116,348,m0,operand
With_import/teleport/pennylane_teleport.py,117,350,",",operator
With_import/teleport/pennylane_teleport.py,118,352,qml,operand
With_import/teleport/pennylane_teleport.py,119,355,.,ignored
With_import/teleport/pennylane_teleport.py,120,356,PauliZ,operand
With_import/teleport/pennylane_teleport.py,121,362,),operator
With_import/teleport/pennylane_teleport.py,122,363,(,operator
With_import/teleport/pennylane_teleport.py,123,364,2,operand
With_import/teleport/pennylane_teleport.py,124,365,),operator
With_import/teleport/pennylane_teleport.py,125,371,return,operator
With_import/teleport/pennylane_teleport.py,126,378,qml,operand
With_import/teleport/pennylane_teleport.py,127,381,.,ignored
With_import/teleport/pennylane_teleport.py,128,382,probs,operator
With_import/teleport/pennylane_teleport.py,129,387,(,operator
With_import/teleport/pennylane_teleport.py,130,388,wires,operand
With_import/teleport/pennylane_teleport.py,131,393,=,operator
With_import/teleport/pennylane_teleport.py,132,394,2,operand
With_import/teleport/pennylane_teleport.py,133,395,),operator
With_import/teleport/qiskit_teleport.py,0,0,from,operand
With_import/teleport/qiskit_teleport.py,1,5,qiskit,operand
With_import/teleport/qiskit_teleport.py,2,12,import,operand
With_import/teleport/qiskit_teleport.py,3,19,QuantumCircuit,operand
With_import/teleport/qiskit_teleport.py,4,33,",",operator
With_import/teleport/qiskit_teleport.py,5,35,QuantumRegister,operand
With_import/teleport/qiskit_teleport.py,6,50,",",operator
With_import/teleport/qiskit_teleport.py,7,52,ClassicalRegister,operand
With_import/teleport/qiskit_teleport.py,8,70,qr,operand
With_import/teleport/qiskit_teleport.py,9,73,=,operator
With_import/teleport/qiskit_teleport.py,10,75,QuantumRegister,operator
With_import/teleport/qiskit_teleport.py,11,90,(,operator
With_import/teleport/qiskit_teleport.py,12,91,3,operand
With_import/teleport/qiskit_teleport.py,13,92,),operator
With_import/teleport/qiskit_teleport.py,14,94,cr,operand
With_import/teleport/qiskit_teleport.py,15,97,=,operator
With_import/teleport/qiskit_teleport.py,16,99,ClassicalRegister,operator
With_import/teleport/qiskit_teleport.py,17,116,(,operator
With_import/teleport/qiskit_teleport.py,18,117,3,operand
With_import/teleport/qiskit_teleport.py,19,118,),operator
With_import/teleport/qiskit_teleport.py,20,120,qc,operand
With_import/teleport/qiskit_teleport.py,21,123,=,operator
With_import/teleport/qiskit_teleport.py,22,125,QuantumCircuit,operator
With_import/teleport/qiskit_teleport.py,23,139,(,operator
With_import/teleport/qiskit_teleport.py,24,140,qr,operand
With_import/teleport/qiskit_teleport.py,25,142,",",operator
With_import/teleport/qiskit_teleport.py,26,144,cr,operand
With_import/teleport/qiskit_teleport.py,27,146,),operator
With_import/teleport/qiskit_teleport.py,28,148,qc,operand
With_import/teleport/qiskit_teleport.py,29,150,.,ignored
With_import/teleport/qiskit_teleport.py,30,151,h,operator
With_import/teleport/qiskit_teleport.py,31,152,(,operator
With_import/teleport/qiskit_teleport.py,32,153,qr,operand
With_import/teleport/qiskit_teleport.py,33,155,[,operator
With_import/teleport/qiskit_teleport.py,34,156,1,operand
With_import/teleport/qiskit_teleport.py,35,157,],operator
With_import/teleport/qiskit_teleport.py,36,158,),operator
With_import/teleport/qiskit_teleport.py,37,160,qc,operand
With_import/teleport/qiskit_teleport.py,38,162,.,ignored
With_import/teleport/qiskit_teleport.py,39,163,cx,operator
With_import/teleport/qiskit_teleport.py,40,165,(,operator
With_import/teleport/qiskit_teleport.py,41,166,qr,operand
With_import/teleport/qiskit_teleport.py,42,168,[,operator
With_import/teleport/qiskit_teleport.py,43,169,1,operand
With_import/teleport/qiskit_teleport.py,44,170,],operator
With_import/teleport/qiskit_teleport.py,45,171,",",operator
With_import/teleport/qiskit_teleport.py,46,173,qr,operand
With_import/teleport/qiskit_teleport.py,47,175,[,operator
With_import/teleport/qiskit_teleport.py,48,176,2,operand
With_import/teleport/qiskit_teleport.py,49,177,],operator
With_import/teleport/qiskit_teleport.py,50,178,),operator
With_import/teleport/qiskit_teleport.py,51,180,qc,operand
With_import/teleport/qiskit_teleport.py,52,182,.,ignored
With_import/teleport/qiskit_teleport.py,53,183,h,operator
With_import/teleport/qiskit_teleport.py,54,184,(,operator
With_import/teleport/qiskit_teleport.py,55,185,qr,operand
With_import/teleport/qiskit_teleport.py,56,187,[,operator
With_import/teleport/qiskit_teleport.py,57,188,0,operand
With_import/teleport/qiskit_teleport.py,58,189,],operator
With_import/teleport/qiskit_teleport.py,59,190,),operator
With_import/teleport/qiskit_teleport.py,60,192,qc,operand
With_import/teleport/qiskit_teleport.py,61,194,.,ignored
With_import/teleport/qiskit_teleport.py,62,195,t,operator
With_import/teleport/qiskit_teleport.py,63,196,(,operator
With_import/teleport/qiskit_teleport.py,64,197,qr,operand
With_import/teleport/qiskit_teleport.py,65,199,[,operator
With_import/teleport/qiskit_teleport.py,66,200,0,operand
With_import/teleport/qiskit_teleport.py,67,201,],operator
With_import/teleport/qiskit_teleport.py,68,202,),operator
With_import/teleport/qiskit_teleport.py,69,204,qc,operand
With_import/teleport/qiskit_teleport.py,70,206,.,ignored
With_import/teleport/qiskit_teleport.py,71,207,cx,operator
With_import/teleport/qiskit_teleport.py,72,209,(,operator
With_import/teleport/qiskit_teleport.py,73,210,qr,operand
With_import/teleport/qiskit_teleport.py,74,212,[,operator
With_import/teleport/qiskit_teleport.py,75,213,0,operand
With_import/teleport/qiskit_teleport.py,76,214,],operator
With_import/teleport/qiskit_teleport.py,77,215,",",operator
With_import/teleport/qiskit_teleport.py,78,217,qr,operand
With_import/teleport/qiskit_teleport.py,79,219,[,operator
With_import/teleport/qiskit_teleport.py,80,220,1,operand
With_import/teleport/qiskit_teleport.py,81,221,],operator
With_import/teleport/qiskit_teleport.py,82,222,),operator
With_import/teleport/qiskit_teleport.py,83,224,qc,operand
With_import/teleport/qiskit_teleport.py,84,226,.,ignored
With_import/teleport/qiskit_teleport.py,85,227,h,operator
With_import/teleport/qiskit_teleport.py,86,228,(,operator
With_import/teleport/qiskit_teleport.py,87,229,qr,operand
With_import/teleport/qiskit_teleport.py,88,231,[,operator
With_import/teleport/qiskit_teleport.py,89,232,0,operand
With_import/teleport/qiskit_teleport.py,90,233,],operator
With_import/teleport/qiskit_teleport.py,91,234,),operator
With_import/teleport/qiskit_teleport.py,92,236,qc,operand
With_import/teleport/qiskit_teleport.py,93,238,.,ignored
With_import/teleport/qiskit_teleport.py,94,239,measure,operator
With_import/teleport/qiskit_teleport.py,95,246,(,operator
With_import/teleport/qiskit_teleport.py,96,247,qr,operand
With_import/teleport/qiskit_teleport.py,97,249,[,operator
With_import/teleport/qiskit_teleport.py,98,250,0,operand
With_import/teleport/qiskit_teleport.py,99,251,],operator
With_import/teleport/qiskit_teleport.py,100,252,",",operator
With_import/teleport/qiskit_teleport.py,101,254,cr,operand
With_import/teleport/qiskit_teleport.py,102,256,[,operator
With_import/teleport/qiskit_teleport.py,103,257,0,operand
With_import/teleport/qiskit_teleport.py,104,258,],operator
With_import/teleport/qiskit_teleport.py,105,259,),operator
With_import/teleport/qiskit_teleport.py,106,261,qc,operand
With_import/teleport/qiskit_teleport.py,107,263,.,ignored
With_import/teleport/qiskit_teleport.py,108,264,measure,operator
With_import/teleport/qiskit_teleport.py,109,271,(,operator
With_import/teleport/qiskit_teleport.py,110,272,qr,operand
With_import/teleport/qiskit_teleport.py,111,274,[,operator
With_import/teleport/qiskit_teleport.py,112,275,1,operand
With_import/teleport/qiskit_teleport.py,113,276,],operator
With_import/teleport/qiskit_teleport.py,114,277,",",operator
With_import/teleport/qiskit_teleport.py,115,279,cr,operand
With_import/teleport/qiskit_teleport.py,116,281,[,operator
With_import/teleport/qiskit_teleport.py,117,282,1,operand
With_import/teleport/qiskit_teleport.py,118,283,],operator
With_import/teleport/qiskit_teleport.py,119,284,),operator
With_import/teleport/qiskit_teleport.py,120,286,with,operand
With_import/teleport/qiskit_teleport.py,121,291,qc,operand
With_import/teleport/qiskit_teleport.py,122,293,.,ignored
With_import/teleport/qiskit_teleport.py,123,294,if_test,operator
With_import/teleport/qiskit_teleport.py,124,301,(,operator
With_import/teleport/qiskit_teleport.py,125,302,(,operator
With_import/teleport/qiskit_teleport.py,126,303,cr,operand
With_import/teleport/qiskit_teleport.py,127,305,[,operator
With_import/teleport/qiskit_teleport.py,128,306,1,operand
With_import/teleport/qiskit_teleport.py,129,307,],operator
With_import/teleport/qiskit_teleport.py,130,308,",",operator
With_import/teleport/qiskit_teleport.py,131,310,1,operand
With_import/teleport/qiskit_teleport.py,132,311,),operator
With_import/teleport/qiskit_teleport.py,133,312,),operator
With_import/teleport/qiskit_teleport.py,134,319,qc,operand
With_import/teleport/qiskit_teleport.py,135,321,.,ignored
With_import/teleport/qiskit_teleport.py,136,322,x,operator
With_import/teleport/qiskit_teleport.py,137,323,(,operator
With_import/teleport/qiskit_teleport.py,138,324,qr,operand
With_import/teleport/qiskit_teleport.py,139,326,[,operator
With_import/teleport/qiskit_teleport.py,140,327,2,operand
With_import/teleport/qiskit_teleport.py,141,328,],operator
With_import/teleport/qiskit_teleport.py,142,329,),operator
With_import/teleport/qiskit_teleport.py,143,331,with,operand
With_import/teleport/qiskit_teleport.py,144,336,qc,operand
With_import/teleport/qiskit_teleport.py,145,338,.,ignored
With_import/teleport/qiskit_teleport.py,146,339,if_test,operator
With_import/teleport/qiskit_teleport.py,147,346,(,operator
With_import/teleport/qiskit_teleport.py,148,347,(,operator
With_import/teleport/qiskit_teleport.py,149,348,cr,operand
With_import/teleport/qiskit_teleport.py,150,350,[,operator
With_import/teleport/qiskit_teleport.py,151,351,0,operand
With_import/teleport/qiskit_teleport.py,152,352,],operator
With_import/teleport/qiskit_teleport.py,153,353,",",operator
With_import/teleport/qiskit_teleport.py,154,355,1,operand
With_import/teleport/qiskit_teleport.py,155,356,),operator
With_import/teleport/qiskit_teleport.py,156,357,),operator
With_import/teleport/qiskit_teleport.py,157,364,qc,operand
With_import/teleport/qiskit_teleport.py,158,366,.,ignored
With_import/teleport/qiskit_teleport.py,159,367,z,operator
With_import/teleport/qiskit_teleport.py,160,368,(,operator
With_import/teleport/qiskit_teleport.py,161,369,qr,operand
With_import/teleport/qiskit_teleport.py,162,371,[,operator
With_import/teleport/qiskit_teleport.py,163,372,2,operand
With_import/teleport/qiskit_teleport.py,164,373,],operator
With_import/teleport/qiskit_teleport.py,165,374,),operator
With_import/teleport/qiskit_teleport.py,166,376,qc,operand
With_import/teleport/qiskit_teleport.py,167,378,.,ignored
With_import/teleport/qiskit_teleport.py,168,379,measure,operator
With_import/teleport/qiskit_teleport.py,169,386,(,operator
With_import/teleport/qiskit_teleport.py,170,387,qr,operand
With_import/teleport/qiskit_teleport.py,171,389,[,operator
With_import/teleport/qiskit_teleport.py,172,390,2,operand
With_import/teleport/qiskit_teleport.py,173,391,],operator
With_import/teleport/qiskit_teleport.py,174,392,",",operator
With_import/teleport/qiskit_teleport.py,175,394,cr,operand
With_import/teleport/qiskit_teleport.py,176,396,[,operator
With_import/teleport/qiskit_teleport.py,177,397,2,operand
With_import/teleport/qiskit_teleport.py,178,398,],operator
With_import/teleport/qiskit_teleport.py,179,399,),operator
With_import/teleport/qsharp_teleport.qs,0,0,namespace,operand
With_import/teleport/qsharp_teleport.qs,1,10,TeleportResearch,operand
With_import/teleport/qsharp_teleport.qs,2,27,{,ignored
With_import/teleport/qsharp_teleport.qs,3,33,open,operand
With_import/teleport/qsharp_teleport.qs,4,38,Microsoft,operand
With_import/teleport/qsharp_teleport.qs,5,47,.,ignored
With_import/teleport/qsharp_teleport.qs,6,48,Quantum,operand
With_import/teleport/qsharp_teleport.qs,7,55,.,ignored
With_import/teleport/qsharp_teleport.qs,8,56,Intrinsic,operand
With_import/teleport/qsharp_teleport.qs,9,65,;,operator
With_import/teleport/qsharp_teleport.qs,10,71,open,operand
With_import/teleport/qsharp_teleport.qs,11,76,Microsoft,operand
With_import/teleport/qsharp_teleport.qs,12,85,.,ignored
With_import/teleport/qsharp_teleport.qs,13,86,Quantum,operand
With_import/teleport/qsharp_teleport.qs,14,93,.,ignored
With_import/teleport/qsharp_teleport.qs,15,94,Measurement,operand
With_import/teleport/qsharp_teleport.qs,16,105,;,operator
With_import/teleport/qsharp_teleport.qs,17,111,@,operator
With_import/teleport/qsharp_teleport.qs,18,112,EntryPoint,operator
With_import/teleport/qsharp_teleport.qs,19,122,(,operator
With_import/teleport/qsharp_teleport.qs,20,123,),operator
With_import/teleport/qsharp_teleport.qs,21,129,operation,operand
With_import/teleport/qsharp_teleport.qs,22,139,Teleport,operator
With_import/teleport/qsharp_teleport.qs,23,147,(,operator
With_import/teleport/qsharp_teleport.qs,24,148,),operator
With_import/teleport/qsharp_teleport.qs,25,152,(,operator
With_import/teleport/qsharp_teleport.qs,26,153,Result,operand
With_import/teleport/qsharp_teleport.qs,27,159,",",operator
With_import/teleport/qsharp_teleport.qs,28,161,Result,operand
With_import/teleport/qsharp_teleport.qs,29,167,",",operator
With_import/teleport/qsharp_teleport.qs,30,169,Result,operand
With_import/teleport/qsharp_teleport.qs,31,175,),operator
With_import/teleport/qsharp_teleport.qs,32,177,{,ignored
With_import/teleport/qsharp_teleport.qs,33,187,use,operator
With_import/teleport/qsharp_teleport.qs,34,191,q,operand
With_import/teleport/qsharp_teleport.qs,35,193,=,operator
With_import/teleport/qsharp_teleport.qs,36,195,Qubit,operand
With_import/teleport/qsharp_teleport.qs,37,200,[,operator
With_import/teleport/qsharp_teleport.qs,38,201,3,operand
With_import/teleport/qsharp_teleport.qs,39,202,],operator
With_import/teleport/qsharp_teleport.qs,40,203,;,operator
With_import/teleport/qsharp_teleport.qs,41,213,H,operator
With_import/teleport/qsharp_teleport.qs,42,214,(,operator
With_import/teleport/qsharp_teleport.qs,43,215,q,operand
With_import/teleport/qsharp_teleport.qs,44,216,[,operator
With_import/teleport/qsharp_teleport.qs,45,217,1,operand
With_import/teleport/qsharp_teleport.qs,46,218,],operator
With_import/teleport/qsharp_teleport.qs,47,219,),operator
With_import/teleport/qsharp_teleport.qs,48,220,;,operator
With_import/teleport/qsharp_teleport.qs,49,230,CNOT,operator
With_import/teleport/qsharp_teleport.qs,50,234,(,operator
With_import/teleport/qsharp_teleport.qs,51,235,q,operand
With_import/teleport/qsharp_teleport.qs,52,236,[,operator
With_import/teleport/qsharp_teleport.qs,53,237,1,operand
With_import/teleport/qsharp_teleport.qs,54,238,],operator
With_import/teleport/qsharp_teleport.qs,55,239,",",operator
With_import/teleport/qsharp_teleport.qs,56,241,q,operand
With_import/teleport/qsharp_teleport.qs,57,242,[,operator
With_import/teleport/qsharp_teleport.qs,58,243,2,operand
With_import/teleport/qsharp_teleport.qs,59,244,],operator
With_import/teleport/qsharp_teleport.qs,60,245,),operator
With_import/teleport/qsharp_teleport.qs,61,246,;,operator
With_import/teleport/qsharp_teleport.qs,62,256,H,operator
With_import/teleport/qsharp_teleport.qs,63,257,(,operator
With_import/teleport/qsharp_teleport.qs,64,258,q,operand
With_import/teleport/qsharp_teleport.qs,65,259,[,operator
With_import/teleport/qsharp_teleport.qs,66,260,0,operand
With_import/teleport/qsharp_teleport.qs,67,261,],operator
With_import/teleport/qsharp_teleport.qs,68,262,),operator
With_import/teleport/qsharp_teleport.qs,69,263,;,operator
With_import/teleport/qsharp_teleport.qs,70,273,T,operator
With_import/teleport/qsharp_teleport.qs,71,274,(,operator
With_import/teleport/qsharp_teleport.qs,72,275,q,operand
With_import/teleport/qsharp_teleport.qs,73,276,[,operator
With_import/teleport/qsharp_teleport.qs,74,277,0,operand
With_import/teleport/qsharp_teleport.qs,75,278,],operator
With_import/teleport/qsharp_teleport.qs,76,279,),operator
With_import/teleport/qsharp_teleport.qs,77,280,;,operator
With_import/teleport/qsharp_teleport.qs,78,290,CNOT,operator
With_import/teleport/qsharp_teleport.qs,79,294,(,operator
With_import/teleport/qsharp_teleport.qs,80,295,q,operand
With_import/teleport/qsharp_teleport.qs,81,296,[,operator
With_import/teleport/qsharp_teleport.qs,82,297,0,operand
With_import/teleport/qsharp_teleport.qs,83,298,],operator
With_import/teleport/qsharp_teleport.qs,84,299,",",operator
With_import/teleport/qsharp_teleport.qs,85,301,q,operand
With_import/teleport/qsharp_teleport.qs,86,302,[,operator
With_import/teleport/qsharp_teleport.qs,87,303,1,operand
With_import/teleport/qsharp_teleport.qs,88,304,],operator
With_import/teleport/qsharp_teleport.qs,89,305,),operator
With_import/teleport/qsharp_teleport.qs,90,306,;,operator
With_import/teleport/qsharp_teleport.qs,91,316,H,operator
With_import/teleport/qsharp_teleport.qs,92,317,(,operator
With_import/teleport/qsharp_teleport.qs,93,318,q,operand
With_import/teleport/qsharp_teleport.qs,94,319,[,operator
With_import/teleport/qsharp_teleport.qs,95,320,0,operand
With_import/teleport/qsharp_teleport.qs,96,321,],operator
With_import/teleport/qsharp_teleport.qs,97,322,),operator
With_import/teleport/qsharp_teleport.qs,98,323,;,operator
With_import/teleport/qsharp_teleport.qs,99,333,let,operator
With_import/teleport/qsharp_teleport.qs,100,337,m0,operand
With_import/teleport/qsharp_teleport.qs,101,340,=,operator
With_import/teleport/qsharp_teleport.qs,102,342,M,operator
With_import/teleport/qsharp_teleport.qs,103,343,(,operator
With_import/teleport/qsharp_teleport.qs,104,344,q,operand
With_import/teleport/qsharp_teleport.qs,105,345,[,operator
With_import/teleport/qsharp_teleport.qs,106,346,0,operand
With_import/teleport/qsharp_teleport.qs,107,347,],operator
With_import/teleport/qsharp_teleport.qs,108,348,),operator
With_import/teleport/qsharp_teleport.qs,109,349,;,operator
With_import/teleport/qsharp_teleport.qs,110,359,let,operator
With_import/teleport/qsharp_teleport.qs,111,363,m1,operand
With_import/teleport/qsharp_teleport.qs,112,366,=,operator
With_import/teleport/qsharp_teleport.qs,113,368,M,operator
With_import/teleport/qsharp_teleport.qs,114,369,(,operator
With_import/teleport/qsharp_teleport.qs,115,370,q,operand
With_import/teleport/qsharp_teleport.qs,116,371,[,operator
With_import/teleport/qsharp_teleport.qs,117,372,1,operand
With_import/teleport/qsharp_teleport.qs,118,373,],operator
With_import/teleport/qsharp_teleport.qs,119,374,),operator
With_import/teleport/qsharp_teleport.qs,120,375,;,operator
With_import/teleport/qsharp_teleport.qs,121,385,if,operator
With_import/teleport/qsharp_teleport.qs,122,388,(,operator
With_import/teleport/qsharp_teleport.qs,123,389,m1,operand
With_import/teleport/qsharp_teleport.qs,124,392,==,operator
With_import/teleport/qsharp_teleport.qs,125,395,One,operand
With_import/teleport/qsharp_teleport.qs,126,398,),operator
With_import/teleport/qsharp_teleport.qs,127,400,{,ignored
With_import/teleport/qsharp_teleport.qs,128,402,X,operator
With_import/teleport/qsharp_teleport.qs,129,403,(,operator
With_import/teleport/qsharp_teleport.qs,130,404,q,operand
With_import/teleport/qsharp_teleport.qs,131,405,[,operator
With_import/teleport/qsharp_teleport.qs,132,406,2,operand
With_import/teleport/qsharp_teleport.qs,133,407,],operator
With_import/teleport/qsharp_teleport.qs,134,408,),operator
With_import/teleport/qsharp_teleport.qs,135,409,;,operator
With_import/teleport/qsharp_teleport.qs,136,411,},ignored
With_import/teleport/qsharp_teleport.qs,137,421,if,operator
With_import/teleport/qsharp_teleport.qs,138,424,(,operator
With_import/teleport/qsharp_teleport.qs,139,425,m0,operand
With_import/teleport/qsharp_teleport.qs,140,428,==,operator
With_import/teleport/qsharp_teleport.qs,141,431,One,operand
With_import/teleport/qsharp_teleport.qs,142,434,),operator
With_import/teleport/qsharp_teleport.qs,143,436,{,ignored
With_import/teleport/qsharp_teleport.qs,144,438,Z,operator
With_import/teleport/qsharp_teleport.qs,145,439,(,operator
With_import/teleport/qsharp_teleport.qs,146,440,q,operand
With_import/teleport/qsharp_teleport.qs,147,441,[,operator
With_import/teleport/qsharp_teleport.qs,148,442,2,operand
With_import/teleport/qsharp_teleport.qs,149,443,],operator
With_import/teleport/qsharp_teleport.qs,150,444,),operator
With_import/teleport/qsharp_teleport.qs,151,445,;,operator
With_import/teleport/qsharp_teleport.qs,152,447,},ignored
With_import/teleport/qsharp_teleport.qs,153,457,let,operator
With_import/teleport/qsharp_teleport.qs,154,461,m2,operand
With_import/teleport/qsharp_teleport.qs,155,464,=,operator
With_import/teleport/qsharp_teleport.qs,156,466,M,operator
With_import/teleport/qsharp_teleport.qs,157,467,(,operator
With_import/teleport/qsharp_teleport.qs,158,468,q,operand
With_import/teleport/qsharp_teleport.qs,159,469,[,operator
With_import/teleport/qsharp_teleport.qs,160,470,2,operand
With_import/teleport/qsharp_teleport.qs,161,471,],operator
With_import/teleport/qsharp_teleport.qs,162,472,),operator
With_import/teleport/qsharp_teleport.qs,163,473,;,operator
With_import/teleport/qsharp_teleport.qs,164,483,ResetAll,operator
With_import/teleport/qsharp_teleport.qs,165,491,(,operator
With_import/teleport/qsharp_teleport.qs,166,492,q,operand
With_import/teleport/qsharp_teleport.qs,167,493,),operator
With_import/teleport/qsharp_teleport.qs,168,494,;,operator
With_import/teleport/qsharp_teleport.qs,169,504,return,operator
With_import/teleport/qsharp_teleport.qs,170,511,(,operator
With_import/teleport/qsharp_teleport.qs,171,512,m0,operand
With_import/teleport/qsharp_teleport.qs,172,514,",",operator
With_import/teleport/qsharp_teleport.qs,173,516,m1,operand
With_import/teleport/qsharp_teleport.qs,174,518,",",operator
With_import/teleport/qsharp_teleport.qs,175,520,m2,operand
With_import/teleport/qsharp_teleport.qs,176,522,),operator
With_import/teleport/qsharp_teleport.qs,177,523,;,operator
With_import/teleport/qsharp_teleport.qs,178,529,},ignored
With_import/teleport/qsharp_teleport.qs,179,531,},ignored
Without_import/bell/cirq_bell.py,0,0,q0,operand
Without_import/bell/cirq_bell.py,1,2,",",operator
Without_import/bell/cirq_bell.py,2,4,q1,operand
Without_import/bell/cirq_bell.py,3,7,=,operator
Without_import/bell/cirq_bell.py,4,9,cirq,operand
Without_import/bell/cirq_bell.py,5,13,.,ignored
Without_import/bell/cirq_bell.py,6,14,LineQubit,operand
Without_import/bell/cirq_bell.py,7,23,.,ignored
Without_import/bell/cirq_bell.py,8,24,range,operator
Without_import/bell/cirq_bell.py,9,29,(,operator
Without_import/bell/cirq_bell.py,10,30,2,operand
Without_import/bell/cirq_bell.py,11,31,),operator
Without_import/bell/cirq_bell.py,12,33,circuit,operand
Without_import/bell/cirq_bell.py,13,41,=,operator
Without_import/bell/cirq_bell.py,14,43,cirq,operand
Without_import/bell/cirq_bell.py,15,47,.,ignored
Without_import/bell/cirq_bell.py,16,48,Circuit,operator
Without_import/bell/cirq_bell.py,17,55,(,operator
Without_import/bell/cirq_bell.py,18,56,),operator
Without_import/bell/cirq_bell.py,19,58,circuit,operand
Without_import/bell/cirq_bell.py,20,65,.,ignored
Without_import/bell/cirq_bell.py,21,66,append,operator
Without_import/bell/cirq_bell.py,22,72,(,operator
Without_import/bell/cirq_bell.py,23,73,cirq,operand
Without_import/bell/cirq_bell.py,24,77,.,ignored
Without_import/bell/cirq_bell.py,25,78,H,operator
Without_import/bell/cirq_bell.py,26,79,(,operator
Without_import/bell/cirq_bell.py,27,80,q0,operand
Without_import/bell/cirq_bell.py,28,82,),operator
Without_import/bell/cirq_bell.py,29,83,),operator
Without_import/bell/cirq_bell.py,30,85,circuit,operand
Without_import/bell/cirq_bell.py,31,92,.,ignored
Without_import/bell/cirq_bell.py,32,93,append,operator
Without_import/bell/cirq_bell.py,33,99,(,operator
Without_import/bell/cirq_bell.py,34,100,cirq,operand
Without_import/bell/cirq_bell.py,35,104,.,ignored
Without_import/bell/cirq_bell.py,36,105,CNOT,operator
Without_import/bell/cirq_bell.py,37,109,(,operator
Without_import/bell/cirq_bell.py,38,110,q0,operand
Without_import/bell/cirq_bell.py,39,112,",",operator
Without_import/bell/cirq_bell.py,40,114,q1,operand
Without_import/bell/cirq_bell.py,41,116,),operator
Without_import/bell/cirq_bell.py,42,117,),operator
Without_import/bell/cirq_bell.py,43,119,circuit,operand
Without_import/bell/cirq_bell.py,44,126,.,ignored
Without_import/bell/cirq_bell.py,45,127,append,operator
Without_import/bell/cirq_bell.py,46,133,(,operator
Without_import/bell/cirq_bell.py,47,134,cirq,operand
Without_import/bell/cirq_bell.py,48,138,.,ignored
Without_import/bell/cirq_bell.py,49,139,measure,operator
Without_import/bell/cirq_bell.py,50,146,(,operator
Without_import/bell/cirq_bell.py,51,147,q0,operand
Without_import/bell/cirq_bell.py,52,149,",",operator
Without_import/bell/cirq_bell.py,53,151,key,operand
Without_import/bell/cirq_bell.py,54,154,=,operator
Without_import/bell/cirq_bell.py,55,155,'m0',operand
Without_import/bell/cirq_bell.py,56,159,),operator
Without_import/bell/cirq_bell.py,57,160,),operator
Without_import/bell/cirq_bell.py,58,162,circuit,operand
Without_import/bell/cirq_bell.py,59,169,.,ignored
Without_import/bell/cirq_bell.py,60,170,append,operator
Without_import/bell/cirq_bell.py,61,176,(,operator
Without_import/bell/cirq_bell.py,62,177,cirq,operand
Without_import/bell/cirq_bell.py,63,181,.,ignored
Without_import/bell/cirq_bell.py,64,182,measure,operator
Without_import/bell/cirq_bell.py,65,189,(,operator
Without_import/bell/cirq_bell.py,66,190,q1,operand
Without_import/bell/cirq_bell.py,67,192,",",operator
Without_import/bell/cirq_bell.py,68,194,key,operand
Without_import/bell/cirq_bell.py,69,197,=,operator
Without_import/bell/cirq_bell.py,70,198,'m1',operand
Without_import/bell/cirq_bell.py,71,202,),operator
Without_import/bell/cirq_bell.py,72,203,),operator
Without_import/bell/pennylane_bell.py,0,0,dev,operand
Without_import/bell/pennylane_bell.py,1,4,=,operator
Without_import/bell/pennylane_bell.py,2,6,qml,operand
Without_import/bell/pennylane_bell.py,3,9,.,ignored
Without_import/bell/pennylane_bell.py,4,10,device,operator
Without_import/bell/pennylane_bell.py,5,16,(,operator
Without_import/bell/pennylane_bell.py,6,17,"""default.qubit""",operand
Without_import/bell/pennylane_bell.py,7,32,",",operator
Without_import/bell/pennylane_bell.py,8,34,wires,operand
Without_import/bell/pennylane_bell.py,9,39,=,operator
Without_import/bell/pennylane_bell.py,10,40,2,operand
Without_import/bell/pennylane_bell.py,11,41,),operator
Without_import/bell/pennylane_bell.py,12,43,@,operator
Without_import/bell/pennylane_bell.py,13,44,qml,operand
Without_import/bell/pennylane_bell.py,14,47,.,ignored
Without_import/bell/pennylane_bell.py,15,48,qnode,operator
Without_import/bell/pennylane_bell.py,16,53,(,operator
Without_import/bell/pennylane_bell.py,17,54,dev,operand
Without_import/bell/pennylane_bell.py,18,57,),operator
Without_import/bell/pennylane_bell.py,19,59,def,operand
Without_import/bell/pennylane_bell.py,20,63,circuit,operator
Without_import/bell/pennylane_bell.py,21,70,(,operator
Without_import/bell/pennylane_bell.py,22,71,),operator
Without_import/bell/pennylane_bell.py,23,78,qml,operand
Without_import/bell/pennylane_bell.py,24,81,.,ignored
Without_import/bell/pennylane_bell.py,25,82,Hadamard,operator
Without_import/bell/pennylane_bell.py,26,90,(,operator
Without_import/bell/pennylane_bell.py,27,91,wires,operand
Without_import/bell/pennylane_bell.py,28,96,=,operator
Without_import/bell/pennylane_bell.py,29,97,0,operand
Without_import/bell/pennylane_bell.py,30,98,),operator
Without_import/bell/pennylane_bell.py,31,104,qml,operand
Without_import/bell/pennylane_bell.py,32,107,.,ignored
Without_import/bell/pennylane_bell.py,33,108,CNOT,operator
Without_import/bell/pennylane_bell.py,34,112,(,operator
Without_import/bell/pennylane_bell.py,35,113,wires,operand
Without_import/bell/pennylane_bell.py,36,118,=,operator
Without_import/bell/pennylane_bell.py,37,119,[,operator
Without_import/bell/pennylane_bell.py,38,120,0,operand
Without_import/bell/pennylane_bell.py,39,121,",",operator
Without_import/bell/pennylane_bell.py,40,123,1,operand
Without_import/bell/pennylane_bell.py,41,124,],operator
Without_import/bell/pennylane_bell.py,42,125,),operator
Without_import/bell/pennylane_bell.py,43,131,return,operator
Without_import/bell/pennylane_bell.py,44,138,qml,operand
Without_import/bell/pennylane_bell.py,45,141,.,ignored
Without_import/bell/pennylane_bell.py,46,142,probs,operator
Without_import/bell/pennylane_bell.py,47,147,(,operator
Without_import/bell/pennylane_bell.py,48,148,wires,operand
Without_import/bell/pennylane_bell.py,49,153,=,operator
Without_import/bell/pennylane_bell.py,50,154,[,operator
Without_import/bell/pennylane_bell.py,51,155,0,operand
Without_import/bell/pennylane_bell.py,52,156,",",operator
Without_import/bell/pennylane_bell.py,53,158,1,operand
Without_import/bell/pennylane_bell.py,54,159,],operator
Without_import/bell/pennylane_bell.py,55,160,),operator
Without_import/bell/qiskit_bell.py,0,0,qr,operand
Without_import/bell/qiskit_bell.py,1,3,=,operator
Without_import/bell/qiskit_bell.py,2,5,QuantumRegister,operator
Without_import/bell/qiskit_bell.py,3,20,(,operator
Without_import/bell/qiskit_bell.py,4,21,2,operand
Without_import/bell/qiskit_bell.py,5,22,),operator
Without_import/bell/qiskit_bell.py,6,24,cr,operand
Without_import/bell/qiskit_bell.py,7,27,=,operator
Without_import/bell/qiskit_bell.py,8,29,ClassicalRegister,operator
Without_import/bell/qiskit_bell.py,9,46,(,operator
Without_import/bell/qiskit_bell.py,10,47,2,operand
Without_import/bell/qiskit_bell.py,11,48,),operator
Without_import/bell/qiskit_bell.py,12,50,qc,operand
Without_import/bell/qiskit_bell.py,13,53,=,operator
Without_import/bell/qiskit_bell.py,14,55,QuantumCircuit,operator
Without_import/bell/qiskit_bell.py,15,69,(,operator
Without_import/bell/qiskit_bell.py,16,70,qr,operand
Without_import/bell/qiskit_bell.py,17,72,",",operator
Without_import/bell/qiskit_bell.py,18,74,cr,operand
Without_import/bell/qiskit_bell.py,19,76,),operator
Without_import/bell/qiskit_bell.py,20,78,qc,operand
Without_import/bell/qiskit_bell.py,21,80,.,ignored
Without_import/bell/qiskit_bell.py,22,81,h,operator
Without_import/bell/qiskit_bell.py,23,82,(,operator
Without_import/bell/qiskit_bell.py,24,83,qr,operand
Without_import/bell/qiskit_bell.py,25,85,[,operator
Without_import/bell/qiskit_bell.py,26,86,0,operand
Without_import/bell/qiskit_bell.py,27,87,],operator
Without_import/bell/qiskit_bell.py,28,88,),operator
Without_import/bell/qiskit_bell.py,29,90,qc,operand
Without_import/bell/qiskit_bell.py,30,92,.,ignored
Without_import/bell/qiskit_bell.py,31,93,cx,operator
Without_import/bell/qiskit_bell.py,32,95,(,operator
Without_import/bell/qiskit_bell.py,33,96,qr,operand
Without_import/bell/qiskit_bell.py,34,98,[,operator
Without_import/bell/qiskit_bell.py,35,99,0,operand
Without_import/bell/qiskit_bell.py,36,100,],operator
Without_import/bell/qiskit_bell.py,37,101,",",operator
Without_import/bell/qiskit_bell.py,38,103,qr,operand
Without_import/bell/qiskit_bell.py,39,105,[,operator
Without_import/bell/qiskit_bell.py,40,106,1,operand
Without_import/bell/qiskit_bell.py,41,107,],operator
Without_import/bell/qiskit_bell.py,42,108,),operator
Without_import/bell/qiskit_bell.py,43,110,qc,operand
Without_import/bell/qiskit_bell.py,44,112,.,ignored
Without_import/bell/qiskit_bell.py,45,113,measure,operator
Without_import/bell/qiskit_bell.py,46,120,(,operator
Without_import/bell/qiskit_bell.py,47,121,qr,operand
Without_import/bell/qiskit_bell.py,48,123,[,operator
Without_import/bell/qiskit_bell.py,49,124,0,operand
Without_import/bell/qiskit_bell.py,50,125,],operator
Without_import/bell/qiskit_bell.py,51,126,",",operator
Without_import/bell/qiskit_bell.py,52,128,cr,operand
Without_import/bell/qiskit_bell.py,53,130,[,operator
Without_import/bell/qiskit_bell.py,54,131,0,operand
Without_import/bell/qiskit_bell.py,55,132,],operator
Without_import/bell/qiskit_bell.py,56,133,),operator
Without_import/bell/qiskit_bell.py,57,135,qc,operand
Without_import/bell/qiskit_bell.py,58,137,.,ignored
Without_import/bell/qiskit_bell.py,59,138,measure,operator
Without_import/bell/qiskit_bell.py,60,145,(,operator
Without_import/bell/qiskit_bell.py,61,146,qr,operand
Without_import/bell/qiskit_bell.py,62,148,[,operator
Without_import/bell/qiskit_bell.py,63,149,1,operand
Without_import/bell/qiskit_bell.py,64,150,],operator
Without_import/bell/qiskit_bell.py,65,151,",",operator
Without_import/bell/qiskit_bell.py,66,153,cr,operand
Without_import/bell/qiskit_bell.py,67,155,[,operator
Without_import/bell/qiskit_bell.py,68,156,1,operand
Without_import/bell/qiskit_bell.py,69,157,],operator
Without_import/bell/qiskit_bell.py,70,158,),operator
Without_import/bell/qsharp_bell.qs,0,0,operation,operand
Without_import/bell/qsharp_bell.qs,1,10,BellState,operator
Without_import/bell/qsharp_bell.qs,2,19,(,operator
Without_import/bell/qsharp_bell.qs,3,20,),operator
Without_import/bell/qsharp_bell.qs,4,24,(,operator
Without_import/bell/qsharp_bell.qs,5,25,Result,operand
Without_import/bell/qsharp_bell.qs,6,31,",",operator
Without_import/bell/qsharp_bell.qs,7,33,Result,operand
Without_import/bell/qsharp_bell.qs,8,39,),operator
Without_import/bell/qsharp_bell.qs,9,41,{,ignored
Without_import/bell/qsharp_bell.qs,10,47,use,operator
Without_import/bell/qsharp_bell.qs,11,51,q,operand
Without_import/bell/qsharp_bell.qs,12,53,=,operator
Without_import/bell/qsharp_bell.qs,13,55,Qubit,operand
Without_import/bell/qsharp_bell.qs,14,60,[,operator
Without_import/bell/qsharp_bell.qs,15,61,2,operand
Without_import/bell/qsharp_bell.qs,16,62,],operator
Without_import/bell/qsharp_bell.qs,17,63,;,operator
Without_import/bell/qsharp_bell.qs,18,69,H,operator
Without_import/bell/qsharp_bell.qs,19,70,(,operator
Without_import/bell/qsharp_bell.qs,20,71,q,operand
Without_import/bell/qsharp_bell.qs,21,72,[,operator
Without_import/bell/qsharp_bell.qs,22,73,0,operand
Without_import/bell/qsharp_bell.qs,23,74,],operator
Without_import/bell/qsharp_bell.qs,24,75,),operator
Without_import/bell/qsharp_bell.qs,25,76,;,operator
Without_import/bell/qsharp_bell.qs,26,82,CNOT,operator
Without_import/bell/qsharp_bell.qs,27,86,(,operator
Without_import/bell/qsharp_bell.qs,28,87,q,operand
Without_import/bell/qsharp_bell.qs,29,88,[,operator
Without_import/bell/qsharp_bell.qs,30,89,0,operand
Without_import/bell/qsharp_bell.qs,31,90,],operator
Without_import/bell/qsharp_bell.qs,32,91,",",operator
Without_import/bell/qsharp_bell.qs,33,93,q,operand
Without_import/bell/qsharp_bell.qs,34,94,[,operator
Without_import/bell/qsharp_bell.qs,35,95,1,operand
Without_import/bell/qsharp_bell.qs,36,96,],operator
Without_import/bell/qsharp_bell.qs,37,97,),operator
Without_import/bell/qsharp_bell.qs,38,98,;,operator
Without_import/bell/qsharp_bell.qs,39,104,let,operator
Without_import/bell/qsharp_bell.qs,40,108,r0,operand
Without_import/bell/qsharp_bell.qs,41,111,=,operator
Without_import/bell/qsharp_bell.qs,42,113,M,operator
Without_import/bell/qsharp_bell.qs,43,114,(,operator
Without_import/bell/qsharp_bell.qs,44,115,q,operand
Without_import/bell/qsharp_bell.qs,45,116,[,operator
Without_import/bell/qsharp_bell.qs,46,117,0,operand
Without_import/bell/qsharp_bell.qs,47,118,],operator
Without_import/bell/qsharp_bell.qs,48,119,),operator
Without_import/bell/qsharp_bell.qs,49,120,;,operator
Without_import/bell/qsharp_bell.qs,50,126,let,operator
Without_import/bell/qsharp_bell.qs,51,130,r1,operand
Without_import/bell/qsharp_bell.qs,52,133,=,operator
Without_import/bell/qsharp_bell.qs,53,135,M,operator
Without_import/bell/qsharp_bell.qs,54,136,(,operator
Without_import/bell/qsharp_bell.qs,55,137,q,operand
Without_import/bell/qsharp_bell.qs,56,138,[,operator
Without_import/bell/qsharp_bell.qs,57,139,1,operand
Without_import/bell/qsharp_bell.qs,58,140,],operator
Without_import/bell/qsharp_bell.qs,59,141,),operator
Without_import/bell/qsharp_bell.qs,60,142,;,operator
Without_import/bell/qsharp_bell.qs,61,148,ResetAll,operator
Without_import/bell/qsharp_bell.qs,62,156,(,operator
Without_import/bell/qsharp_bell.qs,63,157,q,operand
Without_import/bell/qsharp_bell.qs,64,158,),operator
Without_import/bell/qsharp_bell.qs,65,159,;,operator
Without_import/bell/qsharp_bell.qs,66,165,return,operator
Without_import/bell/qsharp_bell.qs,67,172,(,operator
Without_import/bell/qsharp_bell.qs,68,173,r0,operand
Without_import/bell/qsharp_bell.qs,69,175,",",operator
Without_import/bell/qsharp_bell.qs,70,177,r1,operand
Without_import/bell/qsharp_bell.qs,71,179,),operator
Without_import/bell/qsharp_bell.qs,72,180,;,operator
Without_import/bell/qsharp_bell.qs,73,182,},ignored
Without_import/DJ/cirq_dj.py,0,0,q0,operand
Without_import/DJ/cirq_dj.py,1,2,",",operator
Without_import/DJ/cirq_dj.py,2,4,q1,operand
Without_import/DJ/cirq_dj.py,3,6,",",operator
Without_import/DJ/cirq_dj.py,4,8,q2,operand
Without_import/DJ/cirq_dj.py,5,11,=,operator
Without_import/DJ/cirq_dj.py,6,13,cirq,operand
Without_import/DJ/cirq_dj.py,7,17,.,ignored
Without_import/DJ/cirq_dj.py,8,18,LineQubit,operand
Without_import/DJ/cirq_dj.py,9,27,.,ignored
Without_import/DJ/cirq_dj.py,10,28,range,operator
Without_import/DJ/cirq_dj.py,11,33,(,operator
Without_import/DJ/cirq_dj.py,12,34,3,operand
Without_import/DJ/cirq_dj.py,13,35,),operator
Without_import/DJ/cirq_dj.py,14,37,circuit,operand
Without_import/DJ/cirq_dj.py,15,45,=,operator
Without_import/DJ/cirq_dj.py,16,47,cirq,operand
Without_import/DJ/cirq_dj.py,17,51,.,ignored
Without_import/DJ/cirq_dj.py,18,52,Circuit,operator
Without_import/DJ/cirq_dj.py,19,59,(,operator
Without_import/DJ/cirq_dj.py,20,60,),operator
Without_import/DJ/cirq_dj.py,21,62,circuit,operand
Without_import/DJ/cirq_dj.py,22,69,.,ignored
Without_import/DJ/cirq_dj.py,23,70,append,operator
Without_import/DJ/cirq_dj.py,24,76,(,operator
Without_import/DJ/cirq_dj.py,25,77,cirq,operand
Without_import/DJ/cirq_dj.py,26,81,.,ignored
Without_import/DJ/cirq_dj.py,27,82,X,operator
Without_import/DJ/cirq_dj.py,28,83,(,operator
Without_import/DJ/cirq_dj.py,29,84,q2,operand
Without_import/DJ/cirq_dj.py,30,86,),operator
Without_import/DJ/cirq_dj.py,31,87,),operator
Without_import/DJ/cirq_dj.py,32,89,circuit,operand
Without_import/DJ/cirq_dj.py,33,96,.,ignored
Without_import/DJ/cirq_dj.py,34,97,append,operator
Without_import/DJ/cirq_dj.py,35,103,(,operator
Without_import/DJ/cirq_dj.py,36,104,cirq,operand
Without_import/DJ/cirq_dj.py,37,108,.,ignored
Without_import/DJ/cirq_dj.py,38,109,H,operator
Without_import/DJ/cirq_dj.py,39,110,(,operator
Without_import/DJ/cirq_dj.py,40,111,q0,operand
Without_import/DJ/cirq_dj.py,41,113,),operator
Without_import/DJ/cirq_dj.py,42,114,),operator
Without_import/DJ/cirq_dj.py,43,116,circuit,operand
Without_import/DJ/cirq_dj.py,44,123,.,ignored
Without_import/DJ/cirq_dj.py,45,124,append,operator
Without_import/DJ/cirq_dj.py,46,130,(,operator
Without_import/DJ/cirq_dj.py,47,131,cirq,operand
Without_import/DJ/cirq_dj.py,48,135,.,ignored
Without_import/DJ/cirq_dj.py,49,136,H,operator
Without_import/DJ/cirq_dj.py,50,137,(,operator
Without_import/DJ/cirq_dj.py,51,138,q1,operand
Without_import/DJ/cirq_dj.py,52,140,),operator
Without_import/DJ/cirq_dj.py,53,141,),operator
Without_import/DJ/cirq_dj.py,54,143,circuit,operand
Without_import/DJ/cirq_dj.py,55,150,.,ignored
Without_import/DJ/cirq_dj.py,56,151,append,operator
Without_import/DJ/cirq_dj.py,57,157,(,operator
Without_import/DJ/cirq_dj.py,58,158,cirq,operand
Without_import/DJ/cirq_dj.py,59,162,.,ignored
Without_import/DJ/cirq_dj.py,60,163,H,operator
Without_import/DJ/cirq_dj.py,61,164,(,operator
Without_import/DJ/cirq_dj.py,62,165,q2,operand
Without_import/DJ/cirq_dj.py,63,167,),operator
Without_import/DJ/cirq_dj.py,64,168,),operator
Without_import/DJ/cirq_dj.py,65,170,circuit,operand
Without_import/DJ/cirq_dj.py,66,177,.,ignored
Without_import/DJ/cirq_dj.py,67,178,append,operator
Without_import/DJ/cirq_dj.py,68,184,(,operator
Without_import/DJ/cirq_dj.py,69,185,cirq,operand
Without_import/DJ/cirq_dj.py,70,189,.,ignored
Without_import/DJ/cirq_dj.py,71,190,CNOT,operator
Without_import/DJ/cirq_dj.py,72,194,(,operator
Without_import/DJ/cirq_dj.py,73,195,q0,operand
Without_import/DJ/cirq_dj.py,74,197,",",operator
Without_import/DJ/cirq_dj.py,75,199,q2,operand
Without_import/DJ/cirq_dj.py,76,201,),operator
Without_import/DJ/cirq_dj.py,77,202,),operator
Without_import/DJ/cirq_dj.py,78,204,circuit,operand
Without_import/DJ/cirq_dj.py,79,211,.,ignored
Without_import/DJ/cirq_dj.py,80,212,append,operator
Without_import/DJ/cirq_dj.py,81,218,(,operator
Without_import/DJ/cirq_dj.py,82,219,cirq,operand
Without_import/DJ/cirq_dj.py,83,223,.,ignored
Without_import/DJ/cirq_dj.py,84,224,CNOT,operator
Without_import/DJ/cirq_dj.py,85,228,(,operator
Without_import/DJ/cirq_dj.py,86,229,q1,operand
Without_import/DJ/cirq_dj.py,87,231,",",operator
Without_import/DJ/cirq_dj.py,88,233,q2,operand
Without_import/DJ/cirq_dj.py,89,235,),operator
Without_import/DJ/cirq_dj.py,90,236,),operator
Without_import/DJ/cirq_dj.py,91,238,circuit,operand
Without_import/DJ/cirq_dj.py,92,245,.,ignored
Without_import/DJ/cirq_dj.py,93,246,append,operator
Without_import/DJ/cirq_dj.py,94,252,(,operator
Without_import/DJ/cirq_dj.py,95,253,cirq,operand
Without_import/DJ/cirq_dj.py,96,257,.,ignored
Without_import/DJ/cirq_dj.py,97,258,H,operator
Without_import/DJ/cirq_dj.py,98,259,(,operator
Without_import/DJ/cirq_dj.py,99,260,q0,operand
Without_import/DJ/cirq_dj.py,100,262,),operator
Without_import/DJ/cirq_dj.py,101,263,),operator
Without_import/DJ/cirq_dj.py,102,265,circuit,operand
Without_import/DJ/cirq_dj.py,103,272,.,ignored
Without_import/DJ/cirq_dj.py,104,273,append,operator
Without_import/DJ/cirq_dj.py,105,279,(,operator
Without_import/DJ/cirq_dj.py,106,280,cirq,operand
Without_import/DJ/cirq_dj.py,107,284,.,ignored
Without_import/DJ/cirq_dj.py,108,285,H,operator
Without_import/DJ/cirq_dj.py,109,286,(,operator
Without_import/DJ/cirq_dj.py,110,287,q1,operand
Without_import/DJ/cirq_dj.py,111,289,),operator
Without_import/DJ/cirq_dj.py,112,290,),operator
Without_import/DJ/cirq_dj.py,113,292,circuit,operand
Without_import/DJ/cirq_dj.py,114,299,.,ignored
Without_import/DJ/cirq_dj.py,115,300,append,operator
Without_import/DJ/cirq_dj.py,116,306,(,operator
Without_import/DJ/cirq_dj.py,117,307,cirq,operand
Without_import/DJ/cirq_dj.py,118,311,.,ignored
Without_import/DJ/cirq_dj.py,119,312,measure,operator
Without_import/DJ/cirq_dj.py,120,319,(,operator
Without_import/DJ/cirq_dj.py,121,320,q0,operand
Without_import/DJ/cirq_dj.py,122,322,",",operator
Without_import/DJ/cirq_dj.py,123,324,key,operand
Without_import/DJ/cirq_dj.py,124,327,=,operator
Without_import/DJ/cirq_dj.py,125,328,'m0',operand
Without_import/DJ/cirq_dj.py,126,332,),operator
Without_import/DJ/cirq_dj.py,127,333,),operator
Without_import/DJ/cirq_dj.py,128,335,circuit,operand
Without_import/DJ/cirq_dj.py,129,342,.,ignored
Without_import/DJ/cirq_dj.py,130,343,append,operator
Without_import/DJ/cirq_dj.py,131,349,(,operator
Without_import/DJ/cirq_dj.py,132,350,cirq,operand
Without_import/DJ/cirq_dj.py,133,354,.,ignored
Without_import/DJ/cirq_dj.py,134,355,measure,operator
Without_import/DJ/cirq_dj.py,135,362,(,operator
Without_import/DJ/cirq_dj.py,136,363,q1,operand
Without_import/DJ/cirq_dj.py,137,365,",",operator
Without_import/DJ/cirq_dj.py,138,367,key,operand
Without_import/DJ/cirq_dj.py,139,370,=,operator
Without_import/DJ/cirq_dj.py,140,371,'m1',operand
Without_import/DJ/cirq_dj.py,141,375,),operator
Without_import/DJ/cirq_dj.py,142,376,),operator
Without_import/DJ/pennylane_dj.py,0,0,dev,operand
Without_import/DJ/pennylane_dj.py,1,4,=,operator
Without_import/DJ/pennylane_dj.py,2,6,qml,operand
Without_import/DJ/pennylane_dj.py,3,9,.,ignored
Without_import/DJ/pennylane_dj.py,4,10,device,operator
Without_import/DJ/pennylane_dj.py,5,16,(,operator
Without_import/DJ/pennylane_dj.py,6,17,"""default.qubit""",operand
Without_import/DJ/pennylane_dj.py,7,32,",",operator
Without_import/DJ/pennylane_dj.py,8,34,wires,operand
Without_import/DJ/pennylane_dj.py,9,39,=,operator
Without_import/DJ/pennylane_dj.py,10,40,3,operand
Without_import/DJ/pennylane_dj.py,11,41,),operator
Without_import/DJ/pennylane_dj.py,12,43,@,operator
Without_import/DJ/pennylane_dj.py,13,44,qml,operand
Without_import/DJ/pennylane_dj.py,14,47,.,ignored
Without_import/DJ/pennylane_dj.py,15,48,qnode,operator
Without_import/DJ/pennylane_dj.py,16,53,(,operator
Without_import/DJ/pennylane_dj.py,17,54,dev,operand
Without_import/DJ/pennylane_dj.py,18,57,),operator
Without_import/DJ/pennylane_dj.py,19,59,def,operand
Without_import/DJ/pennylane_dj.py,20,63,circuit,operator
Without_import/DJ/pennylane_dj.py,21,70,(,operator
Without_import/DJ/pennylane_dj.py,22,71,),operator
Without_import/DJ/pennylane_dj.py,23,78,qml,operand
Without_import/DJ/pennylane_dj.py,24,81,.,ignored
Without_import/DJ/pennylane_dj.py,25,82,PauliX,operator
Without_import/DJ/pennylane_dj.py,26,88,(,operator
Without_import/DJ/pennylane_dj.py,27,89,wires,operand
Without_import/DJ/pennylane_dj.py,28,94,=,operator
Without_import/DJ/pennylane_dj.py,29,95,2,operand
Without_import/DJ/pennylane_dj.py,30,96,),operator
Without_import/DJ/pennylane_dj.py,31,102,qml,operand
Without_import/DJ/pennylane_dj.py,32,105,.,ignored
Without_import/DJ/pennylane_dj.py,33,106,Hadamard,operator
Without_import/DJ/pennylane_dj.py,34,114,(,operator
Without_import/DJ/pennylane_dj.py,35,115,wires,operand
Without_import/DJ/pennylane_dj.py,36,120,=,operator
Without_import/DJ/pennylane_dj.py,37,121,0,operand
Without_import/DJ/pennylane_dj.py,38,122,),operator
Without_import/DJ/pennylane_dj.py,39,128,qml,operand
Without_import/DJ/pennylane_dj.py,40,131,.,ignored
Without_import/DJ/pennylane_dj.py,41,132,Hadamard,operator
Without_import/DJ/pennylane_dj.py,42,140,(,operator
Without_import/DJ/pennylane_dj.py,43,141,wires,operand
Without_import/DJ/pennylane_dj.py,44,146,=,operator
Without_import/DJ/pennylane_dj.py,45,147,1,operand
Without_import/DJ/pennylane_dj.py,46,148,),operator
Without_import/DJ/pennylane_dj.py,47,154,qml,operand
Without_import/DJ/pennylane_dj.py,48,157,.,ignored
Without_import/DJ/pennylane_dj.py,49,158,Hadamard,operator
Without_import/DJ/pennylane_dj.py,50,166,(,operator
Without_import/DJ/pennylane_dj.py,51,167,wires,operand
Without_import/DJ/pennylane_dj.py,52,172,=,operator
Without_import/DJ/pennylane_dj.py,53,173,2,operand
Without_import/DJ/pennylane_dj.py,54,174,),operator
Without_import/DJ/pennylane_dj.py,55,180,qml,operand
Without_import/DJ/pennylane_dj.py,56,183,.,ignored
Without_import/DJ/pennylane_dj.py,57,184,CNOT,operator
Without_import/DJ/pennylane_dj.py,58,188,(,operator
Without_import/DJ/pennylane_dj.py,59,189,wires,operand
Without_import/DJ/pennylane_dj.py,60,194,=,operator
Without_import/DJ/pennylane_dj.py,61,195,[,operator
Without_import/DJ/pennylane_dj.py,62,196,0,operand
Without_import/DJ/pennylane_dj.py,63,197,",",operator
Without_import/DJ/pennylane_dj.py,64,199,2,operand
Without_import/DJ/pennylane_dj.py,65,200,],operator
Without_import/DJ/pennylane_dj.py,66,201,),operator
Without_import/DJ/pennylane_dj.py,67,207,qml,operand
Without_import/DJ/pennylane_dj.py,68,210,.,ignored
Without_import/DJ/pennylane_dj.py,69,211,CNOT,operator
Without_import/DJ/pennylane_dj.py,70,215,(,operator
Without_import/DJ/pennylane_dj.py,71,216,wires,operand
Without_import/DJ/pennylane_dj.py,72,221,=,operator
Without_import/DJ/pennylane_dj.py,73,222,[,operator
Without_import/DJ/pennylane_dj.py,74,223,1,operand
Without_import/DJ/pennylane_dj.py,75,224,",",operator
Without_import/DJ/pennylane_dj.py,76,226,2,operand
Without_import/DJ/pennylane_dj.py,77,227,],operator
Without_import/DJ/pennylane_dj.py,78,228,),operator
Without_import/DJ/pennylane_dj.py,79,234,qml,operand
Without_import/DJ/pennylane_dj.py,80,237,.,ignored
Without_import/DJ/pennylane_dj.py,81,238,Hadamard,operator
Without_import/DJ/pennylane_dj.py,82,246,(,operator
Without_import/DJ/pennylane_dj.py,83,247,wires,operand
Without_import/DJ/pennylane_dj.py,84,252,=,operator
Without_import/DJ/pennylane_dj.py,85,253,0,operand
Without_import/DJ/pennylane_dj.py,86,254,),operator
Without_import/DJ/pennylane_dj.py,87,260,qml,operand
Without_import/DJ/pennylane_dj.py,88,263,.,ignored
Without_import/DJ/pennylane_dj.py,89,264,Hadamard,operator
Without_import/DJ/pennylane_dj.py,90,272,(,operator
Without_import/DJ/pennylane_dj.py,91,273,wires,operand
Without_import/DJ/pennylane_dj.py,92,278,=,operator
Without_import/DJ/pennylane_dj.py,93,279,1,operand
Without_import/DJ/pennylane_dj.py,94,280,),operator
Without_import/DJ/pennylane_dj.py,95,286,return,operator
Without_import/DJ/pennylane_dj.py,96,293,qml,operand
Without_import/DJ/pennylane_dj.py,97,296,.,ignored
Without_import/DJ/pennylane_dj.py,98,297,probs,operator
Without_import/DJ/pennylane_dj.py,99,302,(,operator
Without_import/DJ/pennylane_dj.py,100,303,wires,operand
Without_import/DJ/pennylane_dj.py,101,308,=,operator
Without_import/DJ/pennylane_dj.py,102,309,[,operator
Without_import/DJ/pennylane_dj.py,103,310,0,operand
Without_import/DJ/pennylane_dj.py,104,311,",",operator
Without_import/DJ/pennylane_dj.py,105,313,1,operand
Without_import/DJ/pennylane_dj.py,106,314,],operator
Without_import/DJ/pennylane_dj.py,107,315,),operator
Without_import/DJ/qiskit_dj.py,0,0,qr,operand
Without_import/DJ/qiskit_dj.py,1,3,=,operator
Without_import/DJ/qiskit_dj.py,2,5,QuantumRegister,operator
Without_import/DJ/qiskit_dj.py,3,20,(,operator
Without_import/DJ/qiskit_dj.py,4,21,3,operand
Without_import/DJ/qiskit_dj.py,5,22,),operator
Without_import/DJ/qiskit_dj.py,6,24,cr,operand
Without_import/DJ/qiskit_dj.py,7,27,=,operator
Without_import/DJ/qiskit_dj.py,8,29,ClassicalRegister,operator
Without_import/DJ/qiskit_dj.py,9,46,(,operator
Without_import/DJ/qiskit_dj.py,10,47,2,operand
Without_import/DJ/qiskit_dj.py,11,48,),operator
Without_import/DJ/qiskit_dj.py,12,50,qc,operand
Without_import/DJ/qiskit_dj.py,13,53,=,operator
Without_import/DJ/qiskit_dj.py,14,55,QuantumCircuit,operator
Without_import/DJ/qiskit_dj.py,15,69,(,operator
Without_import/DJ/qiskit_dj.py,16,70,qr,operand
Without_import/DJ/qiskit_dj.py,17,72,",",operator
Without_import/DJ/qiskit_dj.py,18,74,cr,operand
Without_import/DJ/qiskit_dj.py,19,76,),operator
Without_import/DJ/qiskit_dj.py,20,78,qc,operand
Without_import/DJ/qiskit_dj.py,21,80,.,ignored
Without_import/DJ/qiskit_dj.py,22,81,x,operator
Without_import/DJ/qiskit_dj.py,23,82,(,operator
Without_import/DJ/qiskit_dj.py,24,83,qr,operand
Without_import/DJ/qiskit_dj.py,25,85,[,operator
Without_import/DJ/qiskit_dj.py,26,86,2,operand
Without_import/DJ/qiskit_dj.py,27,87,],operator
Without_import/DJ/qiskit_dj.py,28,88,),operator
Without_import/DJ/qiskit_dj.py,29,90,qc,operand
Without_import/DJ/qiskit_dj.py,30,92,.,ignored
Without_import/DJ/qiskit_dj.py,31,93,h,operator
Without_import/DJ/qiskit_dj.py,32,94,(,operator
Without_import/DJ/qiskit_dj.py,33,95,qr,operand
Without_import/DJ/qiskit_dj.py,34,97,[,operator
Without_import/DJ/qiskit_dj.py,35,98,0,operand
Without_import/DJ/qiskit_dj.py,36,99,],operator
Without_import/DJ/qiskit_dj.py,37,100,),operator
Without_import/DJ/qiskit_dj.py,38,102,qc,operand
Without_import/DJ/qiskit_dj.py,39,104,.,ignored
Without_import/DJ/qiskit_dj.py,40,105,h,operator
Without_import/DJ/qiskit_dj.py,41,106,(,operator
Without_import/DJ/qiskit_dj.py,42,107,qr,operand
Without_import/DJ/qiskit_dj.py,43,109,[,operator
Without_import/DJ/qiskit_dj.py,44,110,1,operand
Without_import/DJ/qiskit_dj.py,45,111,],operator
Without_import/DJ/qiskit_dj.py,46,112,),operator
Without_import/DJ/qiskit_dj.py,47,114,qc,operand
Without_import/DJ/qiskit_dj.py,48,116,.,ignored
Without_import/DJ/qiskit_dj.py,49,117,h,operator
Without_import/DJ/qiskit_dj.py,50,118,(,operator
Without_import/DJ/qiskit_dj.py,51,119,qr,operand
Without_import/DJ/qiskit_dj.py,52,121,[,operator
Without_import/DJ/qiskit_dj.py,53,122,2,operand
Without_import/DJ/qiskit_dj.py,54,123,],operator
Without_import/DJ/qiskit_dj.py,55,124,),operator
Without_import/DJ/qiskit_dj.py,56,126,qc,operand
Without_import/DJ/qiskit_dj.py,57,128,.,ignored
Without_import/DJ/qiskit_dj.py,58,129,cx,operator
Without_import/DJ/qiskit_dj.py,59,131,(,operator
Without_import/DJ/qiskit_dj.py,60,132,qr,operand
Without_import/DJ/qiskit_dj.py,61,134,[,operator
Without_import/DJ/qiskit_dj.py,62,135,0,operand
Without_import/DJ/qiskit_dj.py,63,136,],operator
Without_import/DJ/qiskit_dj.py,64,137,",",operator
Without_import/DJ/qiskit_dj.py,65,139,qr,operand
Without_import/DJ/qiskit_dj.py,66,141,[,operator
Without_import/DJ/qiskit_dj.py,67,142,2,operand
Without_import/DJ/qiskit_dj.py,68,143,],operator
Without_import/DJ/qiskit_dj.py,69,144,),operator
Without_import/DJ/qiskit_dj.py,70,146,qc,operand
Without_import/DJ/qiskit_dj.py,71,148,.,ignored
Without_import/DJ/qiskit_dj.py,72,149,cx,operator
Without_import/DJ/qiskit_dj.py,73,151,(,operator
Without_import/DJ/qiskit_dj.py,74,152,qr,operand
Without_import/DJ/qiskit_dj.py,75,154,[,operator
Without_import/DJ/qiskit_dj.py,76,155,1,operand
Without_import/DJ/qiskit_dj.py,77,156,],operator
Without_import/DJ/qiskit_dj.py,78,157,",",operator
Without_import/DJ/qiskit_dj.py,79,159,qr,operand
Without_import/DJ/qiskit_dj.py,80,161,[,operator
Without_import/DJ/qiskit_dj.py,81,162,2,operand
Without_import/DJ/qiskit_dj.py,82,163,],operator
Without_import/DJ/qiskit_dj.py,83,164,),operator
Without_import/DJ/qiskit_dj.py,84,166,qc,operand
Without_import/DJ/qiskit_dj.py,85,168,.,ignored
Without_import/DJ/qiskit_dj.py,86,169,h,operator
Without_import/DJ/qiskit_dj.py,87,170,(,operator
Without_import/DJ/qiskit_dj.py,88,171,qr,operand
Without_import/DJ/qiskit_dj.py,89,173,[,operator
Without_import/DJ/qiskit_dj.py,90,174,0,operand
Without_import/DJ/qiskit_dj.py,91,175,],operator
Without_import/DJ/qiskit_dj.py,92,176,),operator
Without_import/DJ/qiskit_dj.py,93,178,qc,operand
Without_import/DJ/qiskit_dj.py,94,180,.,ignored
Without_import/DJ/qiskit_dj.py,95,181,h,operator
Without_import/DJ/qiskit_dj.py,96,182,(,operator
Without_import/DJ/qiskit_dj.py,97,183,qr,operand
Without_import/DJ/qiskit_dj.py,98,185,[,operator
Without_import/DJ/qiskit_dj.py,99,186,1,operand
Without_import/DJ/qiskit_dj.py,100,187,],operator
Without_import/DJ/qiskit_dj.py,101,188,),operator
Without_import/DJ/qiskit_dj.py,102,190,qc,operand
Without_import/DJ/qiskit_dj.py,103,192,.,ignored
Without_import/DJ/qiskit_dj.py,104,193,measure,operator
Without_import/DJ/qiskit_dj.py,105,200,(,operator
Without_import/DJ/qiskit_dj.py,106,201,qr,operand
Without_import/DJ/qiskit_dj.py,107,203,[,operator
Without_import/DJ/qiskit_dj.py,108,204,0,operand
Without_import/DJ/qiskit_dj.py,109,205,],operator
Without_import/DJ/qiskit_dj.py,110,206,",",operator
Without_import/DJ/qiskit_dj.py,111,208,cr,operand
Without_import/DJ/qiskit_dj.py,112,210,[,operator
Without_import/DJ/qiskit_dj.py,113,211,0,operand
Without_import/DJ/qiskit_dj.py,114,212,],operator
Without_import/DJ/qiskit_dj.py,115,213,),operator
Without_import/DJ/qiskit_dj.py,116,215,qc,operand
Without_import/DJ/qiskit_dj.py,117,217,.,ignored
Without_import/DJ/qiskit_dj.py,118,218,measure,operator
Without_import/DJ/qiskit_dj.py,119,225,(,operator
Without_import/DJ/qiskit_dj.py,120,226,qr,operand
Without_import/DJ/qiskit_dj.py,121,228,[,operator
Without_import/DJ/qiskit_dj.py,122,229,1,operand
Without_import/DJ/qiskit_dj.py,123,230,],operator
Without_import/DJ/qiskit_dj.py,124,231,",",operator
Without_import/DJ/qiskit_dj.py,125,233,cr,operand
Without_import/DJ/qiskit_dj.py,126,235,[,operator
Without_import/DJ/qiskit_dj.py,127,236,1,operand
Without_import/DJ/qiskit_dj.py,128,237,],operator
Without_import/DJ/qiskit_dj.py,129,238,),operator
Without_import/DJ/qsharp_dj.qs,0,0,operation,operand
Without_import/DJ/qsharp_dj.qs,1,10,DeutschJozsa,operator
Without_import/DJ/qsharp_dj.qs,2,22,(,operator
Without_import/DJ/qsharp_dj.qs,3,23,),operator
Without_import/DJ/qsharp_dj.qs,4,27,(,operator
Without_import/DJ/qsharp_dj.qs,5,28,Result,operand
Without_import/DJ/qsharp_dj.qs,6,34,",",operator
Without_import/DJ/qsharp_dj.qs,7,36,Result,operand
Without_import/DJ/qsharp_dj.qs,8,42,),operator
Without_import/DJ/qsharp_dj.qs,9,44,{,ignored
Without_import/DJ/qsharp_dj.qs,10,50,use,operator
Without_import/DJ/qsharp_dj.qs,11,54,q,operand
Without_import/DJ/qsharp_dj.qs,12,56,=,operator
Without_import/DJ/qsharp_dj.qs,13,58,Qubit,operand
Without_import/DJ/qsharp_dj.qs,14,63,[,operator
Without_import/DJ/qsharp_dj.qs,15,64,3,operand
Without_import/DJ/qsharp_dj.qs,16,65,],operator
Without_import/DJ/qsharp_dj.qs,17,66,;,operator
Without_import/DJ/qsharp_dj.qs,18,72,X,operator
Without_import/DJ/qsharp_dj.qs,19,73,(,operator
Without_import/DJ/qsharp_dj.qs,20,74,q,operand
Without_import/DJ/qsharp_dj.qs,21,75,[,operator
Without_import/DJ/qsharp_dj.qs,22,76,2,operand
Without_import/DJ/qsharp_dj.qs,23,77,],operator
Without_import/DJ/qsharp_dj.qs,24,78,),operator
Without_import/DJ/qsharp_dj.qs,25,79,;,operator
Without_import/DJ/qsharp_dj.qs,26,85,H,operator
Without_import/DJ/qsharp_dj.qs,27,86,(,operator
Without_import/DJ/qsharp_dj.qs,28,87,q,operand
Without_import/DJ/qsharp_dj.qs,29,88,[,operator
Without_import/DJ/qsharp_dj.qs,30,89,0,operand
Without_import/DJ/qsharp_dj.qs,31,90,],operator
Without_import/DJ/qsharp_dj.qs,32,91,),operator
Without_import/DJ/qsharp_dj.qs,33,92,;,operator
Without_import/DJ/qsharp_dj.qs,34,98,H,operator
Without_import/DJ/qsharp_dj.qs,35,99,(,operator
Without_import/DJ/qsharp_dj.qs,36,100,q,operand
Without_import/DJ/qsharp_dj.qs,37,101,[,operator
Without_import/DJ/qsharp_dj.qs,38,102,1,operand
Without_import/DJ/qsharp_dj.qs,39,103,],operator
Without_import/DJ/qsharp_dj.qs,40,104,),operator
Without_import/DJ/qsharp_dj.qs,41,105,;,operator
Without_import/DJ/qsharp_dj.qs,42,111,H,operator
Without_import/DJ/qsharp_dj.qs,43,112,(,operator
Without_import/DJ/qsharp_dj.qs,44,113,q,operand
Without_import/DJ/qsharp_dj.qs,45,114,[,operator
Without_import/DJ/qsharp_dj.qs,46,115,2,operand
Without_import/DJ/qsharp_dj.qs,47,116,],operator
Without_import/DJ/qsharp_dj.qs,48,117,),operator
Without_import/DJ/qsharp_dj.qs,49,118,;,operator
Without_import/DJ/qsharp_dj.qs,50,124,CNOT,operator
Without_import/DJ/qsharp_dj.qs,51,128,(,operator
Without_import/DJ/qsharp_dj.qs,52,129,q,operand
Without_import/DJ/qsharp_dj.qs,53,130,[,operator
Without_import/DJ/qsharp_dj.qs,54,131,0,operand
Without_import/DJ/qsharp_dj.qs,55,132,],operator
Without_import/DJ/qsharp_dj.qs,56,133,",",operator
Without_import/DJ/qsharp_dj.qs,57,135,q,operand
Without_import/DJ/qsharp_dj.qs,58,136,[,operator
Without_import/DJ/qsharp_dj.qs,59,137,2,operand
Without_import/DJ/qsharp_dj.qs,60,138,],operator
Without_import/DJ/qsharp_dj.qs,61,139,),operator
Without_import/DJ/qsharp_dj.qs,62,140,;,operator
Without_import/DJ/qsharp_dj.qs,63,146,CNOT,operator
Without_import/DJ/qsharp_dj.qs,64,150,(,operator
Without_import/DJ/qsharp_dj.qs,65,151,q,operand
Without_import/DJ/qsharp_dj.qs,66,152,[,operator
Without_import/DJ/qsharp_dj.qs,67,153,1,operand
Without_import/DJ/qsharp_dj.qs,68,154,],operator
Without_import/DJ/qsharp_dj.qs,69,155,",",operator
Without_import/DJ/qsharp_dj.qs,70,157,q,operand
Without_import/DJ/qsharp_dj.qs,71,158,[,operator
Without_import/DJ/qsharp_dj.qs,72,159,2,operand
Without_import/DJ/qsharp_dj.qs,73,160,],operator
Without_import/DJ/qsharp_dj.qs,74,161,),operator
Without_import/DJ/qsharp_dj.qs,75,162,;,operator
Without_import/DJ/qsharp_dj.qs,76,168,H,operator
Without_import/DJ/qsharp_dj.qs,77,169,(,operator
Without_import/DJ/qsharp_dj.qs,78,170,q,operand
Without_import/DJ/qsharp_dj.qs,79,171,[,operator
Without_import/DJ/qsharp_dj.qs,80,172,0,operand
Without_import/DJ/qsharp_dj.qs,81,173,],operator
Without_import/DJ/qsharp_dj.qs,82,174,),operator
Without_import/DJ/qsharp_dj.qs,83,175,;,operator
Without_import/DJ/qsharp_dj.qs,84,181,H,operator
Without_import/DJ/qsharp_dj.qs,85,182,(,operator
Without_import/DJ/qsharp_dj.qs,86,183,q,operand
Without_import/DJ/qsharp_dj.qs,87,184,[,operator
Without_import/DJ/qsharp_dj.qs,88,185,1,operand
Without_import/DJ/qsharp_dj.qs,89,186,],operator
Without_import/DJ/qsharp_dj.qs,90,187,),operator
Without_import/DJ/qsharp_dj.qs,91,188,;,operator
Without_import/DJ/qsharp_dj.qs,92,194,let,operator
Without_import/DJ/qsharp_dj.qs,93,198,r0,operand
Without_import/DJ/qsharp_dj.qs,94,201,=,operator
Without_import/DJ/qsharp_dj.qs,95,203,M,operator
Without_import/DJ/qsharp_dj.qs,96,204,(,operator
Without_import/DJ/qsharp_dj.qs,97,205,q,operand
Without_import/DJ/qsharp_dj.qs,98,206,[,operator
Without_import/DJ/qsharp_dj.qs,99,207,0,operand
Without_import/DJ/qsharp_dj.qs,100,208,],operator
Without_import/DJ/qsharp_dj.qs,101,209,),operator
Without_import/DJ/qsharp_dj.qs,102,210,;,operator
Without_import/DJ/qsharp_dj.qs,103,216,let,operator
Without_import/DJ/qsharp_dj.qs,104,220,r1,operand
Without_import/DJ/qsharp_dj.qs,105,223,=,operator
Without_import/DJ/qsharp_dj.qs,106,225,M,operator
Without_import/DJ/qsharp_dj.qs,107,226,(,operator
Without_import/DJ/qsharp_dj.qs,108,227,q,operand
Without_import/DJ/qsharp_dj.qs,109,228,[,operator
Without_import/DJ/qsharp_dj.qs,110,229,1,operand
Without_import/DJ/qsharp_dj.qs,111,230,],operator
Without_import/DJ/qsharp_dj.qs,112,231,),operator
Without_import/DJ/qsharp_dj.qs,113,232,;,operator
Without_import/DJ/qsharp_dj.qs,114,238,ResetAll,operator
Without_import/DJ/qsharp_dj.qs,115,246,(,operator
Without_import/DJ/qsharp_dj.qs,116,247,q,operand
Without_import/DJ/qsharp_dj.qs,117,248,),operator
Without_import/DJ/qsharp_dj.qs,118,249,;,operator
Without_import/DJ/qsharp_dj.qs,119,255,return,operator
Without_import/DJ/qsharp_dj.qs,120,262,(,operator
Without_import/DJ/qsharp_dj.qs,121,263,r0,operand
Without_import/DJ/qsharp_dj.qs,122,265,",",operator
Without_import/DJ/qsharp_dj.qs,123,267,r1,operand
Without_import/DJ/qsharp_dj.qs,124,269,),operator
Without_import/DJ/qsharp_dj.qs,125,270,;,operator
Without_import/DJ/qsharp_dj.qs,126,272,},ignored
Without_import/GHZ/cirq_ghz.py,0,0,q0,operand
Without_import/GHZ/cirq_ghz.py,1,2,",",operator
Without_import/GHZ/cirq_ghz.py,2,4,q1,operand
Without_import/GHZ/cirq_ghz.py,3,6,",",operator
Without_import/GHZ/cirq_ghz.py,4,8,q2,operand
Without_import/GHZ/cirq_ghz.py,5,11,=,operator
Without_import/GHZ/cirq_ghz.py,6,13,cirq,operand
Without_import/GHZ/cirq_ghz.py,7,17,.,ignored
Without_import/GHZ/cirq_ghz.py,8,18,LineQubit,operand
Without_import/GHZ/cirq_ghz.py,9,27,.,ignored
Without_import/GHZ/cirq_ghz.py,10,28,range,operator
Without_import/GHZ/cirq_ghz.py,11,33,(,operator
Without_import/GHZ/cirq_ghz.py,12,34,3,operand
Without_import/GHZ/cirq_ghz.py,13,35,),operator
Without_import/GHZ/cirq_ghz.py,14,37,circuit,operand
Without_import/GHZ/cirq_ghz.py,15,45,=,operator
Without_import/GHZ/cirq_ghz.py,16,47,cirq,operand
Without_import/GHZ/cirq_ghz.py,17,51,.,ignored
Without_import/GHZ/cirq_ghz.py,18,52,Circuit,operator
Without_import/GHZ/cirq_ghz.py,19,59,(,operator
Without_import/GHZ/cirq_ghz.py,20,60,),operator
Without_import/GHZ/cirq_ghz.py,21,62,circuit,operand
Without_import/GHZ/cirq_ghz.py,22,69,.,ignored
Without_import/GHZ/cirq_ghz.py,23,70,append,operator
Without_import/GHZ/cirq_ghz.py,24,76,(,operator
Without_import/GHZ/cirq_ghz.py,25,77,cirq,operand
Without_import/GHZ/cirq_ghz.py,26,81,.,ignored
Without_import/GHZ/cirq_ghz.py,27,82,H,operator
Without_import/GHZ/cirq_ghz.py,28,83,(,operator
Without_import/GHZ/cirq_ghz.py,29,84,q0,operand
Without_import/GHZ/cirq_ghz.py,30,86,),operator
Without_import/GHZ/cirq_ghz.py,31,87,),operator
Without_import/GHZ/cirq_ghz.py,32,89,circuit,operand
Without_import/GHZ/cirq_ghz.py,33,96,.,ignored
Without_import/GHZ/cirq_ghz.py,34,97,append,operator
Without_import/GHZ/cirq_ghz.py,35,103,(,operator
Without_import/GHZ/cirq_ghz.py,36,104,cirq,operand
Without_import/GHZ/cirq_ghz.py,37,108,.,ignored
Without_import/GHZ/cirq_ghz.py,38,109,CNOT,operator
Without_import/GHZ/cirq_ghz.py,39,113,(,operator
Without_import/GHZ/cirq_ghz.py,40,114,q0,operand
Without_import/GHZ/cirq_ghz.py,41,116,",",operator
Without_import/GHZ/cirq_ghz.py,42,118,q1,operand
Without_import/GHZ/cirq_ghz.py,43,120,),operator
Without_import/GHZ/cirq_ghz.py,44,121,),operator
Without_import/GHZ/cirq_ghz.py,45,123,circuit,operand
Without_import/GHZ/cirq_ghz.py,46,130,.,ignored
Without_import/GHZ/cirq_ghz.py,47,131,append,operator
Without_import/GHZ/cirq_ghz.py,48,137,(,operator
Without_import/GHZ/cirq_ghz.py,49,138,cirq,operand
Without_import/GHZ/cirq_ghz.py,50,142,.,ignored
Without_import/GHZ/cirq_ghz.py,51,143,CNOT,operator
Without_import/GHZ/cirq_ghz.py,52,147,(,operator
Without_import/GHZ/cirq_ghz.py,53,148,q1,operand
Without_import/GHZ/cirq_ghz.py,54,150,",",operator
Without_import/GHZ/cirq_ghz.py,55,152,q2,operand
Without_import/GHZ/cirq_ghz.py,56,154,),operator
Without_import/GHZ/cirq_ghz.py,57,155,),operator
Without_import/GHZ/cirq_ghz.py,58,157,circuit,operand
Without_import/GHZ/cirq_ghz.py,59,164,.,ignored
Without_import/GHZ/cirq_ghz.py,60,165,append,operator
Without_import/GHZ/cirq_ghz.py,61,171,(,operator
Without_import/GHZ/cirq_ghz.py,62,172,cirq,operand
Without_import/GHZ/cirq_ghz.py,63,176,.,ignored
Without_import/GHZ/cirq_ghz.py,64,177,measure,operator
Without_import/GHZ/cirq_ghz.py,65,184,(,operator
Without_import/GHZ/cirq_ghz.py,66,185,q0,operand
Without_import/GHZ/cirq_ghz.py,67,187,",",operator
Without_import/GHZ/cirq_ghz.py,68,189,key,operand
Without_import/GHZ/cirq_ghz.py,69,192,=,operator
Without_import/GHZ/cirq_ghz.py,70,193,'m0',operand
Without_import/GHZ/cirq_ghz.py,71,197,),operator
Without_import/GHZ/cirq_ghz.py,72,198,),operator
Without_import/GHZ/cirq_ghz.py,73,200,circuit,operand
Without_import/GHZ/cirq_ghz.py,74,207,.,ignored
Without_import/GHZ/cirq_ghz.py,75,208,append,operator
Without_import/GHZ/cirq_ghz.py,76,214,(,operator
Without_import/GHZ/cirq_ghz.py,77,215,cirq,operand
Without_import/GHZ/cirq_ghz.py,78,219,.,ignored
Without_import/GHZ/cirq_ghz.py,79,220,measure,operator
Without_import/GHZ/cirq_ghz.py,80,227,(,operator
Without_import/GHZ/cirq_ghz.py,81,228,q1,operand
Without_import/GHZ/cirq_ghz.py,82,230,",",operator
Without_import/GHZ/cirq_ghz.py,83,232,key,operand
Without_import/GHZ/cirq_ghz.py,84,235,=,operator
Without_import/GHZ/cirq_ghz.py,85,236,'m1',operand
Without_import/GHZ/cirq_ghz.py,86,240,),operator
Without_import/GHZ/cirq_ghz.py,87,241,),operator
Without_import/GHZ/cirq_ghz.py,88,243,circuit,operand
Without_import/GHZ/cirq_ghz.py,89,250,.,ignored
Without_import/GHZ/cirq_ghz.py,90,251,append,operator
Without_import/GHZ/cirq_ghz.py,91,257,(,operator
Without_import/GHZ/cirq_ghz.py,92,258,cirq,operand
Without_import/GHZ/cirq_ghz.py,93,262,.,ignored
Without_import/GHZ/cirq_ghz.py,94,263,measure,operator
Without_import/GHZ/cirq_ghz.py,95,270,(,operator
Without_import/GHZ/cirq_ghz.py,96,271,q2,operand
Without_import/GHZ/cirq_ghz.py,97,273,",",operator
Without_import/GHZ/cirq_ghz.py,98,275,key,operand
Without_import/GHZ/cirq_ghz.py,99,278,=,operator
Without_import/GHZ/cirq_ghz.py,100,279,'m2',operand
Without_import/GHZ/cirq_ghz.py,101,283,),operator
Without_import/GHZ/cirq_ghz.py,102,284,),operator
Without_import/GHZ/pennylane_ghz.py,0,0,dev,operand
Without_import/GHZ/pennylane_ghz.py,1,4,=,operator
Without_import/GHZ/pennylane_ghz.py,2,6,qml,operand
Without_import/GHZ/pennylane_ghz.py,3,9,.,ignored
Without_import/GHZ/pennylane_ghz.py,4,10,device,operator
Without_import/GHZ/pennylane_ghz.py,5,16,(,operator
Without_import/GHZ/pennylane_ghz.py,6,17,"""default.qubit""",operand
Without_import/GHZ/pennylane_ghz.py,7,32,",",operator
Without_import/GHZ/pennylane_ghz.py,8,34,wires,operand
Without_import/GHZ/pennylane_ghz.py,9,39,=,operator
Without_import/GHZ/pennylane_ghz.py,10,40,3,operand
Without_import/GHZ/pennylane_ghz.py,11,41,),operator
Without_import/GHZ/pennylane_ghz.py,12,43,@,operator
Without_import/GHZ/pennylane_ghz.py,13,44,qml,operand
Without_import/GHZ/pennylane_ghz.py,14,47,.,ignored
Without_import/GHZ/pennylane_ghz.py,15,48,qnode,operator
Without_import/GHZ/pennylane_ghz.py,16,53,(,operator
Without_import/GHZ/pennylane_ghz.py,17,54,dev,operand
Without_import/GHZ/pennylane_ghz.py,18,57,),operator
Without_import/GHZ/pennylane_ghz.py,19,59,def,operand
Without_import/GHZ/pennylane_ghz.py,20,63,circuit,operator
Without_import/GHZ/pennylane_ghz.py,21,70,(,operator
Without_import/GHZ/pennylane_ghz.py,22,71,),operator
Without_import/GHZ/pennylane_ghz.py,23,78,qml,operand
Without_import/GHZ/pennylane_ghz.py,24,81,.,ignored
Without_import/GHZ/pennylane_ghz.py,25,82,Hadamard,operator
Without_import/GHZ/pennylane_ghz.py,26,90,(,operator
Without_import/GHZ/pennylane_ghz.py,27,91,wires,operand
Without_import/GHZ/pennylane_ghz.py,28,96,=,operator
Without_import/GHZ/pennylane_ghz.py,29,97,0,operand
Without_import/GHZ/pennylane_ghz.py,30,98,),operator
Without_import/GHZ/pennylane_ghz.py,31,104,qml,operand
Without_import/GHZ/pennylane_ghz.py,32,107,.,ignored
Without_import/GHZ/pennylane_ghz.py,33,108,CNOT,operator
Without_import/GHZ/pennylane_ghz.py,34,112,(,operator
Without_import/GHZ/pennylane_ghz.py,35,113,wires,operand
Without_import/GHZ/pennylane_ghz.py,36,118,=,operator
Without_import/GHZ/pennylane_ghz.py,37,119,[,operator
Without_import/GHZ/pennylane_ghz.py,38,120,0,operand
Without_import/GHZ/pennylane_ghz.py,39,121,",",operator
Without_import/GHZ/pennylane_ghz.py,40,123,1,operand
Without_import/GHZ/pennylane_ghz.py,41,124,],operator
Without_import/GHZ/pennylane_ghz.py,42,125,),operator
Without_import/GHZ/pennylane_ghz.py,43,131,qml,operand
Without_import/GHZ/pennylane_ghz.py,44,134,.,ignored
Without_import/GHZ/pennylane_ghz.py,45,135,CNOT,operator
Without_import/GHZ/pennylane_ghz.py,46,139,(,operator
Without_import/GHZ/pennylane_ghz.py,47,140,wires,operand
Without_import/GHZ/pennylane_ghz.py,48,145,=,operator
Without_import/GHZ/pennylane_ghz.py,49,146,[,operator
Without_import/GHZ/pennylane_ghz.py,50,147,1,operand
Without_import/GHZ/pennylane_ghz.py,51,148,",",operator
Without_import/GHZ/pennylane_ghz.py,52,150,2,operand
Without_import/GHZ/pennylane_ghz.py,53,151,],operator
Without_import/GHZ/pennylane_ghz.py,54,152,),operator
Without_import/GHZ/pennylane_ghz.py,55,158,return,operator
Without_import/GHZ/pennylane_ghz.py,56,165,qml,operand
Without_import/GHZ/pennylane_ghz.py,57,168,.,ignored
Without_import/GHZ/pennylane_ghz.py,58,169,probs,operator
Without_import/GHZ/pennylane_ghz.py,59,174,(,operator
Without_import/GHZ/pennylane_ghz.py,60,175,wires,operand
Without_import/GHZ/pennylane_ghz.py,61,180,=,operator
Without_import/GHZ/pennylane_ghz.py,62,181,[,operator
Without_import/GHZ/pennylane_ghz.py,63,182,0,operand
Without_import/GHZ/pennylane_ghz.py,64,183,",",operator
Without_import/GHZ/pennylane_ghz.py,65,185,1,operand
Without_import/GHZ/pennylane_ghz.py,66,186,",",operator
Without_import/GHZ/pennylane_ghz.py,67,188,2,operand
Without_import/GHZ/pennylane_ghz.py,68,189,],operator
Without_import/GHZ/pennylane_ghz.py,69,190,),operator
Without_import/GHZ/qiskit_ghz.py,0,0,qr,operand
Without_import/GHZ/qiskit_ghz.py,1,3,=,operator
Without_import/GHZ/qiskit_ghz.py,2,5,QuantumRegister,operator
Without_import/GHZ/qiskit_ghz.py,3,20,(,operator
Without_import/GHZ/qiskit_ghz.py,4,21,3,operand
Without_import/GHZ/qiskit_ghz.py,5,22,),operator
Without_import/GHZ/qiskit_ghz.py,6,24,cr,operand
Without_import/GHZ/qiskit_ghz.py,7,27,=,operator
Without_import/GHZ/qiskit_ghz.py,8,29,ClassicalRegister,operator
Without_import/GHZ/qiskit_ghz.py,9,46,(,operator
Without_import/GHZ/qiskit_ghz.py,10,47,3,operand
Without_import/GHZ/qiskit_ghz.py,11,48,),operator
Without_import/GHZ/qiskit_ghz.py,12,50,qc,operand
Without_import/GHZ/qiskit_ghz.py,13,53,=,operator
Without_import/GHZ/qiskit_ghz.py,14,55,QuantumCircuit,operator
Without_import/GHZ/qiskit_ghz.py,15,69,(,operator
Without_import/GHZ/qiskit_ghz.py,16,70,qr,operand
Without_import/GHZ/qiskit_ghz.py,17,72,",",operator
Without_import/GHZ/qiskit_ghz.py,18,74,cr,operand
Without_import/GHZ/qiskit_ghz.py,19,76,),operator
Without_import/GHZ/qiskit_ghz.py,20,78,qc,operand
Without_import/GHZ/qiskit_ghz.py,21,80,.,ignored
Without_import/GHZ/qiskit_ghz.py,22,81,h,operator
Without_import/GHZ/qiskit_ghz.py,23,82,(,operator
Without_import/GHZ/qiskit_ghz.py,24,83,qr,operand
Without_import/GHZ/qiskit_ghz.py,25,85,[,operator
Without_import/GHZ/qiskit_ghz.py,26,86,0,operand
Without_import/GHZ/qiskit_ghz.py,27,87,],operator
Without_import/GHZ/qiskit_ghz.py,28,88,),operator
Without_import/GHZ/qiskit_ghz.py,29,90,qc,operand
Without_import/GHZ/qiskit_ghz.py,30,92,.,ignored
Without_import/GHZ/qiskit_ghz.py,31,93,cx,operator
Without_import/GHZ/qiskit_ghz.py,32,95,(,operator
Without_import/GHZ/qiskit_ghz.py,33,96,qr,operand
Without_import/GHZ/qiskit_ghz.py,34,98,[,operator
Without_import/GHZ/qiskit_ghz.py,35,99,0,operand
Without_import/GHZ/qiskit_ghz.py,36,100,],operator
Without_import/GHZ/qiskit_ghz.py,37,101,",",operator
Without_import/GHZ/qiskit_ghz.py,38,103,qr,operand
Without_import/GHZ/qiskit_ghz.py,39,105,[,operator
Without_import/GHZ/qiskit_ghz.py,40,106,1,operand
Without_import/GHZ/qiskit_ghz.py,41,107,],operator
Without_import/GHZ/qiskit_ghz.py,42,108,),operator
Without_import/GHZ/qiskit_ghz.py,43,110,qc,operand
Without_import/GHZ/qiskit_ghz.py,44,112,.,ignored
Without_import/GHZ/qiskit_ghz.py,45,113,cx,operator
Without_import/GHZ/qiskit_ghz.py,46,115,(,operator
Without_import/GHZ/qiskit_ghz.py,47,116,qr,operand
Without_import/GHZ/qiskit_ghz.py,48,118,[,operator
Without_import/GHZ/qiskit_ghz.py,49,119,1,operand
Without_import/GHZ/qiskit_ghz.py,50,120,],operator
Without_import/GHZ/qiskit_ghz.py,51,121,",",operator
Without_import/GHZ/qiskit_ghz.py,52,123,qr,operand
Without_import/GHZ/qiskit_ghz.py,53,125,[,operator
Without_import/GHZ/qiskit_ghz.py,54,126,2,operand
Without_import/GHZ/qiskit_ghz.py,55,127,],operator
Without_import/GHZ/qiskit_ghz.py,56,128,),operator
Without_import/GHZ/qiskit_ghz.py,57,130,qc,operand
Without_import/GHZ/qiskit_ghz.py,58,132,.,ignored
Without_import/GHZ/qiskit_ghz.py,59,133,measure,operator
Without_import/GHZ/qiskit_ghz.py,60,140,(,operator
Without_import/GHZ/qiskit_ghz.py,61,141,qr,operand
Without_import/GHZ/qiskit_ghz.py,62,143,[,operator
Without_import/GHZ/qiskit_ghz.py,63,144,0,operand
Without_import/GHZ/qiskit_ghz.py,64,145,],operator
Without_import/GHZ/qiskit_ghz.py,65,146,",",operator
Without_import/GHZ/qiskit_ghz.py,66,148,cr,operand
Without_import/GHZ/qiskit_ghz.py,67,150,[,operator
Without_import/GHZ/qiskit_ghz.py,68,151,0,operand
Without_import/GHZ/qiskit_ghz.py,69,152,],operator
Without_import/GHZ/qiskit_ghz.py,70,153,),operator
Without_import/GHZ/qiskit_ghz.py,71,155,qc,operand
Without_import/GHZ/qiskit_ghz.py,72,157,.,ignored
Without_import/GHZ/qiskit_ghz.py,73,158,measure,operator
Without_import/GHZ/qiskit_ghz.py,74,165,(,operator
Without_import/GHZ/qiskit_ghz.py,75,166,qr,operand
Without_import/GHZ/qiskit_ghz.py,76,168,[,operator
Without_import/GHZ/qiskit_ghz.py,77,169,1,operand
Without_import/GHZ/qiskit_ghz.py,78,170,],operator
Without_import/GHZ/qiskit_ghz.py,79,171,",",operator
Without_import/GHZ/qiskit_ghz.py,80,173,cr,operand
Without_import/GHZ/qiskit_ghz.py,81,175,[,operator
Without_import/GHZ/qiskit_ghz.py,82,176,1,operand
Without_import/GHZ/qiskit_ghz.py,83,177,],operator
Without_import/GHZ/qiskit_ghz.py,84,178,),operator
Without_import/GHZ/qiskit_ghz.py,85,180,qc,operand
Without_import/GHZ/qiskit_ghz.py,86,182,.,ignored
Without_import/GHZ/qiskit_ghz.py,87,183,measure,operator
Without_import/GHZ/qiskit_ghz.py,88,190,(,operator
Without_import/GHZ/qiskit_ghz.py,89,191,qr,operand
Without_import/GHZ/qiskit_ghz.py,90,193,[,operator
Without_import/GHZ/qiskit_ghz.py,91,194,2,operand
Without_import/GHZ/qiskit_ghz.py,92,195,],operator
Without_import/GHZ/qiskit_ghz.py,93,196,",",operator
Without_import/GHZ/qiskit_ghz.py,94,198,cr,operand
Without_import/GHZ/qiskit_ghz.py,95,200,[,operator
Without_import/GHZ/qiskit_ghz.py,96,201,2,operand
Without_import/GHZ/qiskit_ghz.py,97,202,],operator
Without_import/GHZ/qiskit_ghz.py,98,203,),operator
Without_import/GHZ/qsharp_ghz.qs,0,0,operation,operand
Without_import/GHZ/qsharp_ghz.qs,1,10,GHZState,operator
Without_import/GHZ/qsharp_ghz.qs,2,18,(,operator
Without_import/GHZ/qsharp_ghz.qs,3,19,),operator
Without_import/GHZ/qsharp_ghz.qs,4,23,(,operator
Without_import/GHZ/qsharp_ghz.qs,5,24,Result,operand
Without_import/GHZ/qsharp_ghz.qs,6,30,",",operator
Without_import/GHZ/qsharp_ghz.qs,7,32,Result,operand
Without_import/GHZ/qsharp_ghz.qs,8,38,",",operator
Without_import/GHZ/qsharp_ghz.qs,9,40,Result,operand
Without_import/GHZ/qsharp_ghz.qs,10,46,),operator
Without_import/GHZ/qsharp_ghz.qs,11,48,{,ignored
Without_import/GHZ/qsharp_ghz.qs,12,54,use,operator
Without_import/GHZ/qsharp_ghz.qs,13,58,q,operand
Without_import/GHZ/qsharp_ghz.qs,14,60,=,operator
Without_import/GHZ/qsharp_ghz.qs,15,62,Qubit,operand
Without_import/GHZ/qsharp_ghz.qs,16,67,[,operator
Without_import/GHZ/qsharp_ghz.qs,17,68,3,operand
Without_import/GHZ/qsharp_ghz.qs,18,69,],operator
Without_import/GHZ/qsharp_ghz.qs,19,70,;,operator
Without_import/GHZ/qsharp_ghz.qs,20,82,H,operator
Without_import/GHZ/qsharp_ghz.qs,21,83,(,operator
Without_import/GHZ/qsharp_ghz.qs,22,84,q,operand
Without_import/GHZ/qsharp_ghz.qs,23,85,[,operator
Without_import/GHZ/qsharp_ghz.qs,24,86,0,operand
Without_import/GHZ/qsharp_ghz.qs,25,87,],operator
Without_import/GHZ/qsharp_ghz.qs,26,88,),operator
Without_import/GHZ/qsharp_ghz.qs,27,89,;,operator
Without_import/GHZ/qsharp_ghz.qs,28,95,CNOT,operator
Without_import/GHZ/qsharp_ghz.qs,29,99,(,operator
Without_import/GHZ/qsharp_ghz.qs,30,100,q,operand
Without_import/GHZ/qsharp_ghz.qs,31,101,[,operator
Without_import/GHZ/qsharp_ghz.qs,32,102,0,operand
Without_import/GHZ/qsharp_ghz.qs,33,103,],operator
Without_import/GHZ/qsharp_ghz.qs,34,104,",",operator
Without_import/GHZ/qsharp_ghz.qs,35,106,q,operand
Without_import/GHZ/qsharp_ghz.qs,36,107,[,operator
Without_import/GHZ/qsharp_ghz.qs,37,108,1,operand
Without_import/GHZ/qsharp_ghz.qs,38,109,],operator
Without_import/GHZ/qsharp_ghz.qs,39,110,),operator
Without_import/GHZ/qsharp_ghz.qs,40,111,;,operator
Without_import/GHZ/qsharp_ghz.qs,41,117,CNOT,operator
Without_import/GHZ/qsharp_ghz.qs,42,121,(,operator
Without_import/GHZ/qsharp_ghz.qs,43,122,q,operand
Without_import/GHZ/qsharp_ghz.qs,44,123,[,operator
Without_import/GHZ/qsharp_ghz.qs,45,124,1,operand
Without_import/GHZ/qsharp_ghz.qs,46,125,],operator
Without_import/GHZ/qsharp_ghz.qs,47,126,",",operator
Without_import/GHZ/qsharp_ghz.qs,48,128,q,operand
Without_import/GHZ/qsharp_ghz.qs,49,129,[,operator
Without_import/GHZ/qsharp_ghz.qs,50,130,2,operand
Without_import/GHZ/qsharp_ghz.qs,51,131,],operator
Without_import/GHZ/qsharp_ghz.qs,52,132,),operator
Without_import/GHZ/qsharp_ghz.qs,53,133,;,operator
Without_import/GHZ/qsharp_ghz.qs,54,146,let,operator
Without_import/GHZ/qsharp_ghz.qs,55,150,m0,operand
Without_import/GHZ/qsharp_ghz.qs,56,153,=,operator
Without_import/GHZ/qsharp_ghz.qs,57,155,M,operator
Without_import/GHZ/qsharp_ghz.qs,58,156,(,operator
Without_import/GHZ/qsharp_ghz.qs,59,157,q,operand
Without_import/GHZ/qsharp_ghz.qs,60,158,[,operator
Without_import/GHZ/qsharp_ghz.qs,61,159,0,operand
Without_import/GHZ/qsharp_ghz.qs,62,160,],operator
Without_import/GHZ/qsharp_ghz.qs,63,161,),operator
Without_import/GHZ/qsharp_ghz.qs,64,162,;,operator
Without_import/GHZ/qsharp_ghz.qs,65,168,let,operator
Without_import/GHZ/qsharp_ghz.qs,66,172,m1,operand
Without_import/GHZ/qsharp_ghz.qs,67,175,=,operator
Without_import/GHZ/qsharp_ghz.qs,68,177,M,operator
Without_import/GHZ/qsharp_ghz.qs,69,178,(,operator
Without_import/GHZ/qsharp_ghz.qs,70,179,q,operand
Without_import/GHZ/qsharp_ghz.qs,71,180,[,operator
Without_import/GHZ/qsharp_ghz.qs,72,181,1,operand
Without_import/GHZ/qsharp_ghz.qs,73,182,],operator
Without_import/GHZ/qsharp_ghz.qs,74,183,),operator
Without_import/GHZ/qsharp_ghz.qs,75,184,;,operator
Without_import/GHZ/qsharp_ghz.qs,76,190,let,operator
Without_import/GHZ/qsharp_ghz.qs,77,194,m2,operand
Without_import/GHZ/qsharp_ghz.qs,78,197,=,operator
Without_import/GHZ/qsharp_ghz.qs,79,199,M,operator
Without_import/GHZ/qsharp_ghz.qs,80,200,(,operator
Without_import/GHZ/qsharp_ghz.qs,81,201,q,operand
Without_import/GHZ/qsharp_ghz.qs,82,202,[,operator
Without_import/GHZ/qsharp_ghz.qs,83,203,2,operand
Without_import/GHZ/qsharp_ghz.qs,84,204,],operator
Without_import/GHZ/qsharp_ghz.qs,85,205,),operator
Without_import/GHZ/qsharp_ghz.qs,86,206,;,operator
Without_import/GHZ/qsharp_ghz.qs,87,212,ResetAll,operator
Without_import/GHZ/qsharp_ghz.qs,88,220,(,operator
Without_import/GHZ/qsharp_ghz.qs,89,221,q,operand
Without_import/GHZ/qsharp_ghz.qs,90,222,),operator
Without_import/GHZ/qsharp_ghz.qs,91,223,;,operator
Without_import/GHZ/qsharp_ghz.qs,92,229,return,operator
Without_import/GHZ/qsharp_ghz.qs,93,236,(,operator
Without_import/GHZ/qsharp_ghz.qs,94,237,m0,operand
Without_import/GHZ/qsharp_ghz.qs,95,239,",",operator
Without_import/GHZ/qsharp_ghz.qs,96,241,m1,operand
Without_import/GHZ/qsharp_ghz.qs,97,243,",",operator
Without_import/GHZ/qsharp_ghz.qs,98,245,m2,operand
Without_import/GHZ/qsharp_ghz.qs,99,247,),operator
Without_import/GHZ/qsharp_ghz.qs,100,248,;,operator
Without_import/GHZ/qsharp_ghz.qs,101,250,},ignored
Without_import/Grover/cirq_grover.py,0,0,q,operand
Without_import/Grover/cirq_grover.py,1,2,=,operator
Without_import/Grover/cirq_grover.py,2,4,cirq,operand
Without_import/Grover/cirq_grover.py,3,8,.,ignored
Without_import/Grover/cirq_grover.py,4,9,LineQubit,operand
Without_import/Grover/cirq_grover.py,5,18,.,ignored
Without_import/Grover/cirq_grover.py,6,19,range,operator
Without_import/Grover/cirq_grover.py,7,24,(,operator
Without_import/Grover/cirq_grover.py,8,25,3,operand
Without_import/Grover/cirq_grover.py,9,26,),operator
Without_import/Grover/cirq_grover.py,10,28,circuit,operand
Without_import/Grover/cirq_grover.py,11,36,=,operator
Without_import/Grover/cirq_grover.py,12,38,cirq,operand
Without_import/Grover/cirq_grover.py,13,42,.,ignored
Without_import/Grover/cirq_grover.py,14,43,Circuit,operator
Without_import/Grover/cirq_grover.py,15,50,(,operator
Without_import/Grover/cirq_grover.py,16,51,),operator
Without_import/Grover/cirq_grover.py,17,53,circuit,operand
Without_import/Grover/cirq_grover.py,18,60,.,ignored
Without_import/Grover/cirq_grover.py,19,61,append,operator
Without_import/Grover/cirq_grover.py,20,67,(,operator
Without_import/Grover/cirq_grover.py,21,68,[,operator
Without_import/Grover/cirq_grover.py,22,69,cirq,operand
Without_import/Grover/cirq_grover.py,23,73,.,ignored
Without_import/Grover/cirq_grover.py,24,74,H,operator
Without_import/Grover/cirq_grover.py,25,75,(,operator
Without_import/Grover/cirq_grover.py,26,76,q,operand
Without_import/Grover/cirq_grover.py,27,77,[,operator
Without_import/Grover/cirq_grover.py,28,78,0,operand
Without_import/Grover/cirq_grover.py,29,79,],operator
Without_import/Grover/cirq_grover.py,30,80,),operator
Without_import/Grover/cirq_grover.py,31,81,",",operator
Without_import/Grover/cirq_grover.py,32,83,cirq,operand
Without_import/Grover/cirq_grover.py,33,87,.,ignored
Without_import/Grover/cirq_grover.py,34,88,H,operator
Without_import/Grover/cirq_grover.py,35,89,(,operator
Without_import/Grover/cirq_grover.py,36,90,q,operand
Without_import/Grover/cirq_grover.py,37,91,[,operator
Without_import/Grover/cirq_grover.py,38,92,1,operand
Without_import/Grover/cirq_grover.py,39,93,],operator
Without_import/Grover/cirq_grover.py,40,94,),operator
Without_import/Grover/cirq_grover.py,41,95,",",operator
Without_import/Grover/cirq_grover.py,42,97,cirq,operand
Without_import/Grover/cirq_grover.py,43,101,.,ignored
Without_import/Grover/cirq_grover.py,44,102,H,operator
Without_import/Grover/cirq_grover.py,45,103,(,operator
Without_import/Grover/cirq_grover.py,46,104,q,operand
Without_import/Grover/cirq_grover.py,47,105,[,operator
Without_import/Grover/cirq_grover.py,48,106,2,operand
Without_import/Grover/cirq_grover.py,49,107,],operator
Without_import/Grover/cirq_grover.py,50,108,),operator
Without_import/Grover/cirq_grover.py,51,109,],operator
Without_import/Grover/cirq_grover.py,52,110,),operator
Without_import/Grover/cirq_grover.py,53,112,circuit,operand
Without_import/Grover/cirq_grover.py,54,119,.,ignored
Without_import/Grover/cirq_grover.py,55,120,append,operator
Without_import/Grover/cirq_grover.py,56,126,(,operator
Without_import/Grover/cirq_grover.py,57,127,cirq,operand
Without_import/Grover/cirq_grover.py,58,131,.,ignored
Without_import/Grover/cirq_grover.py,59,132,CCZ,operator
Without_import/Grover/cirq_grover.py,60,135,(,operator
Without_import/Grover/cirq_grover.py,61,136,q,operand
Without_import/Grover/cirq_grover.py,62,137,[,operator
Without_import/Grover/cirq_grover.py,63,138,0,operand
Without_import/Grover/cirq_grover.py,64,139,],operator
Without_import/Grover/cirq_grover.py,65,140,",",operator
Without_import/Grover/cirq_grover.py,66,142,q,operand
Without_import/Grover/cirq_grover.py,67,143,[,operator
Without_import/Grover/cirq_grover.py,68,144,1,operand
Without_import/Grover/cirq_grover.py,69,145,],operator
Without_import/Grover/cirq_grover.py,70,146,",",operator
Without_import/Grover/cirq_grover.py,71,148,q,operand
Without_import/Grover/cirq_grover.py,72,149,[,operator
Without_import/Grover/cirq_grover.py,73,150,2,operand
Without_import/Grover/cirq_grover.py,74,151,],operator
Without_import/Grover/cirq_grover.py,75,152,),operator
Without_import/Grover/cirq_grover.py,76,153,),operator
Without_import/Grover/cirq_grover.py,77,155,circuit,operand
Without_import/Grover/cirq_grover.py,78,162,.,ignored
Without_import/Grover/cirq_grover.py,79,163,append,operator
Without_import/Grover/cirq_grover.py,80,169,(,operator
Without_import/Grover/cirq_grover.py,81,170,[,operator
Without_import/Grover/cirq_grover.py,82,171,cirq,operand
Without_import/Grover/cirq_grover.py,83,175,.,ignored
Without_import/Grover/cirq_grover.py,84,176,H,operator
Without_import/Grover/cirq_grover.py,85,177,(,operator
Without_import/Grover/cirq_grover.py,86,178,q,operand
Without_import/Grover/cirq_grover.py,87,179,[,operator
Without_import/Grover/cirq_grover.py,88,180,0,operand
Without_import/Grover/cirq_grover.py,89,181,],operator
Without_import/Grover/cirq_grover.py,90,182,),operator
Without_import/Grover/cirq_grover.py,91,183,",",operator
Without_import/Grover/cirq_grover.py,92,185,cirq,operand
Without_import/Grover/cirq_grover.py,93,189,.,ignored
Without_import/Grover/cirq_grover.py,94,190,H,operator
Without_import/Grover/cirq_grover.py,95,191,(,operator
Without_import/Grover/cirq_grover.py,96,192,q,operand
Without_import/Grover/cirq_grover.py,97,193,[,operator
Without_import/Grover/cirq_grover.py,98,194,1,operand
Without_import/Grover/cirq_grover.py,99,195,],operator
Without_import/Grover/cirq_grover.py,100,196,),operator
Without_import/Grover/cirq_grover.py,101,197,",",operator
Without_import/Grover/cirq_grover.py,102,199,cirq,operand
Without_import/Grover/cirq_grover.py,103,203,.,ignored
Without_import/Grover/cirq_grover.py,104,204,H,operator
Without_import/Grover/cirq_grover.py,105,205,(,operator
Without_import/Grover/cirq_grover.py,106,206,q,operand
Without_import/Grover/cirq_grover.py,107,207,[,operator
Without_import/Grover/cirq_grover.py,108,208,2,operand
Without_import/Grover/cirq_grover.py,109,209,],operator
Without_import/Grover/cirq_grover.py,110,210,),operator
Without_import/Grover/cirq_grover.py,111,211,],operator
Without_import/Grover/cirq_grover.py,112,212,),operator
Without_import/Grover/cirq_grover.py,113,214,circuit,operand
Without_import/Grover/cirq_grover.py,114,221,.,ignored
Without_import/Grover/cirq_grover.py,115,222,append,operator
Without_import/Grover/cirq_grover.py,116,228,(,operator
Without_import/Grover/cirq_grover.py,117,229,[,operator
Without_import/Grover/cirq_grover.py,118,230,cirq,operand
Without_import/Grover/cirq_grover.py,119,234,.,ignored
Without_import/Grover/cirq_grover.py,120,235,X,operator
Without_import/Grover/cirq_grover.py,121,236,(,operator
Without_import/Grover/cirq_grover.py,122,237,q,operand
Without_import/Grover/cirq_grover.py,123,238,[,operator
Without_import/Grover/cirq_grover.py,124,239,0,operand
Without_import/Grover/cirq_grover.py,125,240,],operator
Without_import/Grover/cirq_grover.py,126,241,),operator
Without_import/Grover/cirq_grover.py,127,242,",",operator
Without_import/Grover/cirq_grover.py,128,244,cirq,operand
Without_import/Grover/cirq_grover.py,129,248,.,ignored
Without_import/Grover/cirq_grover.py,130,249,X,operator
Without_import/Grover/cirq_grover.py,131,250,(,operator
Without_import/Grover/cirq_grover.py,132,251,q,operand
Without_import/Grover/cirq_grover.py,133,252,[,operator
Without_import/Grover/cirq_grover.py,134,253,1,operand
Without_import/Grover/cirq_grover.py,135,254,],operator
Without_import/Grover/cirq_grover.py,136,255,),operator
Without_import/Grover/cirq_grover.py,137,256,",",operator
Without_import/Grover/cirq_grover.py,138,258,cirq,operand
Without_import/Grover/cirq_grover.py,139,262,.,ignored
Without_import/Grover/cirq_grover.py,140,263,X,operator
Without_import/Grover/cirq_grover.py,141,264,(,operator
Without_import/Grover/cirq_grover.py,142,265,q,operand
Without_import/Grover/cirq_grover.py,143,266,[,operator
Without_import/Grover/cirq_grover.py,144,267,2,operand
Without_import/Grover/cirq_grover.py,145,268,],operator
Without_import/Grover/cirq_grover.py,146,269,),operator
Without_import/Grover/cirq_grover.py,147,270,],operator
Without_import/Grover/cirq_grover.py,148,271,),operator
Without_import/Grover/cirq_grover.py,149,273,circuit,operand
Without_import/Grover/cirq_grover.py,150,280,.,ignored
Without_import/Grover/cirq_grover.py,151,281,append,operator
Without_import/Grover/cirq_grover.py,152,287,(,operator
Without_import/Grover/cirq_grover.py,153,288,cirq,operand
Without_import/Grover/cirq_grover.py,154,292,.,ignored
Without_import/Grover/cirq_grover.py,155,293,CCZ,operator
Without_import/Grover/cirq_grover.py,156,296,(,operator
Without_import/Grover/cirq_grover.py,157,297,q,operand
Without_import/Grover/cirq_grover.py,158,298,[,operator
Without_import/Grover/cirq_grover.py,159,299,0,operand
Without_import/Grover/cirq_grover.py,160,300,],operator
Without_import/Grover/cirq_grover.py,161,301,",",operator
Without_import/Grover/cirq_grover.py,162,303,q,operand
Without_import/Grover/cirq_grover.py,163,304,[,operator
Without_import/Grover/cirq_grover.py,164,305,1,operand
Without_import/Grover/cirq_grover.py,165,306,],operator
Without_import/Grover/cirq_grover.py,166,307,",",operator
Without_import/Grover/cirq_grover.py,167,309,q,operand
Without_import/Grover/cirq_grover.py,168,310,[,operator
Without_import/Grover/cirq_grover.py,169,311,2,operand
Without_import/Grover/cirq_grover.py,170,312,],operator
Without_import/Grover/cirq_grover.py,171,313,),operator
Without_import/Grover/cirq_grover.py,172,314,),operator
Without_import/Grover/cirq_grover.py,173,316,circuit,operand
Without_import/Grover/cirq_grover.py,174,323,.,ignored
Without_import/Grover/cirq_grover.py,175,324,append,operator
Without_import/Grover/cirq_grover.py,176,330,(,operator
Without_import/Grover/cirq_grover.py,177,331,[,operator
Without_import/Grover/cirq_grover.py,178,332,cirq,operand
Without_import/Grover/cirq_grover.py,179,336,.,ignored
Without_import/Grover/cirq_grover.py,180,337,X,operator
Without_import/Grover/cirq_grover.py,181,338,(,operator
Without_import/Grover/cirq_grover.py,182,339,q,operand
Without_import/Grover/cirq_grover.py,183,340,[,operator
Without_import/Grover/cirq_grover.py,184,341,0,operand
Without_import/Grover/cirq_grover.py,185,342,],operator
Without_import/Grover/cirq_grover.py,186,343,),operator
Without_import/Grover/cirq_grover.py,187,344,",",operator
Without_import/Grover/cirq_grover.py,188,346,cirq,operand
Without_import/Grover/cirq_grover.py,189,350,.,ignored
Without_import/Grover/cirq_grover.py,190,351,X,operator
Without_import/Grover/cirq_grover.py,191,352,(,operator
Without_import/Grover/cirq_grover.py,192,353,q,operand
Without_import/Grover/cirq_grover.py,193,354,[,operator
Without_import/Grover/cirq_grover.py,194,355,1,operand
Without_import/Grover/cirq_grover.py,195,356,],operator
Without_import/Grover/cirq_grover.py,196,357,),operator
Without_import/Grover/cirq_grover.py,197,358,",",operator
Without_import/Grover/cirq_grover.py,198,360,cirq,operand
Without_import/Grover/cirq_grover.py,199,364,.,ignored
Without_import/Grover/cirq_grover.py,200,365,X,operator
Without_import/Grover/cirq_grover.py,201,366,(,operator
Without_import/Grover/cirq_grover.py,202,367,q,operand
Without_import/Grover/cirq_grover.py,203,368,[,operator
Without_import/Grover/cirq_grover.py,204,369,2,operand
Without_import/Grover/cirq_grover.py,205,370,],operator
Without_import/Grover/cirq_grover.py,206,371,),operator
Without_import/Grover/cirq_grover.py,207,372,],operator
Without_import/Grover/cirq_grover.py,208,373,),operator
Without_import/Grover/cirq_grover.py,209,375,circuit,operand
Without_import/Grover/cirq_grover.py,210,382,.,ignored
Without_import/Grover/cirq_grover.py,211,383,append,operator
Without_import/Grover/cirq_grover.py,212,389,(,operator
Without_import/Grover/cirq_grover.py,213,390,[,operator
Without_import/Grover/cirq_grover.py,214,391,cirq,operand
Without_import/Grover/cirq_grover.py,215,395,.,ignored
Without_import/Grover/cirq_grover.py,216,396,H,operator
Without_import/Grover/cirq_grover.py,217,397,(,operator
Without_import/Grover/cirq_grover.py,218,398,q,operand
Without_import/Grover/cirq_grover.py,219,399,[,operator
Without_import/Grover/cirq_grover.py,220,400,0,operand
Without_import/Grover/cirq_grover.py,221,401,],operator
Without_import/Grover/cirq_grover.py,222,402,),operator
Without_import/Grover/cirq_grover.py,223,403,",",operator
Without_import/Grover/cirq_grover.py,224,405,cirq,operand
Without_import/Grover/cirq_grover.py,225,409,.,ignored
Without_import/Grover/cirq_grover.py,226,410,H,operator
Without_import/Grover/cirq_grover.py,227,411,(,operator
Without_import/Grover/cirq_grover.py,228,412,q,operand
Without_import/Grover/cirq_grover.py,229,413,[,operator
Without_import/Grover/cirq_grover.py,230,414,1,operand
Without_import/Grover/cirq_grover.py,231,415,],operator
Without_import/Grover/cirq_grover.py,232,416,),operator
Without_import/Grover/cirq_grover.py,233,417,",",operator
Without_import/Grover/cirq_grover.py,234,419,cirq,operand
Without_import/Grover/cirq_grover.py,235,423,.,ignored
Without_import/Grover/cirq_grover.py,236,424,H,operator
Without_import/Grover/cirq_grover.py,237,425,(,operator
Without_import/Grover/cirq_grover.py,238,426,q,operand
Without_import/Grover/cirq_grover.py,239,427,[,operator
Without_import/Grover/cirq_grover.py,240,428,2,operand
Without_import/Grover/cirq_grover.py,241,429,],operator
Without_import/Grover/cirq_grover.py,242,430,),operator
Without_import/Grover/cirq_grover.py,243,431,],operator
Without_import/Grover/cirq_grover.py,244,432,),operator
Without_import/Grover/cirq_grover.py,245,434,circuit,operand
Without_import/Grover/cirq_grover.py,246,441,.,ignored
Without_import/Grover/cirq_grover.py,247,442,append,operator
Without_import/Grover/cirq_grover.py,248,448,(,operator
Without_import/Grover/cirq_grover.py,249,449,[,operator
Without_import/Grover/cirq_grover.py,250,450,cirq,operand
Without_import/Grover/cirq_grover.py,251,454,.,ignored
Without_import/Grover/cirq_grover.py,252,455,measure,operator
Without_import/Grover/cirq_grover.py,253,462,(,operator
Without_import/Grover/cirq_grover.py,254,463,q,operand
Without_import/Grover/cirq_grover.py,255,464,[,operator
Without_import/Grover/cirq_grover.py,256,465,0,operand
Without_import/Grover/cirq_grover.py,257,466,],operator
Without_import/Grover/cirq_grover.py,258,467,",",operator
Without_import/Grover/cirq_grover.py,259,469,key,operand
Without_import/Grover/cirq_grover.py,260,472,=,operator
Without_import/Grover/cirq_grover.py,261,473,'m0',operand
Without_import/Grover/cirq_grover.py,262,477,),operator
Without_import/Grover/cirq_grover.py,263,478,",",operator
Without_import/Grover/cirq_grover.py,264,480,cirq,operand
Without_import/Grover/cirq_grover.py,265,484,.,ignored
Without_import/Grover/cirq_grover.py,266,485,measure,operator
Without_import/Grover/cirq_grover.py,267,492,(,operator
Without_import/Grover/cirq_grover.py,268,493,q,operand
Without_import/Grover/cirq_grover.py,269,494,[,operator
Without_import/Grover/cirq_grover.py,270,495,1,operand
Without_import/Grover/cirq_grover.py,271,496,],operator
Without_import/Grover/cirq_grover.py,272,497,",",operator
Without_import/Grover/cirq_grover.py,273,499,key,operand
Without_import/Grover/cirq_grover.py,274,502,=,operator
Without_import/Grover/cirq_grover.py,275,503,'m1',operand
Without_import/Grover/cirq_grover.py,276,507,),operator
Without_import/Grover/cirq_grover.py,277,508,",",operator
Without_import/Grover/cirq_grover.py,278,510,cirq,operand
Without_import/Grover/cirq_grover.py,279,514,.,ignored
Without_import/Grover/cirq_grover.py,280,515,measure,operator
Without_import/Grover/cirq_grover.py,281,522,(,operator
Without_import/Grover/cirq_grover.py,282,523,q,operand
Without_import/Grover/cirq_grover.py,283,524,[,operator
Without_import/Grover/cirq_grover.py,284,525,2,operand
Without_import/Grover/cirq_grover.py,285,526,],operator
Without_import/Grover/cirq_grover.py,286,527,",",operator
Without_import/Grover/cirq_grover.py,287,529,key,operand
Without_import/Grover/cirq_grover.py,288,532,=,operator
Without_import/Grover/cirq_grover.py,289,533,'m2',operand
Without_import/Grover/cirq_grover.py,290,537,),operator
Without_import/Grover/cirq_grover.py,291,538,],operator
Without_import/Grover/cirq_grover.py,292,539,),operator
Without_import/Grover/pennylane_grover.py,0,0,dev,operand
Without_import/Grover/pennylane_grover.py,1,4,=,operator
Without_import/Grover/pennylane_grover.py,2,6,qml,operand
Without_import/Grover/pennylane_grover.py,3,9,.,ignored
Without_import/Grover/pennylane_grover.py,4,10,device,operator
Without_import/Grover/pennylane_grover.py,5,16,(,operator
Without_import/Grover/pennylane_grover.py,6,17,"""default.qubit""",operand
Without_import/Grover/pennylane_grover.py,7,32,",",operator
Without_import/Grover/pennylane_grover.py,8,34,wires,operand
Without_import/Grover/pennylane_grover.py,9,39,=,operator
Without_import/Grover/pennylane_grover.py,10,40,3,operand
Without_import/Grover/pennylane_grover.py,11,41,),operator
Without_import/Grover/pennylane_grover.py,12,43,@,operator
Without_import/Grover/pennylane_grover.py,13,44,qml,operand
Without_import/Grover/pennylane_grover.py,14,47,.,ignored
Without_import/Grover/pennylane_grover.py,15,48,qnode,operator
Without_import/Grover/pennylane_grover.py,16,53,(,operator
Without_import/Grover/pennylane_grover.py,17,54,dev,operand
Without_import/Grover/pennylane_grover.py,18,57,),operator
Without_import/Grover/pennylane_grover.py,19,59,def,operand
Without_import/Grover/pennylane_grover.py,20,63,grover,operator
Without_import/Grover/pennylane_grover.py,21,69,(,operator
Without_import/Grover/pennylane_grover.py,22,70,),operator
Without_import/Grover/pennylane_grover.py,23,77,qml,operand
Without_import/Grover/pennylane_grover.py,24,80,.,ignored
Without_import/Grover/pennylane_grover.py,25,81,Hadamard,operator
Without_import/Grover/pennylane_grover.py,26,89,(,operator
Without_import/Grover/pennylane_grover.py,27,90,wires,operand
Without_import/Grover/pennylane_grover.py,28,95,=,operator
Without_import/Grover/pennylane_grover.py,29,96,0,operand
Without_import/Grover/pennylane_grover.py,30,97,),operator
Without_import/Grover/pennylane_grover.py,31,103,qml,operand
Without_import/Grover/pennylane_grover.py,32,106,.,ignored
Without_import/Grover/pennylane_grover.py,33,107,Hadamard,operator
Without_import/Grover/pennylane_grover.py,34,115,(,operator
Without_import/Grover/pennylane_grover.py,35,116,wires,operand
Without_import/Grover/pennylane_grover.py,36,121,=,operator
Without_import/Grover/pennylane_grover.py,37,122,1,operand
Without_import/Grover/pennylane_grover.py,38,123,),operator
Without_import/Grover/pennylane_grover.py,39,129,qml,operand
Without_import/Grover/pennylane_grover.py,40,132,.,ignored
Without_import/Grover/pennylane_grover.py,41,133,Hadamard,operator
Without_import/Grover/pennylane_grover.py,42,141,(,operator
Without_import/Grover/pennylane_grover.py,43,142,wires,operand
Without_import/Grover/pennylane_grover.py,44,147,=,operator
Without_import/Grover/pennylane_grover.py,45,148,2,operand
Without_import/Grover/pennylane_grover.py,46,149,),operator
Without_import/Grover/pennylane_grover.py,47,155,qml,operand
Without_import/Grover/pennylane_grover.py,48,158,.,ignored
Without_import/Grover/pennylane_grover.py,49,159,ctrl,operator
Without_import/Grover/pennylane_grover.py,50,163,(,operator
Without_import/Grover/pennylane_grover.py,51,164,qml,operand
Without_import/Grover/pennylane_grover.py,52,167,.,ignored
Without_import/Grover/pennylane_grover.py,53,168,PauliZ,operand
Without_import/Grover/pennylane_grover.py,54,174,",",operator
Without_import/Grover/pennylane_grover.py,55,176,control,operand
Without_import/Grover/pennylane_grover.py,56,183,=,operator
Without_import/Grover/pennylane_grover.py,57,184,[,operator
Without_import/Grover/pennylane_grover.py,58,185,0,operand
Without_import/Grover/pennylane_grover.py,59,186,",",operator
Without_import/Grover/pennylane_grover.py,60,188,1,operand
Without_import/Grover/pennylane_grover.py,61,189,],operator
Without_import/Grover/pennylane_grover.py,62,190,),operator
Without_import/Grover/pennylane_grover.py,63,191,(,operator
Without_import/Grover/pennylane_grover.py,64,192,wires,operand
Without_import/Grover/pennylane_grover.py,65,197,=,operator
Without_import/Grover/pennylane_grover.py,66,198,2,operand
Without_import/Grover/pennylane_grover.py,67,199,),operator
Without_import/Grover/pennylane_grover.py,68,205,qml,operand
Without_import/Grover/pennylane_grover.py,69,208,.,ignored
Without_import/Grover/pennylane_grover.py,70,209,Hadamard,operator
Without_import/Grover/pennylane_grover.py,71,217,(,operator
Without_import/Grover/pennylane_grover.py,72,218,wires,operand
Without_import/Grover/pennylane_grover.py,73,223,=,operator
Without_import/Grover/pennylane_grover.py,74,224,0,operand
Without_import/Grover/pennylane_grover.py,75,225,),operator
Without_import/Grover/pennylane_grover.py,76,231,qml,operand
Without_import/Grover/pennylane_grover.py,77,234,.,ignored
Without_import/Grover/pennylane_grover.py,78,235,Hadamard,operator
Without_import/Grover/pennylane_grover.py,79,243,(,operator
Without_import/Grover/pennylane_grover.py,80,244,wires,operand
Without_import/Grover/pennylane_grover.py,81,249,=,operator
Without_import/Grover/pennylane_grover.py,82,250,1,operand
Without_import/Grover/pennylane_grover.py,83,251,),operator
Without_import/Grover/pennylane_grover.py,84,257,qml,operand
Without_import/Grover/pennylane_grover.py,85,260,.,ignored
Without_import/Grover/pennylane_grover.py,86,261,Hadamard,operator
Without_import/Grover/pennylane_grover.py,87,269,(,operator
Without_import/Grover/pennylane_grover.py,88,270,wires,operand
Without_import/Grover/pennylane_grover.py,89,275,=,operator
Without_import/Grover/pennylane_grover.py,90,276,2,operand
Without_import/Grover/pennylane_grover.py,91,277,),operator
Without_import/Grover/pennylane_grover.py,92,283,qml,operand
Without_import/Grover/pennylane_grover.py,93,286,.,ignored
Without_import/Grover/pennylane_grover.py,94,287,PauliX,operator
Without_import/Grover/pennylane_grover.py,95,293,(,operator
Without_import/Grover/pennylane_grover.py,96,294,wires,operand
Without_import/Grover/pennylane_grover.py,97,299,=,operator
Without_import/Grover/pennylane_grover.py,98,300,0,operand
Without_import/Grover/pennylane_grover.py,99,301,),operator
Without_import/Grover/pennylane_grover.py,100,307,qml,operand
Without_import/Grover/pennylane_grover.py,101,310,.,ignored
Without_import/Grover/pennylane_grover.py,102,311,PauliX,operator
Without_import/Grover/pennylane_grover.py,103,317,(,operator
Without_import/Grover/pennylane_grover.py,104,318,wires,operand
Without_import/Grover/pennylane_grover.py,105,323,=,operator
Without_import/Grover/pennylane_grover.py,106,324,1,operand
Without_import/Grover/pennylane_grover.py,107,325,),operator
Without_import/Grover/pennylane_grover.py,108,331,qml,operand
Without_import/Grover/pennylane_grover.py,109,334,.,ignored
Without_import/Grover/pennylane_grover.py,110,335,PauliX,operator
Without_import/Grover/pennylane_grover.py,111,341,(,operator
Without_import/Grover/pennylane_grover.py,112,342,wires,operand
Without_import/Grover/pennylane_grover.py,113,347,=,operator
Without_import/Grover/pennylane_grover.py,114,348,2,operand
Without_import/Grover/pennylane_grover.py,115,349,),operator
Without_import/Grover/pennylane_grover.py,116,355,qml,operand
Without_import/Grover/pennylane_grover.py,117,358,.,ignored
Without_import/Grover/pennylane_grover.py,118,359,ctrl,operator
Without_import/Grover/pennylane_grover.py,119,363,(,operator
Without_import/Grover/pennylane_grover.py,120,364,qml,operand
Without_import/Grover/pennylane_grover.py,121,367,.,ignored
Without_import/Grover/pennylane_grover.py,122,368,PauliZ,operand
Without_import/Grover/pennylane_grover.py,123,374,",",operator
Without_import/Grover/pennylane_grover.py,124,376,control,operand
Without_import/Grover/pennylane_grover.py,125,383,=,operator
Without_import/Grover/pennylane_grover.py,126,384,[,operator
Without_import/Grover/pennylane_grover.py,127,385,0,operand
Without_import/Grover/pennylane_grover.py,128,386,",",operator
Without_import/Grover/pennylane_grover.py,129,388,1,operand
Without_import/Grover/pennylane_grover.py,130,389,],operator
Without_import/Grover/pennylane_grover.py,131,390,),operator
Without_import/Grover/pennylane_grover.py,132,391,(,operator
Without_import/Grover/pennylane_grover.py,133,392,wires,operand
Without_import/Grover/pennylane_grover.py,134,397,=,operator
Without_import/Grover/pennylane_grover.py,135,398,2,operand
Without_import/Grover/pennylane_grover.py,136,399,),operator
Without_import/Grover/pennylane_grover.py,137,405,qml,operand
Without_import/Grover/pennylane_grover.py,138,408,.,ignored
Without_import/Grover/pennylane_grover.py,139,409,PauliX,operator
Without_import/Grover/pennylane_grover.py,140,415,(,operator
Without_import/Grover/pennylane_grover.py,141,416,wires,operand
Without_import/Grover/pennylane_grover.py,142,421,=,operator
Without_import/Grover/pennylane_grover.py,143,422,0,operand
Without_import/Grover/pennylane_grover.py,144,423,),operator
Without_import/Grover/pennylane_grover.py,145,429,qml,operand
Without_import/Grover/pennylane_grover.py,146,432,.,ignored
Without_import/Grover/pennylane_grover.py,147,433,PauliX,operator
Without_import/Grover/pennylane_grover.py,148,439,(,operator
Without_import/Grover/pennylane_grover.py,149,440,wires,operand
Without_import/Grover/pennylane_grover.py,150,445,=,operator
Without_import/Grover/pennylane_grover.py,151,446,1,operand
Without_import/Grover/pennylane_grover.py,152,447,),operator
Without_import/Grover/pennylane_grover.py,153,453,qml,operand
Without_import/Grover/pennylane_grover.py,154,456,.,ignored
Without_import/Grover/pennylane_grover.py,155,457,PauliX,operator
Without_import/Grover/pennylane_grover.py,156,463,(,operator
Without_import/Grover/pennylane_grover.py,157,464,wires,operand
Without_import/Grover/pennylane_grover.py,158,469,=,operator
Without_import/Grover/pennylane_grover.py,159,470,2,operand
Without_import/Grover/pennylane_grover.py,160,471,),operator
Without_import/Grover/pennylane_grover.py,161,477,qml,operand
Without_import/Grover/pennylane_grover.py,162,480,.,ignored
Without_import/Grover/pennylane_grover.py,163,481,Hadamard,operator
Without_import/Grover/pennylane_grover.py,164,489,(,operator
Without_import/Grover/pennylane_grover.py,165,490,wires,operand
Without_import/Grover/pennylane_grover.py,166,495,=,operator
Without_import/Grover/pennylane_grover.py,167,496,0,operand
Without_import/Grover/pennylane_grover.py,168,497,),operator
Without_import/Grover/pennylane_grover.py,169,503,qml,operand
Without_import/Grover/pennylane_grover.py,170,506,.,ignored
Without_import/Grover/pennylane_grover.py,171,507,Hadamard,operator
Without_import/Grover/pennylane_grover.py,172,515,(,operator
Without_import/Grover/pennylane_grover.py,173,516,wires,operand
Without_import/Grover/pennylane_grover.py,174,521,=,operator
Without_import/Grover/pennylane_grover.py,175,522,1,operand
Without_import/Grover/pennylane_grover.py,176,523,),operator
Without_import/Grover/pennylane_grover.py,177,529,qml,operand
Without_import/Grover/pennylane_grover.py,178,532,.,ignored
Without_import/Grover/pennylane_grover.py,179,533,Hadamard,operator
Without_import/Grover/pennylane_grover.py,180,541,(,operator
Without_import/Grover/pennylane_grover.py,181,542,wires,operand
Without_import/Grover/pennylane_grover.py,182,547,=,operator
Without_import/Grover/pennylane_grover.py,183,548,2,operand
Without_import/Grover/pennylane_grover.py,184,549,),operator
Without_import/Grover/pennylane_grover.py,185,555,return,operator
Without_import/Grover/pennylane_grover.py,186,562,qml,operand
Without_import/Grover/pennylane_grover.py,187,565,.,ignored
Without_import/Grover/pennylane_grover.py,188,566,probs,operator
Without_import/Grover/pennylane_grover.py,189,571,(,operator
Without_import/Grover/pennylane_grover.py,190,572,wires,operand
Without_import/Grover/pennylane_grover.py,191,577,=,operator
Without_import/Grover/pennylane_grover.py,192,578,[,operator
Without_import/Grover/pennylane_grover.py,193,579,0,operand
Without_import/Grover/pennylane_grover.py,194,580,",",operator
Without_import/Grover/pennylane_grover.py,195,582,1,operand
Without_import/Grover/pennylane_grover.py,196,583,",",operator
Without_import/Grover/pennylane_grover.py,197,585,2,operand
Without_import/Grover/pennylane_grover.py,198,586,],operator
Without_import/Grover/pennylane_grover.py,199,587,),operator
Without_import/Grover/qiskit_grover.py,0,0,qr,operand
Without_import/Grover/qiskit_grover.py,1,3,=,operator
Without_import/Grover/qiskit_grover.py,2,5,QuantumRegister,operator
Without_import/Grover/qiskit_grover.py,3,20,(,operator
Without_import/Grover/qiskit_grover.py,4,21,3,operand
Without_import/Grover/qiskit_grover.py,5,22,),operator
Without_import/Grover/qiskit_grover.py,6,24,cr,operand
Without_import/Grover/qiskit_grover.py,7,27,=,operator
Without_import/Grover/qiskit_grover.py,8,29,ClassicalRegister,operator
Without_import/Grover/qiskit_grover.py,9,46,(,operator
Without_import/Grover/qiskit_grover.py,10,47,3,operand
Without_import/Grover/qiskit_grover.py,11,48,),operator
Without_import/Grover/qiskit_grover.py,12,50,qc,operand
Without_import/Grover/qiskit_grover.py,13,53,=,operator
Without_import/Grover/qiskit_grover.py,14,55,QuantumCircuit,operator
Without_import/Grover/qiskit_grover.py,15,69,(,operator
Without_import/Grover/qiskit_grover.py,16,70,qr,operand
Without_import/Grover/qiskit_grover.py,17,72,",",operator
Without_import/Grover/qiskit_grover.py,18,74,cr,operand
Without_import/Grover/qiskit_grover.py,19,76,),operator
Without_import/Grover/qiskit_grover.py,20,78,qc,operand
Without_import/Grover/qiskit_grover.py,21,80,.,ignored
Without_import/Grover/qiskit_grover.py,22,81,h,operator
Without_import/Grover/qiskit_grover.py,23,82,(,operator
Without_import/Grover/qiskit_grover.py,24,83,qr,operand
Without_import/Grover/qiskit_grover.py,25,85,[,operator
Without_import/Grover/qiskit_grover.py,26,86,0,operand
Without_import/Grover/qiskit_grover.py,27,87,],operator
Without_import/Grover/qiskit_grover.py,28,88,),operator
Without_import/Grover/qiskit_grover.py,29,90,qc,operand
Without_import/Grover/qiskit_grover.py,30,92,.,ignored
Without_import/Grover/qiskit_grover.py,31,93,h,operator
Without_import/Grover/qiskit_grover.py,32,94,(,operator
Without_import/Grover/qiskit_grover.py,33,95,qr,operand
Without_import/Grover/qiskit_grover.py,34,97,[,operator
Without_import/Grover/qiskit_grover.py,35,98,1,operand
Without_import/Grover/qiskit_grover.py,36,99,],operator
Without_import/Grover/qiskit_grover.py,37,100,),operator
Without_import/Grover/qiskit_grover.py,38,102,qc,operand
Without_import/Grover/qiskit_grover.py,39,104,.,ignored
Without_import/Grover/qiskit_grover.py,40,105,h,operator
Without_import/Grover/qiskit_grover.py,41,106,(,operator
Without_import/Grover/qiskit_grover.py,42,107,qr,operand
Without_import/Grover/qiskit_grover.py,43,109,[,operator
Without_import/Grover/qiskit_grover.py,44,110,2,operand
Without_import/Grover/qiskit_grover.py,45,111,],operator
Without_import/Grover/qiskit_grover.py,46,112,),operator
Without_import/Grover/qiskit_grover.py,47,114,qc,operand
Without_import/Grover/qiskit_grover.py,48,116,.,ignored
Without_import/Grover/qiskit_grover.py,49,117,ccz,operator
Without_import/Grover/qiskit_grover.py,50,120,(,operator
Without_import/Grover/qiskit_grover.py,51,121,qr,operand
Without_import/Grover/qiskit_grover.py,52,123,[,operator
Without_import/Grover/qiskit_grover.py,53,124,0,operand
Without_import/Grover/qiskit_grover.py,54,125,],operator
Without_import/Grover/qiskit_grover.py,55,126,",",operator
Without_import/Grover/qiskit_grover.py,56,128,qr,operand
Without_import/Grover/qiskit_grover.py,57,130,[,operator
Without_import/Grover/qiskit_grover.py,58,131,1,operand
Without_import/Grover/qiskit_grover.py,59,132,],operator
Without_import/Grover/qiskit_grover.py,60,133,",",operator
Without_import/Grover/qiskit_grover.py,61,135,qr,operand
Without_import/Grover/qiskit_grover.py,62,137,[,operator
Without_import/Grover/qiskit_grover.py,63,138,2,operand
Without_import/Grover/qiskit_grover.py,64,139,],operator
Without_import/Grover/qiskit_grover.py,65,140,),operator
Without_import/Grover/qiskit_grover.py,66,142,qc,operand
Without_import/Grover/qiskit_grover.py,67,144,.,ignored
Without_import/Grover/qiskit_grover.py,68,145,h,operator
Without_import/Grover/qiskit_grover.py,69,146,(,operator
Without_import/Grover/qiskit_grover.py,70,147,qr,operand
Without_import/Grover/qiskit_grover.py,71,149,[,operator
Without_import/Grover/qiskit_grover.py,72,150,0,operand
Without_import/Grover/qiskit_grover.py,73,151,],operator
Without_import/Grover/qiskit_grover.py,74,152,),operator
Without_import/Grover/qiskit_grover.py,75,153,;,operator
Without_import/Grover/qiskit_grover.py,76,155,qc,operand
Without_import/Grover/qiskit_grover.py,77,157,.,ignored
Without_import/Grover/qiskit_grover.py,78,158,h,operator
Without_import/Grover/qiskit_grover.py,79,159,(,operator
Without_import/Grover/qiskit_grover.py,80,160,qr,operand
Without_import/Grover/qiskit_grover.py,81,162,[,operator
Without_import/Grover/qiskit_grover.py,82,163,1,operand
Without_import/Grover/qiskit_grover.py,83,164,],operator
Without_import/Grover/qiskit_grover.py,84,165,),operator
Without_import/Grover/qiskit_grover.py,85,166,;,operator
Without_import/Grover/qiskit_grover.py,86,168,qc,operand
Without_import/Grover/qiskit_grover.py,87,170,.,ignored
Without_import/Grover/qiskit_grover.py,88,171,h,operator
Without_import/Grover/qiskit_grover.py,89,172,(,operator
Without_import/Grover/qiskit_grover.py,90,173,qr,operand
Without_import/Grover/qiskit_grover.py,91,175,[,operator
Without_import/Grover/qiskit_grover.py,92,176,2,operand
Without_import/Grover/qiskit_grover.py,93,177,],operator
Without_import/Grover/qiskit_grover.py,94,178,),operator
Without_import/Grover/qiskit_grover.py,95,180,qc,operand
Without_import/Grover/qiskit_grover.py,96,182,.,ignored
Without_import/Grover/qiskit_grover.py,97,183,x,operator
Without_import/Grover/qiskit_grover.py,98,184,(,operator
Without_import/Grover/qiskit_grover.py,99,185,qr,operand
Without_import/Grover/qiskit_grover.py,100,187,[,operator
Without_import/Grover/qiskit_grover.py,101,188,0,operand
Without_import/Grover/qiskit_grover.py,102,189,],operator
Without_import/Grover/qiskit_grover.py,103,190,),operator
Without_import/Grover/qiskit_grover.py,104,191,;,operator
Without_import/Grover/qiskit_grover.py,105,193,qc,operand
Without_import/Grover/qiskit_grover.py,106,195,.,ignored
Without_import/Grover/qiskit_grover.py,107,196,x,operator
Without_import/Grover/qiskit_grover.py,108,197,(,operator
Without_import/Grover/qiskit_grover.py,109,198,qr,operand
Without_import/Grover/qiskit_grover.py,110,200,[,operator
Without_import/Grover/qiskit_grover.py,111,201,1,operand
Without_import/Grover/qiskit_grover.py,112,202,],operator
Without_import/Grover/qiskit_grover.py,113,203,),operator
Without_import/Grover/qiskit_grover.py,114,204,;,operator
Without_import/Grover/qiskit_grover.py,115,206,qc,operand
Without_import/Grover/qiskit_grover.py,116,208,.,ignored
Without_import/Grover/qiskit_grover.py,117,209,x,operator
Without_import/Grover/qiskit_grover.py,118,210,(,operator
Without_import/Grover/qiskit_grover.py,119,211,qr,operand
Without_import/Grover/qiskit_grover.py,120,213,[,operator
Without_import/Grover/qiskit_grover.py,121,214,2,operand
Without_import/Grover/qiskit_grover.py,122,215,],operator
Without_import/Grover/qiskit_grover.py,123,216,),operator
Without_import/Grover/qiskit_grover.py,124,218,qc,operand
Without_import/Grover/qiskit_grover.py,125,220,.,ignored
Without_import/Grover/qiskit_grover.py,126,221,ccz,operator
Without_import/Grover/qiskit_grover.py,127,224,(,operator
Without_import/Grover/qiskit_grover.py,128,225,qr,operand
Without_import/Grover/qiskit_grover.py,129,227,[,operator
Without_import/Grover/qiskit_grover.py,130,228,0,operand
Without_import/Grover/qiskit_grover.py,131,229,],operator
Without_import/Grover/qiskit_grover.py,132,230,",",operator
Without_import/Grover/qiskit_grover.py,133,232,qr,operand
Without_import/Grover/qiskit_grover.py,134,234,[,operator
Without_import/Grover/qiskit_grover.py,135,235,1,operand
Without_import/Grover/qiskit_grover.py,136,236,],operator
Without_import/Grover/qiskit_grover.py,137,237,",",operator
Without_import/Grover/qiskit_grover.py,138,239,qr,operand
Without_import/Grover/qiskit_grover.py,139,241,[,operator
Without_import/Grover/qiskit_grover.py,140,242,2,operand
Without_import/Grover/qiskit_grover.py,141,243,],operator
Without_import/Grover/qiskit_grover.py,142,244,),operator
Without_import/Grover/qiskit_grover.py,143,246,qc,operand
Without_import/Grover/qiskit_grover.py,144,248,.,ignored
Without_import/Grover/qiskit_grover.py,145,249,x,operator
Without_import/Grover/qiskit_grover.py,146,250,(,operator
Without_import/Grover/qiskit_grover.py,147,251,qr,operand
Without_import/Grover/qiskit_grover.py,148,253,[,operator
Without_import/Grover/qiskit_grover.py,149,254,0,operand
Without_import/Grover/qiskit_grover.py,150,255,],operator
Without_import/Grover/qiskit_grover.py,151,256,),operator
Without_import/Grover/qiskit_grover.py,152,257,;,operator
Without_import/Grover/qiskit_grover.py,153,259,qc,operand
Without_import/Grover/qiskit_grover.py,154,261,.,ignored
Without_import/Grover/qiskit_grover.py,155,262,x,operator
Without_import/Grover/qiskit_grover.py,156,263,(,operator
Without_import/Grover/qiskit_grover.py,157,264,qr,operand
Without_import/Grover/qiskit_grover.py,158,266,[,operator
Without_import/Grover/qiskit_grover.py,159,267,1,operand
Without_import/Grover/qiskit_grover.py,160,268,],operator
Without_import/Grover/qiskit_grover.py,161,269,),operator
Without_import/Grover/qiskit_grover.py,162,270,;,operator
Without_import/Grover/qiskit_grover.py,163,272,qc,operand
Without_import/Grover/qiskit_grover.py,164,274,.,ignored
Without_import/Grover/qiskit_grover.py,165,275,x,operator
Without_import/Grover/qiskit_grover.py,166,276,(,operator
Without_import/Grover/qiskit_grover.py,167,277,qr,operand
Without_import/Grover/qiskit_grover.py,168,279,[,operator
Without_import/Grover/qiskit_grover.py,169,280,2,operand
Without_import/Grover/qiskit_grover.py,170,281,],operator
Without_import/Grover/qiskit_grover.py,171,282,),operator
Without_import/Grover/qiskit_grover.py,172,284,qc,operand
Without_import/Grover/qiskit_grover.py,173,286,.,ignored
Without_import/Grover/qiskit_grover.py,174,287,h,operator
Without_import/Grover/qiskit_grover.py,175,288,(,operator
Without_import/Grover/qiskit_grover.py,176,289,qr,operand
Without_import/Grover/qiskit_grover.py,177,291,[,operator
Without_import/Grover/qiskit_grover.py,178,292,0,operand
Without_import/Grover/qiskit_grover.py,179,293,],operator
Without_import/Grover/qiskit_grover.py,180,294,),operator
Without_import/Grover/qiskit_grover.py,181,295,;,operator
Without_import/Grover/qiskit_grover.py,182,297,qc,operand
Without_import/Grover/qiskit_grover.py,183,299,.,ignored
Without_import/Grover/qiskit_grover.py,184,300,h,operator
Without_import/Grover/qiskit_grover.py,185,301,(,operator
Without_import/Grover/qiskit_grover.py,186,302,qr,operand
Without_import/Grover/qiskit_grover.py,187,304,[,operator
Without_import/Grover/qiskit_grover.py,188,305,1,operand
Without_import/Grover/qiskit_grover.py,189,306,],operator
Without_import/Grover/qiskit_grover.py,190,307,),operator
Without_import/Grover/qiskit_grover.py,191,308,;,operator
Without_import/Grover/qiskit_grover.py,192,310,qc,operand
Without_import/Grover/qiskit_grover.py,193,312,.,ignored
Without_import/Grover/qiskit_grover.py,194,313,h,operator
Without_import/Grover/qiskit_grover.py,195,314,(,operator
Without_import/Grover/qiskit_grover.py,196,315,qr,operand
Without_import/Grover/qiskit_grover.py,197,317,[,operator
Without_import/Grover/qiskit_grover.py,198,318,2,operand
Without_import/Grover/qiskit_grover.py,199,319,],operator
Without_import/Grover/qiskit_grover.py,200,320,),operator
Without_import/Grover/qiskit_grover.py,201,322,qc,operand
Without_import/Grover/qiskit_grover.py,202,324,.,ignored
Without_import/Grover/qiskit_grover.py,203,325,measure,operator
Without_import/Grover/qiskit_grover.py,204,332,(,operator
Without_import/Grover/qiskit_grover.py,205,333,qr,operand
Without_import/Grover/qiskit_grover.py,206,335,[,operator
Without_import/Grover/qiskit_grover.py,207,336,0,operand
Without_import/Grover/qiskit_grover.py,208,337,],operator
Without_import/Grover/qiskit_grover.py,209,338,",",operator
Without_import/Grover/qiskit_grover.py,210,340,cr,operand
Without_import/Grover/qiskit_grover.py,211,342,[,operator
Without_import/Grover/qiskit_grover.py,212,343,0,operand
Without_import/Grover/qiskit_grover.py,213,344,],operator
Without_import/Grover/qiskit_grover.py,214,345,),operator
Without_import/Grover/qiskit_grover.py,215,347,qc,operand
Without_import/Grover/qiskit_grover.py,216,349,.,ignored
Without_import/Grover/qiskit_grover.py,217,350,measure,operator
Without_import/Grover/qiskit_grover.py,218,357,(,operator
Without_import/Grover/qiskit_grover.py,219,358,qr,operand
Without_import/Grover/qiskit_grover.py,220,360,[,operator
Without_import/Grover/qiskit_grover.py,221,361,1,operand
Without_import/Grover/qiskit_grover.py,222,362,],operator
Without_import/Grover/qiskit_grover.py,223,363,",",operator
Without_import/Grover/qiskit_grover.py,224,365,cr,operand
Without_import/Grover/qiskit_grover.py,225,367,[,operator
Without_import/Grover/qiskit_grover.py,226,368,1,operand
Without_import/Grover/qiskit_grover.py,227,369,],operator
Without_import/Grover/qiskit_grover.py,228,370,),operator
Without_import/Grover/qiskit_grover.py,229,372,qc,operand
Without_import/Grover/qiskit_grover.py,230,374,.,ignored
Without_import/Grover/qiskit_grover.py,231,375,measure,operator
Without_import/Grover/qiskit_grover.py,232,382,(,operator
Without_import/Grover/qiskit_grover.py,233,383,qr,operand
Without_import/Grover/qiskit_grover.py,234,385,[,operator
Without_import/Grover/qiskit_grover.py,235,386,2,operand
Without_import/Grover/qiskit_grover.py,236,387,],operator
Without_import/Grover/qiskit_grover.py,237,388,",",operator
Without_import/Grover/qiskit_grover.py,238,390,cr,operand
Without_import/Grover/qiskit_grover.py,239,392,[,operator
Without_import/Grover/qiskit_grover.py,240,393,2,operand
Without_import/Grover/qiskit_grover.py,241,394,],operator
Without_import/Grover/qiskit_grover.py,242,395,),operator
Without_import/Grover/qsharp_grover.qs,0,0,operation,operand
Without_import/Grover/qsharp_grover.qs,1,10,Grover3,operator
Without_import/Grover/qsharp_grover.qs,2,17,(,operator
Without_import/Grover/qsharp_grover.qs,3,18,),operator
Without_import/Grover/qsharp_grover.qs,4,22,(,operator
Without_import/Grover/qsharp_grover.qs,5,23,Result,operand
Without_import/Grover/qsharp_grover.qs,6,29,",",operator
Without_import/Grover/qsharp_grover.qs,7,31,Result,operand
Without_import/Grover/qsharp_grover.qs,8,37,",",operator
Without_import/Grover/qsharp_grover.qs,9,39,Result,operand
Without_import/Grover/qsharp_grover.qs,10,45,),operator
Without_import/Grover/qsharp_grover.qs,11,47,{,ignored
Without_import/Grover/qsharp_grover.qs,12,53,use,operator
Without_import/Grover/qsharp_grover.qs,13,57,q,operand
Without_import/Grover/qsharp_grover.qs,14,59,=,operator
Without_import/Grover/qsharp_grover.qs,15,61,Qubit,operand
Without_import/Grover/qsharp_grover.qs,16,66,[,operator
Without_import/Grover/qsharp_grover.qs,17,67,3,operand
Without_import/Grover/qsharp_grover.qs,18,68,],operator
Without_import/Grover/qsharp_grover.qs,19,69,;,operator
Without_import/Grover/qsharp_grover.qs,20,75,H,operator
Without_import/Grover/qsharp_grover.qs,21,76,(,operator
Without_import/Grover/qsharp_grover.qs,22,77,q,operand
Without_import/Grover/qsharp_grover.qs,23,78,[,operator
Without_import/Grover/qsharp_grover.qs,24,79,0,operand
Without_import/Grover/qsharp_grover.qs,25,80,],operator
Without_import/Grover/qsharp_grover.qs,26,81,),operator
Without_import/Grover/qsharp_grover.qs,27,82,;,operator
Without_import/Grover/qsharp_grover.qs,28,84,H,operator
Without_import/Grover/qsharp_grover.qs,29,85,(,operator
Without_import/Grover/qsharp_grover.qs,30,86,q,operand
Without_import/Grover/qsharp_grover.qs,31,87,[,operator
Without_import/Grover/qsharp_grover.qs,32,88,1,operand
Without_import/Grover/qsharp_grover.qs,33,89,],operator
Without_import/Grover/qsharp_grover.qs,34,90,),operator
Without_import/Grover/qsharp_grover.qs,35,91,;,operator
Without_import/Grover/qsharp_grover.qs,36,93,H,operator
Without_import/Grover/qsharp_grover.qs,37,94,(,operator
Without_import/Grover/qsharp_grover.qs,38,95,q,operand
Without_import/Grover/qsharp_grover.qs,39,96,[,operator
Without_import/Grover/qsharp_grover.qs,40,97,2,operand
Without_import/Grover/qsharp_grover.qs,41,98,],operator
Without_import/Grover/qsharp_grover.qs,42,99,),operator
Without_import/Grover/qsharp_grover.qs,43,100,;,operator
Without_import/Grover/qsharp_grover.qs,44,106,Controlled,operator
Without_import/Grover/qsharp_grover.qs,45,117,Z,operator
Without_import/Grover/qsharp_grover.qs,46,118,(,operator
Without_import/Grover/qsharp_grover.qs,47,119,[,operator
Without_import/Grover/qsharp_grover.qs,48,120,q,operand
Without_import/Grover/qsharp_grover.qs,49,121,[,operator
Without_import/Grover/qsharp_grover.qs,50,122,0,operand
Without_import/Grover/qsharp_grover.qs,51,123,],operator
Without_import/Grover/qsharp_grover.qs,52,124,",",operator
Without_import/Grover/qsharp_grover.qs,53,126,q,operand
Without_import/Grover/qsharp_grover.qs,54,127,[,operator
Without_import/Grover/qsharp_grover.qs,55,128,1,operand
Without_import/Grover/qsharp_grover.qs,56,129,],operator
Without_import/Grover/qsharp_grover.qs,57,130,],operator
Without_import/Grover/qsharp_grover.qs,58,131,",",operator
Without_import/Grover/qsharp_grover.qs,59,133,q,operand
Without_import/Grover/qsharp_grover.qs,60,134,[,operator
Without_import/Grover/qsharp_grover.qs,61,135,2,operand
Without_import/Grover/qsharp_grover.qs,62,136,],operator
Without_import/Grover/qsharp_grover.qs,63,137,),operator
Without_import/Grover/qsharp_grover.qs,64,138,;,operator
Without_import/Grover/qsharp_grover.qs,65,144,H,operator
Without_import/Grover/qsharp_grover.qs,66,145,(,operator
Without_import/Grover/qsharp_grover.qs,67,146,q,operand
Without_import/Grover/qsharp_grover.qs,68,147,[,operator
Without_import/Grover/qsharp_grover.qs,69,148,0,operand
Without_import/Grover/qsharp_grover.qs,70,149,],operator
Without_import/Grover/qsharp_grover.qs,71,150,),operator
Without_import/Grover/qsharp_grover.qs,72,151,;,operator
Without_import/Grover/qsharp_grover.qs,73,153,H,operator
Without_import/Grover/qsharp_grover.qs,74,154,(,operator
Without_import/Grover/qsharp_grover.qs,75,155,q,operand
Without_import/Grover/qsharp_grover.qs,76,156,[,operator
Without_import/Grover/qsharp_grover.qs,77,157,1,operand
Without_import/Grover/qsharp_grover.qs,78,158,],operator
Without_import/Grover/qsharp_grover.qs,79,159,),operator
Without_import/Grover/qsharp_grover.qs,80,160,;,operator
Without_import/Grover/qsharp_grover.qs,81,162,H,operator
Without_import/Grover/qsharp_grover.qs,82,163,(,operator
Without_import/Grover/qsharp_grover.qs,83,164,q,operand
Without_import/Grover/qsharp_grover.qs,84,165,[,operator
Without_import/Grover/qsharp_grover.qs,85,166,2,operand
Without_import/Grover/qsharp_grover.qs,86,167,],operator
Without_import/Grover/qsharp_grover.qs,87,168,),operator
Without_import/Grover/qsharp_grover.qs,88,169,;,operator
Without_import/Grover/qsharp_grover.qs,89,175,X,operator
Without_import/Grover/qsharp_grover.qs,90,176,(,operator
Without_import/Grover/qsharp_grover.qs,91,177,q,operand
Without_import/Grover/qsharp_grover.qs,92,178,[,operator
Without_import/Grover/qsharp_grover.qs,93,179,0,operand
Without_import/Grover/qsharp_grover.qs,94,180,],operator
Without_import/Grover/qsharp_grover.qs,95,181,),operator
Without_import/Grover/qsharp_grover.qs,96,182,;,operator
Without_import/Grover/qsharp_grover.qs,97,184,X,operator
Without_import/Grover/qsharp_grover.qs,98,185,(,operator
Without_import/Grover/qsharp_grover.qs,99,186,q,operand
Without_import/Grover/qsharp_grover.qs,100,187,[,operator
Without_import/Grover/qsharp_grover.qs,101,188,1,operand
Without_import/Grover/qsharp_grover.qs,102,189,],operator
Without_import/Grover/qsharp_grover.qs,103,190,),operator
Without_import/Grover/qsharp_grover.qs,104,191,;,operator
Without_import/Grover/qsharp_grover.qs,105,193,X,operator
Without_import/Grover/qsharp_grover.qs,106,194,(,operator
Without_import/Grover/qsharp_grover.qs,107,195,q,operand
Without_import/Grover/qsharp_grover.qs,108,196,[,operator
Without_import/Grover/qsharp_grover.qs,109,197,2,operand
Without_import/Grover/qsharp_grover.qs,110,198,],operator
Without_import/Grover/qsharp_grover.qs,111,199,),operator
Without_import/Grover/qsharp_grover.qs,112,200,;,operator
Without_import/Grover/qsharp_grover.qs,113,206,Controlled,operator
Without_import/Grover/qsharp_grover.qs,114,217,Z,operator
Without_import/Grover/qsharp_grover.qs,115,218,(,operator
Without_import/Grover/qsharp_grover.qs,116,219,[,operator
Without_import/Grover/qsharp_grover.qs,117,220,q,operand
Without_import/Grover/qsharp_grover.qs,118,221,[,operator
Without_import/Grover/qsharp_grover.qs,119,222,0,operand
Without_import/Grover/qsharp_grover.qs,120,223,],operator
Without_import/Grover/qsharp_grover.qs,121,224,",",operator
Without_import/Grover/qsharp_grover.qs,122,226,q,operand
Without_import/Grover/qsharp_grover.qs,123,227,[,operator
Without_import/Grover/qsharp_grover.qs,124,228,1,operand
Without_import/Grover/qsharp_grover.qs,125,229,],operator
Without_import/Grover/qsharp_grover.qs,126,230,],operator
Without_import/Grover/qsharp_grover.qs,127,231,",",operator
Without_import/Grover/qsharp_grover.qs,128,233,q,operand
Without_import/Grover/qsharp_grover.qs,129,234,[,operator
Without_import/Grover/qsharp_grover.qs,130,235,2,operand
Without_import/Grover/qsharp_grover.qs,131,236,],operator
Without_import/Grover/qsharp_grover.qs,132,237,),operator
Without_import/Grover/qsharp_grover.qs,133,238,;,operator
Without_import/Grover/qsharp_grover.qs,134,244,X,operator
Without_import/Grover/qsharp_grover.qs,135,245,(,operator
Without_import/Grover/qsharp_grover.qs,136,246,q,operand
Without_import/Grover/qsharp_grover.qs,137,247,[,operator
Without_import/Grover/qsharp_grover.qs,138,248,0,operand
Without_import/Grover/qsharp_grover.qs,139,249,],operator
Without_import/Grover/qsharp_grover.qs,140,250,),operator
Without_import/Grover/qsharp_grover.qs,141,251,;,operator
Without_import/Grover/qsharp_grover.qs,142,253,X,operator
Without_import/Grover/qsharp_grover.qs,143,254,(,operator
Without_import/Grover/qsharp_grover.qs,144,255,q,operand
Without_import/Grover/qsharp_grover.qs,145,256,[,operator
Without_import/Grover/qsharp_grover.qs,146,257,1,operand
Without_import/Grover/qsharp_grover.qs,147,258,],operator
Without_import/Grover/qsharp_grover.qs,148,259,),operator
Without_import/Grover/qsharp_grover.qs,149,260,;,operator
Without_import/Grover/qsharp_grover.qs,150,262,X,operator
Without_import/Grover/qsharp_grover.qs,151,263,(,operator
Without_import/Grover/qsharp_grover.qs,152,264,q,operand
Without_import/Grover/qsharp_grover.qs,153,265,[,operator
Without_import/Grover/qsharp_grover.qs,154,266,2,operand
Without_import/Grover/qsharp_grover.qs,155,267,],operator
Without_import/Grover/qsharp_grover.qs,156,268,),operator
Without_import/Grover/qsharp_grover.qs,157,269,;,operator
Without_import/Grover/qsharp_grover.qs,158,275,H,operator
Without_import/Grover/qsharp_grover.qs,159,276,(,operator
Without_import/Grover/qsharp_grover.qs,160,277,q,operand
Without_import/Grover/qsharp_grover.qs,161,278,[,operator
Without_import/Grover/qsharp_grover.qs,162,279,0,operand
Without_import/Grover/qsharp_grover.qs,163,280,],operator
Without_import/Grover/qsharp_grover.qs,164,281,),operator
Without_import/Grover/qsharp_grover.qs,165,282,;,operator
Without_import/Grover/qsharp_grover.qs,166,284,H,operator
Without_import/Grover/qsharp_grover.qs,167,285,(,operator
Without_import/Grover/qsharp_grover.qs,168,286,q,operand
Without_import/Grover/qsharp_grover.qs,169,287,[,operator
Without_import/Grover/qsharp_grover.qs,170,288,1,operand
Without_import/Grover/qsharp_grover.qs,171,289,],operator
Without_import/Grover/qsharp_grover.qs,172,290,),operator
Without_import/Grover/qsharp_grover.qs,173,291,;,operator
Without_import/Grover/qsharp_grover.qs,174,293,H,operator
Without_import/Grover/qsharp_grover.qs,175,294,(,operator
Without_import/Grover/qsharp_grover.qs,176,295,q,operand
Without_import/Grover/qsharp_grover.qs,177,296,[,operator
Without_import/Grover/qsharp_grover.qs,178,297,2,operand
Without_import/Grover/qsharp_grover.qs,179,298,],operator
Without_import/Grover/qsharp_grover.qs,180,299,),operator
Without_import/Grover/qsharp_grover.qs,181,300,;,operator
Without_import/Grover/qsharp_grover.qs,182,306,let,operator
Without_import/Grover/qsharp_grover.qs,183,310,r0,operand
Without_import/Grover/qsharp_grover.qs,184,313,=,operator
Without_import/Grover/qsharp_grover.qs,185,315,M,operator
Without_import/Grover/qsharp_grover.qs,186,316,(,operator
Without_import/Grover/qsharp_grover.qs,187,317,q,operand
Without_import/Grover/qsharp_grover.qs,188,318,[,operator
Without_import/Grover/qsharp_grover.qs,189,319,0,operand
Without_import/Grover/qsharp_grover.qs,190,320,],operator
Without_import/Grover/qsharp_grover.qs,191,321,),operator
Without_import/Grover/qsharp_grover.qs,192,322,;,operator
Without_import/Grover/qsharp_grover.qs,193,328,let,operator
Without_import/Grover/qsharp_grover.qs,194,332,r1,operand
Without_import/Grover/qsharp_grover.qs,195,335,=,operator
Without_import/Grover/qsharp_grover.qs,196,337,M,operator
Without_import/Grover/qsharp_grover.qs,197,338,(,operator
Without_import/Grover/qsharp_grover.qs,198,339,q,operand
Without_import/Grover/qsharp_grover.qs,199,340,[,operator
Without_import/Grover/qsharp_grover.qs,200,341,1,operand
Without_import/Grover/qsharp_grover.qs,201,342,],operator
Without_import/Grover/qsharp_grover.qs,202,343,),operator
Without_import/Grover/qsharp_grover.qs,203,344,;,operator
Without_import/Grover/qsharp_grover.qs,204,350,let,operator
Without_import/Grover/qsharp_grover.qs,205,354,r2,operand
Without_import/Grover/qsharp_grover.qs,206,357,=,operator
Without_import/Grover/qsharp_grover.qs,207,359,M,operator
Without_import/Grover/qsharp_grover.qs,208,360,(,operator
Without_import/Grover/qsharp_grover.qs,209,361,q,operand
Without_import/Grover/qsharp_grover.qs,210,362,[,operator
Without_import/Grover/qsharp_grover.qs,211,363,2,operand
Without_import/Grover/qsharp_grover.qs,212,364,],operator
Without_import/Grover/qsharp_grover.qs,213,365,),operator
Without_import/Grover/qsharp_grover.qs,214,366,;,operator
Without_import/Grover/qsharp_grover.qs,215,372,ResetAll,operator
Without_import/Grover/qsharp_grover.qs,216,380,(,operator
Without_import/Grover/qsharp_grover.qs,217,381,q,operand
Without_import/Grover/qsharp_grover.qs,218,382,),operator
Without_import/Grover/qsharp_grover.qs,219,383,;,operator
Without_import/Grover/qsharp_grover.qs,220,389,return,operator
Without_import/Grover/qsharp_grover.qs,221,396,(,operator
Without_import/Grover/qsharp_grover.qs,222,397,r0,operand
Without_import/Grover/qsharp_grover.qs,223,399,",",operator
Without_import/Grover/qsharp_grover.qs,224,401,r1,operand
Without_import/Grover/qsharp_grover.qs,225,403,",",operator
Without_import/Grover/qsharp_grover.qs,226,405,r2,operand
Without_import/Grover/qsharp_grover.qs,227,407,),operator
Without_import/Grover/qsharp_grover.qs,228,408,;,operator
Without_import/Grover/qsharp_grover.qs,229,410,},ignored
Without_import/P_ansatz/cirq_ansatz.py,0,0,theta,operand
Without_import/P_ansatz/cirq_ansatz.py,1,6,=,operator
Without_import/P_ansatz/cirq_ansatz.py,2,8,sympy,operand
Without_import/P_ansatz/cirq_ansatz.py,3,13,.,ignored
Without_import/P_ansatz/cirq_ansatz.py,4,14,Symbol,operator
Without_import/P_ansatz/cirq_ansatz.py,5,20,(,operator
Without_import/P_ansatz/cirq_ansatz.py,6,21,'theta',operand
Without_import/P_ansatz/cirq_ansatz.py,7,28,),operator
Without_import/P_ansatz/cirq_ansatz.py,8,30,q,operand
Without_import/P_ansatz/cirq_ansatz.py,9,32,=,operator
Without_import/P_ansatz/cirq_ansatz.py,10,34,cirq,operand
Without_import/P_ansatz/cirq_ansatz.py,11,38,.,ignored
Without_import/P_ansatz/cirq_ansatz.py,12,39,LineQubit,operand
Without_import/P_ansatz/cirq_ansatz.py,13,48,.,ignored
Without_import/P_ansatz/cirq_ansatz.py,14,49,range,operator
Without_import/P_ansatz/cirq_ansatz.py,15,54,(,operator
Without_import/P_ansatz/cirq_ansatz.py,16,55,3,operand
Without_import/P_ansatz/cirq_ansatz.py,17,56,),operator
Without_import/P_ansatz/cirq_ansatz.py,18,58,circuit,operand
Without_import/P_ansatz/cirq_ansatz.py,19,66,=,operator
Without_import/P_ansatz/cirq_ansatz.py,20,68,cirq,operand
Without_import/P_ansatz/cirq_ansatz.py,21,72,.,ignored
Without_import/P_ansatz/cirq_ansatz.py,22,73,Circuit,operator
Without_import/P_ansatz/cirq_ansatz.py,23,80,(,operator
Without_import/P_ansatz/cirq_ansatz.py,24,81,),operator
Without_import/P_ansatz/cirq_ansatz.py,25,83,circuit,operand
Without_import/P_ansatz/cirq_ansatz.py,26,90,.,ignored
Without_import/P_ansatz/cirq_ansatz.py,27,91,append,operator
Without_import/P_ansatz/cirq_ansatz.py,28,97,(,operator
Without_import/P_ansatz/cirq_ansatz.py,29,98,cirq,operand
Without_import/P_ansatz/cirq_ansatz.py,30,102,.,ignored
Without_import/P_ansatz/cirq_ansatz.py,31,103,ry,operator
Without_import/P_ansatz/cirq_ansatz.py,32,105,(,operator
Without_import/P_ansatz/cirq_ansatz.py,33,106,theta,operand
Without_import/P_ansatz/cirq_ansatz.py,34,111,),operator
Without_import/P_ansatz/cirq_ansatz.py,35,112,(,operator
Without_import/P_ansatz/cirq_ansatz.py,36,113,q,operand
Without_import/P_ansatz/cirq_ansatz.py,37,114,[,operator
Without_import/P_ansatz/cirq_ansatz.py,38,115,0,operand
Without_import/P_ansatz/cirq_ansatz.py,39,116,],operator
Without_import/P_ansatz/cirq_ansatz.py,40,117,),operator
Without_import/P_ansatz/cirq_ansatz.py,41,118,),operator
Without_import/P_ansatz/cirq_ansatz.py,42,120,circuit,operand
Without_import/P_ansatz/cirq_ansatz.py,43,127,.,ignored
Without_import/P_ansatz/cirq_ansatz.py,44,128,append,operator
Without_import/P_ansatz/cirq_ansatz.py,45,134,(,operator
Without_import/P_ansatz/cirq_ansatz.py,46,135,cirq,operand
Without_import/P_ansatz/cirq_ansatz.py,47,139,.,ignored
Without_import/P_ansatz/cirq_ansatz.py,48,140,ry,operator
Without_import/P_ansatz/cirq_ansatz.py,49,142,(,operator
Without_import/P_ansatz/cirq_ansatz.py,50,143,theta,operand
Without_import/P_ansatz/cirq_ansatz.py,51,148,),operator
Without_import/P_ansatz/cirq_ansatz.py,52,149,(,operator
Without_import/P_ansatz/cirq_ansatz.py,53,150,q,operand
Without_import/P_ansatz/cirq_ansatz.py,54,151,[,operator
Without_import/P_ansatz/cirq_ansatz.py,55,152,1,operand
Without_import/P_ansatz/cirq_ansatz.py,56,153,],operator
Without_import/P_ansatz/cirq_ansatz.py,57,154,),operator
Without_import/P_ansatz/cirq_ansatz.py,58,155,),operator
Without_import/P_ansatz/cirq_ansatz.py,59,157,circuit,operand
Without_import/P_ansatz/cirq_ansatz.py,60,164,.,ignored
Without_import/P_ansatz/cirq_ansatz.py,61,165,append,operator
Without_import/P_ansatz/cirq_ansatz.py,62,171,(,operator
Without_import/P_ansatz/cirq_ansatz.py,63,172,cirq,operand
Without_import/P_ansatz/cirq_ansatz.py,64,176,.,ignored
Without_import/P_ansatz/cirq_ansatz.py,65,177,ry,operator
Without_import/P_ansatz/cirq_ansatz.py,66,179,(,operator
Without_import/P_ansatz/cirq_ansatz.py,67,180,theta,operand
Without_import/P_ansatz/cirq_ansatz.py,68,185,),operator
Without_import/P_ansatz/cirq_ansatz.py,69,186,(,operator
Without_import/P_ansatz/cirq_ansatz.py,70,187,q,operand
Without_import/P_ansatz/cirq_ansatz.py,71,188,[,operator
Without_import/P_ansatz/cirq_ansatz.py,72,189,2,operand
Without_import/P_ansatz/cirq_ansatz.py,73,190,],operator
Without_import/P_ansatz/cirq_ansatz.py,74,191,),operator
Without_import/P_ansatz/cirq_ansatz.py,75,192,),operator
Without_import/P_ansatz/cirq_ansatz.py,76,194,circuit,operand
Without_import/P_ansatz/cirq_ansatz.py,77,201,.,ignored
Without_import/P_ansatz/cirq_ansatz.py,78,202,append,operator
Without_import/P_ansatz/cirq_ansatz.py,79,208,(,operator
Without_import/P_ansatz/cirq_ansatz.py,80,209,cirq,operand
Without_import/P_ansatz/cirq_ansatz.py,81,213,.,ignored
Without_import/P_ansatz/cirq_ansatz.py,82,214,CNOT,operator
Without_import/P_ansatz/cirq_ansatz.py,83,218,(,operator
Without_import/P_ansatz/cirq_ansatz.py,84,219,q,operand
Without_import/P_ansatz/cirq_ansatz.py,85,220,[,operator
Without_import/P_ansatz/cirq_ansatz.py,86,221,0,operand
Without_import/P_ansatz/cirq_ansatz.py,87,222,],operator
Without_import/P_ansatz/cirq_ansatz.py,88,223,",",operator
Without_import/P_ansatz/cirq_ansatz.py,89,225,q,operand
Without_import/P_ansatz/cirq_ansatz.py,90,226,[,operator
Without_import/P_ansatz/cirq_ansatz.py,91,227,1,operand
Without_import/P_ansatz/cirq_ansatz.py,92,228,],operator
Without_import/P_ansatz/cirq_ansatz.py,93,229,),operator
Without_import/P_ansatz/cirq_ansatz.py,94,230,),operator
Without_import/P_ansatz/cirq_ansatz.py,95,232,circuit,operand
Without_import/P_ansatz/cirq_ansatz.py,96,239,.,ignored
Without_import/P_ansatz/cirq_ansatz.py,97,240,append,operator
Without_import/P_ansatz/cirq_ansatz.py,98,246,(,operator
Without_import/P_ansatz/cirq_ansatz.py,99,247,cirq,operand
Without_import/P_ansatz/cirq_ansatz.py,100,251,.,ignored
Without_import/P_ansatz/cirq_ansatz.py,101,252,CNOT,operator
Without_import/P_ansatz/cirq_ansatz.py,102,256,(,operator
Without_import/P_ansatz/cirq_ansatz.py,103,257,q,operand
Without_import/P_ansatz/cirq_ansatz.py,104,258,[,operator
Without_import/P_ansatz/cirq_ansatz.py,105,259,1,operand
Without_import/P_ansatz/cirq_ansatz.py,106,260,],operator
Without_import/P_ansatz/cirq_ansatz.py,107,261,",",operator
Without_import/P_ansatz/cirq_ansatz.py,108,263,q,operand
Without_import/P_ansatz/cirq_ansatz.py,109,264,[,operator
Without_import/P_ansatz/cirq_ansatz.py,110,265,2,operand
Without_import/P_ansatz/cirq_ansatz.py,111,266,],operator
Without_import/P_ansatz/cirq_ansatz.py,112,267,),operator
Without_import/P_ansatz/cirq_ansatz.py,113,268,),operator
Without_import/P_ansatz/cirq_ansatz.py,114,270,circuit,operand
Without_import/P_ansatz/cirq_ansatz.py,115,277,.,ignored
Without_import/P_ansatz/cirq_ansatz.py,116,278,append,operator
Without_import/P_ansatz/cirq_ansatz.py,117,284,(,operator
Without_import/P_ansatz/cirq_ansatz.py,118,285,cirq,operand
Without_import/P_ansatz/cirq_ansatz.py,119,289,.,ignored
Without_import/P_ansatz/cirq_ansatz.py,120,290,measure,operator
Without_import/P_ansatz/cirq_ansatz.py,121,297,(,operator
Without_import/P_ansatz/cirq_ansatz.py,122,298,q,operand
Without_import/P_ansatz/cirq_ansatz.py,123,299,[,operator
Without_import/P_ansatz/cirq_ansatz.py,124,300,0,operand
Without_import/P_ansatz/cirq_ansatz.py,125,301,],operator
Without_import/P_ansatz/cirq_ansatz.py,126,302,",",operator
Without_import/P_ansatz/cirq_ansatz.py,127,304,key,operand
Without_import/P_ansatz/cirq_ansatz.py,128,307,=,operator
Without_import/P_ansatz/cirq_ansatz.py,129,308,'m0',operand
Without_import/P_ansatz/cirq_ansatz.py,130,312,),operator
Without_import/P_ansatz/cirq_ansatz.py,131,313,),operator
Without_import/P_ansatz/cirq_ansatz.py,132,315,circuit,operand
Without_import/P_ansatz/cirq_ansatz.py,133,322,.,ignored
Without_import/P_ansatz/cirq_ansatz.py,134,323,append,operator
Without_import/P_ansatz/cirq_ansatz.py,135,329,(,operator
Without_import/P_ansatz/cirq_ansatz.py,136,330,cirq,operand
Without_import/P_ansatz/cirq_ansatz.py,137,334,.,ignored
Without_import/P_ansatz/cirq_ansatz.py,138,335,measure,operator
Without_import/P_ansatz/cirq_ansatz.py,139,342,(,operator
Without_import/P_ansatz/cirq_ansatz.py,140,343,q,operand
Without_import/P_ansatz/cirq_ansatz.py,141,344,[,operator
Without_import/P_ansatz/cirq_ansatz.py,142,345,1,operand
Without_import/P_ansatz/cirq_ansatz.py,143,346,],operator
Without_import/P_ansatz/cirq_ansatz.py,144,347,",",operator
Without_import/P_ansatz/cirq_ansatz.py,145,349,key,operand
Without_import/P_ansatz/cirq_ansatz.py,146,352,=,operator
Without_import/P_ansatz/cirq_ansatz.py,147,353,'m1',operand
Without_import/P_ansatz/cirq_ansatz.py,148,357,),operator
Without_import/P_ansatz/cirq_ansatz.py,149,358,),operator
Without_import/P_ansatz/cirq_ansatz.py,150,360,circuit,operand
Without_import/P_ansatz/cirq_ansatz.py,151,367,.,ignored
Without_import/P_ansatz/cirq_ansatz.py,152,368,append,operator
Without_import/P_ansatz/cirq_ansatz.py,153,374,(,operator
Without_import/P_ansatz/cirq_ansatz.py,154,375,cirq,operand
Without_import/P_ansatz/cirq_ansatz.py,155,379,.,ignored
Without_import/P_ansatz/cirq_ansatz.py,156,380,measure,operator
Without_import/P_ansatz/cirq_ansatz.py,157,387,(,operator
Without_import/P_ansatz/cirq_ansatz.py,158,388,q,operand
Without_import/P_ansatz/cirq_ansatz.py,159,389,[,operator
Without_import/P_ansatz/cirq_ansatz.py,160,390,2,operand
Without_import/P_ansatz/cirq_ansatz.py,161,391,],operator
Without_import/P_ansatz/cirq_ansatz.py,162,392,",",operator
Without_import/P_ansatz/cirq_ansatz.py,163,394,key,operand
Without_import/P_ansatz/cirq_ansatz.py,164,397,=,operator
Without_import/P_ansatz/cirq_ansatz.py,165,398,'m2',operand
Without_import/P_ansatz/cirq_ansatz.py,166,402,),operator
Without_import/P_ansatz/cirq_ansatz.py,167,403,),operator
Without_import/P_ansatz/pennylane_ansatz.py,0,0,dev,operand
Without_import/P_ansatz/pennylane_ansatz.py,1,4,=,operator
Without_import/P_ansatz/pennylane_ansatz.py,2,6,qml,operand
Without_import/P_ansatz/pennylane_ansatz.py,3,9,.,ignored
Without_import/P_ansatz/pennylane_ansatz.py,4,10,device,operator
Without_import/P_ansatz/pennylane_ansatz.py,5,16,(,operator
Without_import/P_ansatz/pennylane_ansatz.py,6,17,"""default.qubit""",operand
Without_import/P_ansatz/pennylane_ansatz.py,7,32,",",operator
Without_import/P_ansatz/pennylane_ansatz.py,8,34,wires,operand
Without_import/P_ansatz/pennylane_ansatz.py,9,39,=,operator
Without_import/P_ansatz/pennylane_ansatz.py,10,40,3,operand
Without_import/P_ansatz/pennylane_ansatz.py,11,41,),operator
Without_import/P_ansatz/pennylane_ansatz.py,12,43,@,operator
Without_import/P_ansatz/pennylane_ansatz.py,13,44,qml,operand
Without_import/P_ansatz/pennylane_ansatz.py,14,47,.,ignored
Without_import/P_ansatz/pennylane_ansatz.py,15,48,qnode,operator
Without_import/P_ansatz/pennylane_ansatz.py,16,53,(,operator
Without_import/P_ansatz/pennylane_ansatz.py,17,54,dev,operand
Without_import/P_ansatz/pennylane_ansatz.py,18,57,),operator
Without_import/P_ansatz/pennylane_ansatz.py,19,59,def,operand
Without_import/P_ansatz/pennylane_ansatz.py,20,63,ansatz,operator
Without_import/P_ansatz/pennylane_ansatz.py,21,69,(,operator
Without_import/P_ansatz/pennylane_ansatz.py,22,70,theta,operand
Without_import/P_ansatz/pennylane_ansatz.py,23,75,),operator
Without_import/P_ansatz/pennylane_ansatz.py,24,82,qml,operand
Without_import/P_ansatz/pennylane_ansatz.py,25,85,.,ignored
Without_import/P_ansatz/pennylane_ansatz.py,26,86,RY,operator
Without_import/P_ansatz/pennylane_ansatz.py,27,88,(,operator
Without_import/P_ansatz/pennylane_ansatz.py,28,89,theta,operand
Without_import/P_ansatz/pennylane_ansatz.py,29,94,",",operator
Without_import/P_ansatz/pennylane_ansatz.py,30,96,wires,operand
Without_import/P_ansatz/pennylane_ansatz.py,31,101,=,operator
Without_import/P_ansatz/pennylane_ansatz.py,32,102,0,operand
Without_import/P_ansatz/pennylane_ansatz.py,33,103,),operator
Without_import/P_ansatz/pennylane_ansatz.py,34,109,qml,operand
Without_import/P_ansatz/pennylane_ansatz.py,35,112,.,ignored
Without_import/P_ansatz/pennylane_ansatz.py,36,113,RY,operator
Without_import/P_ansatz/pennylane_ansatz.py,37,115,(,operator
Without_import/P_ansatz/pennylane_ansatz.py,38,116,theta,operand
Without_import/P_ansatz/pennylane_ansatz.py,39,121,",",operator
Without_import/P_ansatz/pennylane_ansatz.py,40,123,wires,operand
Without_import/P_ansatz/pennylane_ansatz.py,41,128,=,operator
Without_import/P_ansatz/pennylane_ansatz.py,42,129,1,operand
Without_import/P_ansatz/pennylane_ansatz.py,43,130,),operator
Without_import/P_ansatz/pennylane_ansatz.py,44,136,qml,operand
Without_import/P_ansatz/pennylane_ansatz.py,45,139,.,ignored
Without_import/P_ansatz/pennylane_ansatz.py,46,140,RY,operator
Without_import/P_ansatz/pennylane_ansatz.py,47,142,(,operator
Without_import/P_ansatz/pennylane_ansatz.py,48,143,theta,operand
Without_import/P_ansatz/pennylane_ansatz.py,49,148,",",operator
Without_import/P_ansatz/pennylane_ansatz.py,50,150,wires,operand
Without_import/P_ansatz/pennylane_ansatz.py,51,155,=,operator
Without_import/P_ansatz/pennylane_ansatz.py,52,156,2,operand
Without_import/P_ansatz/pennylane_ansatz.py,53,157,),operator
Without_import/P_ansatz/pennylane_ansatz.py,54,163,qml,operand
Without_import/P_ansatz/pennylane_ansatz.py,55,166,.,ignored
Without_import/P_ansatz/pennylane_ansatz.py,56,167,CNOT,operator
Without_import/P_ansatz/pennylane_ansatz.py,57,171,(,operator
Without_import/P_ansatz/pennylane_ansatz.py,58,172,wires,operand
Without_import/P_ansatz/pennylane_ansatz.py,59,177,=,operator
Without_import/P_ansatz/pennylane_ansatz.py,60,178,[,operator
Without_import/P_ansatz/pennylane_ansatz.py,61,179,0,operand
Without_import/P_ansatz/pennylane_ansatz.py,62,180,",",operator
Without_import/P_ansatz/pennylane_ansatz.py,63,182,1,operand
Without_import/P_ansatz/pennylane_ansatz.py,64,183,],operator
Without_import/P_ansatz/pennylane_ansatz.py,65,184,),operator
Without_import/P_ansatz/pennylane_ansatz.py,66,190,qml,operand
Without_import/P_ansatz/pennylane_ansatz.py,67,193,.,ignored
Without_import/P_ansatz/pennylane_ansatz.py,68,194,CNOT,operator
Without_import/P_ansatz/pennylane_ansatz.py,69,198,(,operator
Without_import/P_ansatz/pennylane_ansatz.py,70,199,wires,operand
Without_import/P_ansatz/pennylane_ansatz.py,71,204,=,operator
Without_import/P_ansatz/pennylane_ansatz.py,72,205,[,operator
Without_import/P_ansatz/pennylane_ansatz.py,73,206,1,operand
Without_import/P_ansatz/pennylane_ansatz.py,74,207,",",operator
Without_import/P_ansatz/pennylane_ansatz.py,75,209,2,operand
Without_import/P_ansatz/pennylane_ansatz.py,76,210,],operator
Without_import/P_ansatz/pennylane_ansatz.py,77,211,),operator
Without_import/P_ansatz/pennylane_ansatz.py,78,217,return,operator
Without_import/P_ansatz/pennylane_ansatz.py,79,224,qml,operand
Without_import/P_ansatz/pennylane_ansatz.py,80,227,.,ignored
Without_import/P_ansatz/pennylane_ansatz.py,81,228,probs,operator
Without_import/P_ansatz/pennylane_ansatz.py,82,233,(,operator
Without_import/P_ansatz/pennylane_ansatz.py,83,234,wires,operand
Without_import/P_ansatz/pennylane_ansatz.py,84,239,=,operator
Without_import/P_ansatz/pennylane_ansatz.py,85,240,[,operator
Without_import/P_ansatz/pennylane_ansatz.py,86,241,0,operand
Without_import/P_ansatz/pennylane_ansatz.py,87,242,",",operator
Without_import/P_ansatz/pennylane_ansatz.py,88,244,1,operand
Without_import/P_ansatz/pennylane_ansatz.py,89,245,",",operator
Without_import/P_ansatz/pennylane_ansatz.py,90,247,2,operand
Without_import/P_ansatz/pennylane_ansatz.py,91,248,],operator
Without_import/P_ansatz/pennylane_ansatz.py,92,249,),operator
Without_import/P_ansatz/qiskit_ansatz.py,0,0,theta,operand
Without_import/P_ansatz/qiskit_ansatz.py,1,6,=,operator
Without_import/P_ansatz/qiskit_ansatz.py,2,8,Parameter,operator
Without_import/P_ansatz/qiskit_ansatz.py,3,17,(,operator
Without_import/P_ansatz/qiskit_ansatz.py,4,18,'θ',operand
Without_import/P_ansatz/qiskit_ansatz.py,5,21,),operator
Without_import/P_ansatz/qiskit_ansatz.py,6,23,qr,operand
Without_import/P_ansatz/qiskit_ansatz.py,7,26,=,operator
Without_import/P_ansatz/qiskit_ansatz.py,8,28,QuantumRegister,operator
Without_import/P_ansatz/qiskit_ansatz.py,9,43,(,operator
Without_import/P_ansatz/qiskit_ansatz.py,10,44,3,operand
Without_import/P_ansatz/qiskit_ansatz.py,11,45,),operator
Without_import/P_ansatz/qiskit_ansatz.py,12,47,cr,operand
Without_import/P_ansatz/qiskit_ansatz.py,13,50,=,operator
Without_import/P_ansatz/qiskit_ansatz.py,14,52,ClassicalRegister,operator
Without_import/P_ansatz/qiskit_ansatz.py,15,69,(,operator
Without_import/P_ansatz/qiskit_ansatz.py,16,70,3,operand
Without_import/P_ansatz/qiskit_ansatz.py,17,71,),operator
Without_import/P_ansatz/qiskit_ansatz.py,18,73,qc,operand
Without_import/P_ansatz/qiskit_ansatz.py,19,76,=,operator
Without_import/P_ansatz/qiskit_ansatz.py,20,78,QuantumCircuit,operator
Without_import/P_ansatz/qiskit_ansatz.py,21,92,(,operator
Without_import/P_ansatz/qiskit_ansatz.py,22,93,qr,operand
Without_import/P_ansatz/qiskit_ansatz.py,23,95,",",operator
Without_import/P_ansatz/qiskit_ansatz.py,24,97,cr,operand
Without_import/P_ansatz/qiskit_ansatz.py,25,99,),operator
Without_import/P_ansatz/qiskit_ansatz.py,26,101,qc,operand
Without_import/P_ansatz/qiskit_ansatz.py,27,103,.,ignored
Without_import/P_ansatz/qiskit_ansatz.py,28,104,ry,operator
Without_import/P_ansatz/qiskit_ansatz.py,29,106,(,operator
Without_import/P_ansatz/qiskit_ansatz.py,30,107,theta,operand
Without_import/P_ansatz/qiskit_ansatz.py,31,112,",",operator
Without_import/P_ansatz/qiskit_ansatz.py,32,114,qr,operand
Without_import/P_ansatz/qiskit_ansatz.py,33,116,[,operator
Without_import/P_ansatz/qiskit_ansatz.py,34,117,0,operand
Without_import/P_ansatz/qiskit_ansatz.py,35,118,],operator
Without_import/P_ansatz/qiskit_ansatz.py,36,119,),operator
Without_import/P_ansatz/qiskit_ansatz.py,37,121,qc,operand
Without_import/P_ansatz/qiskit_ansatz.py,38,123,.,ignored
Without_import/P_ansatz/qiskit_ansatz.py,39,124,ry,operator
Without_import/P_ansatz/qiskit_ansatz.py,40,126,(,operator
Without_import/P_ansatz/qiskit_ansatz.py,41,127,theta,operand
Without_import/P_ansatz/qiskit_ansatz.py,42,132,",",operator
Without_import/P_ansatz/qiskit_ansatz.py,43,134,qr,operand
Without_import/P_ansatz/qiskit_ansatz.py,44,136,[,operator
Without_import/P_ansatz/qiskit_ansatz.py,45,137,1,operand
Without_import/P_ansatz/qiskit_ansatz.py,46,138,],operator
Without_import/P_ansatz/qiskit_ansatz.py,47,139,),operator
Without_import/P_ansatz/qiskit_ansatz.py,48,141,qc,operand
Without_import/P_ansatz/qiskit_ansatz.py,49,143,.,ignored
Without_import/P_ansatz/qiskit_ansatz.py,50,144,ry,operator
Without_import/P_ansatz/qiskit_ansatz.py,51,146,(,operator
Without_import/P_ansatz/qiskit_ansatz.py,52,147,theta,operand
Without_import/P_ansatz/qiskit_ansatz.py,53,152,",",operator
Without_import/P_ansatz/qiskit_ansatz.py,54,154,qr,operand
Without_import/P_ansatz/qiskit_ansatz.py,55,156,[,operator
Without_import/P_ansatz/qiskit_ansatz.py,56,157,2,operand
Without_import/P_ansatz/qiskit_ansatz.py,57,158,],operator
Without_import/P_ansatz/qiskit_ansatz.py,58,159,),operator
Without_import/P_ansatz/qiskit_ansatz.py,59,161,qc,operand
Without_import/P_ansatz/qiskit_ansatz.py,60,163,.,ignored
Without_import/P_ansatz/qiskit_ansatz.py,61,164,cx,operator
Without_import/P_ansatz/qiskit_ansatz.py,62,166,(,operator
Without_import/P_ansatz/qiskit_ansatz.py,63,167,qr,operand
Without_import/P_ansatz/qiskit_ansatz.py,64,169,[,operator
Without_import/P_ansatz/qiskit_ansatz.py,65,170,0,operand
Without_import/P_ansatz/qiskit_ansatz.py,66,171,],operator
Without_import/P_ansatz/qiskit_ansatz.py,67,172,",",operator
Without_import/P_ansatz/qiskit_ansatz.py,68,174,qr,operand
Without_import/P_ansatz/qiskit_ansatz.py,69,176,[,operator
Without_import/P_ansatz/qiskit_ansatz.py,70,177,1,operand
Without_import/P_ansatz/qiskit_ansatz.py,71,178,],operator
Without_import/P_ansatz/qiskit_ansatz.py,72,179,),operator
Without_import/P_ansatz/qiskit_ansatz.py,73,181,qc,operand
Without_import/P_ansatz/qiskit_ansatz.py,74,183,.,ignored
Without_import/P_ansatz/qiskit_ansatz.py,75,184,cx,operator
Without_import/P_ansatz/qiskit_ansatz.py,76,186,(,operator
Without_import/P_ansatz/qiskit_ansatz.py,77,187,qr,operand
Without_import/P_ansatz/qiskit_ansatz.py,78,189,[,operator
Without_import/P_ansatz/qiskit_ansatz.py,79,190,1,operand
Without_import/P_ansatz/qiskit_ansatz.py,80,191,],operator
Without_import/P_ansatz/qiskit_ansatz.py,81,192,",",operator
Without_import/P_ansatz/qiskit_ansatz.py,82,194,qr,operand
Without_import/P_ansatz/qiskit_ansatz.py,83,196,[,operator
Without_import/P_ansatz/qiskit_ansatz.py,84,197,2,operand
Without_import/P_ansatz/qiskit_ansatz.py,85,198,],operator
Without_import/P_ansatz/qiskit_ansatz.py,86,199,),operator
Without_import/P_ansatz/qiskit_ansatz.py,87,201,qc,operand
Without_import/P_ansatz/qiskit_ansatz.py,88,203,.,ignored
Without_import/P_ansatz/qiskit_ansatz.py,89,204,measure,operator
Without_import/P_ansatz/qiskit_ansatz.py,90,211,(,operator
Without_import/P_ansatz/qiskit_ansatz.py,91,212,qr,operand
Without_import/P_ansatz/qiskit_ansatz.py,92,214,[,operator
Without_import/P_ansatz/qiskit_ansatz.py,93,215,0,operand
Without_import/P_ansatz/qiskit_ansatz.py,94,216,],operator
Without_import/P_ansatz/qiskit_ansatz.py,95,217,",",operator
Without_import/P_ansatz/qiskit_ansatz.py,96,219,cr,operand
Without_import/P_ansatz/qiskit_ansatz.py,97,221,[,operator
Without_import/P_ansatz/qiskit_ansatz.py,98,222,0,operand
Without_import/P_ansatz/qiskit_ansatz.py,99,223,],operator
Without_import/P_ansatz/qiskit_ansatz.py,100,224,),operator
Without_import/P_ansatz/qiskit_ansatz.py,101,226,qc,operand
Without_import/P_ansatz/qiskit_ansatz.py,102,228,.,ignored
Without_import/P_ansatz/qiskit_ansatz.py,103,229,measure,operator
Without_import/P_ansatz/qiskit_ansatz.py,104,236,(,operator
Without_import/P_ansatz/qiskit_ansatz.py,105,237,qr,operand
Without_import/P_ansatz/qiskit_ansatz.py,106,239,[,operator
Without_import/P_ansatz/qiskit_ansatz.py,107,240,1,operand
Without_import/P_ansatz/qiskit_ansatz.py,108,241,],operator
Without_import/P_ansatz/qiskit_ansatz.py,109,242,",",operator
Without_import/P_ansatz/qiskit_ansatz.py,110,244,cr,operand
Without_import/P_ansatz/qiskit_ansatz.py,111,246,[,operator
Without_import/P_ansatz/qiskit_ansatz.py,112,247,1,operand
Without_import/P_ansatz/qiskit_ansatz.py,113,248,],operator
Without_import/P_ansatz/qiskit_ansatz.py,114,249,),operator
Without_import/P_ansatz/qiskit_ansatz.py,115,251,qc,operand
Without_import/P_ansatz/qiskit_ansatz.py,116,253,.,ignored
Without_import/P_ansatz/qiskit_ansatz.py,117,254,measure,operator
Without_import/P_ansatz/qiskit_ansatz.py,118,261,(,operator
Without_import/P_ansatz/qiskit_ansatz.py,119,262,qr,operand
Without_import/P_ansatz/qiskit_ansatz.py,120,264,[,operator
Without_import/P_ansatz/qiskit_ansatz.py,121,265,2,operand
Without_import/P_ansatz/qiskit_ansatz.py,122,266,],operator
Without_import/P_ansatz/qiskit_ansatz.py,123,267,",",operator
Without_import/P_ansatz/qiskit_ansatz.py,124,269,cr,operand
Without_import/P_ansatz/qiskit_ansatz.py,125,271,[,operator
Without_import/P_ansatz/qiskit_ansatz.py,126,272,2,operand
Without_import/P_ansatz/qiskit_ansatz.py,127,273,],operator
Without_import/P_ansatz/qiskit_ansatz.py,128,274,),operator
Without_import/P_ansatz/qsharp_ansatz.qs,0,0,operation,operand
Without_import/P_ansatz/qsharp_ansatz.qs,1,10,Ansatz,operator
Without_import/P_ansatz/qsharp_ansatz.qs,2,16,(,operator
Without_import/P_ansatz/qsharp_ansatz.qs,3,17,theta,operand
Without_import/P_ansatz/qsharp_ansatz.qs,4,25,Double,operand
Without_import/P_ansatz/qsharp_ansatz.qs,5,31,),operator
Without_import/P_ansatz/qsharp_ansatz.qs,6,35,(,operator
Without_import/P_ansatz/qsharp_ansatz.qs,7,36,Result,operand
Without_import/P_ansatz/qsharp_ansatz.qs,8,42,",",operator
Without_import/P_ansatz/qsharp_ansatz.qs,9,44,Result,operand
Without_import/P_ansatz/qsharp_ansatz.qs,10,50,",",operator
Without_import/P_ansatz/qsharp_ansatz.qs,11,52,Result,operand
Without_import/P_ansatz/qsharp_ansatz.qs,12,58,),operator
Without_import/P_ansatz/qsharp_ansatz.qs,13,60,{,ignored
Without_import/P_ansatz/qsharp_ansatz.qs,14,66,use,operator
Without_import/P_ansatz/qsharp_ansatz.qs,15,70,q,operand
Without_import/P_ansatz/qsharp_ansatz.qs,16,72,=,operator
Without_import/P_ansatz/qsharp_ansatz.qs,17,74,Qubit,operand
Without_import/P_ansatz/qsharp_ansatz.qs,18,79,[,operator
Without_import/P_ansatz/qsharp_ansatz.qs,19,80,3,operand
Without_import/P_ansatz/qsharp_ansatz.qs,20,81,],operator
Without_import/P_ansatz/qsharp_ansatz.qs,21,82,;,operator
Without_import/P_ansatz/qsharp_ansatz.qs,22,88,Ry,operator
Without_import/P_ansatz/qsharp_ansatz.qs,23,90,(,operator
Without_import/P_ansatz/qsharp_ansatz.qs,24,91,theta,operand
Without_import/P_ansatz/qsharp_ansatz.qs,25,96,",",operator
Without_import/P_ansatz/qsharp_ansatz.qs,26,98,q,operand
Without_import/P_ansatz/qsharp_ansatz.qs,27,99,[,operator
Without_import/P_ansatz/qsharp_ansatz.qs,28,100,0,operand
Without_import/P_ansatz/qsharp_ansatz.qs,29,101,],operator
Without_import/P_ansatz/qsharp_ansatz.qs,30,102,),operator
Without_import/P_ansatz/qsharp_ansatz.qs,31,103,;,operator
Without_import/P_ansatz/qsharp_ansatz.qs,32,109,Ry,operator
Without_import/P_ansatz/qsharp_ansatz.qs,33,111,(,operator
Without_import/P_ansatz/qsharp_ansatz.qs,34,112,theta,operand
Without_import/P_ansatz/qsharp_ansatz.qs,35,117,",",operator
Without_import/P_ansatz/qsharp_ansatz.qs,36,119,q,operand
Without_import/P_ansatz/qsharp_ansatz.qs,37,120,[,operator
Without_import/P_ansatz/qsharp_ansatz.qs,38,121,1,operand
Without_import/P_ansatz/qsharp_ansatz.qs,39,122,],operator
Without_import/P_ansatz/qsharp_ansatz.qs,40,123,),operator
Without_import/P_ansatz/qsharp_ansatz.qs,41,124,;,operator
Without_import/P_ansatz/qsharp_ansatz.qs,42,130,Ry,operator
Without_import/P_ansatz/qsharp_ansatz.qs,43,132,(,operator
Without_import/P_ansatz/qsharp_ansatz.qs,44,133,theta,operand
Without_import/P_ansatz/qsharp_ansatz.qs,45,138,",",operator
Without_import/P_ansatz/qsharp_ansatz.qs,46,140,q,operand
Without_import/P_ansatz/qsharp_ansatz.qs,47,141,[,operator
Without_import/P_ansatz/qsharp_ansatz.qs,48,142,2,operand
Without_import/P_ansatz/qsharp_ansatz.qs,49,143,],operator
Without_import/P_ansatz/qsharp_ansatz.qs,50,144,),operator
Without_import/P_ansatz/qsharp_ansatz.qs,51,145,;,operator
Without_import/P_ansatz/qsharp_ansatz.qs,52,151,CNOT,operator
Without_import/P_ansatz/qsharp_ansatz.qs,53,155,(,operator
Without_import/P_ansatz/qsharp_ansatz.qs,54,156,q,operand
Without_import/P_ansatz/qsharp_ansatz.qs,55,157,[,operator
Without_import/P_ansatz/qsharp_ansatz.qs,56,158,0,operand
Without_import/P_ansatz/qsharp_ansatz.qs,57,159,],operator
Without_import/P_ansatz/qsharp_ansatz.qs,58,160,",",operator
Without_import/P_ansatz/qsharp_ansatz.qs,59,162,q,operand
Without_import/P_ansatz/qsharp_ansatz.qs,60,163,[,operator
Without_import/P_ansatz/qsharp_ansatz.qs,61,164,1,operand
Without_import/P_ansatz/qsharp_ansatz.qs,62,165,],operator
Without_import/P_ansatz/qsharp_ansatz.qs,63,166,),operator
Without_import/P_ansatz/qsharp_ansatz.qs,64,167,;,operator
Without_import/P_ansatz/qsharp_ansatz.qs,65,173,CNOT,operator
Without_import/P_ansatz/qsharp_ansatz.qs,66,177,(,operator
Without_import/P_ansatz/qsharp_ansatz.qs,67,178,q,operand
Without_import/P_ansatz/qsharp_ansatz.qs,68,179,[,operator
Without_import/P_ansatz/qsharp_ansatz.qs,69,180,1,operand
Without_import/P_ansatz/qsharp_ansatz.qs,70,181,],operator
Without_import/P_ansatz/qsharp_ansatz.qs,71,182,",",operator
Without_import/P_ansatz/qsharp_ansatz.qs,72,184,q,operand
Without_import/P_ansatz/qsharp_ansatz.qs,73,185,[,operator
Without_import/P_ansatz/qsharp_ansatz.qs,74,186,2,operand
Without_import/P_ansatz/qsharp_ansatz.qs,75,187,],operator
Without_import/P_ansatz/qsharp_ansatz.qs,76,188,),operator
Without_import/P_ansatz/qsharp_ansatz.qs,77,189,;,operator
Without_import/P_ansatz/qsharp_ansatz.qs,78,195,let,operator
Without_import/P_ansatz/qsharp_ansatz.qs,79,199,r0,operand
Without_import/P_ansatz/qsharp_ansatz.qs,80,202,=,operator
Without_import/P_ansatz/qsharp_ansatz.qs,81,204,M,operator
Without_import/P_ansatz/qsharp_ansatz.qs,82,205,(,operator
Without_import/P_ansatz/qsharp_ansatz.qs,83,206,q,operand
Without_import/P_ansatz/qsharp_ansatz.qs,84,207,[,operator
Without_import/P_ansatz/qsharp_ansatz.qs,85,208,0,operand
Without_import/P_ansatz/qsharp_ansatz.qs,86,209,],operator
Without_import/P_ansatz/qsharp_ansatz.qs,87,210,),operator
Without_import/P_ansatz/qsharp_ansatz.qs,88,211,;,operator
Without_import/P_ansatz/qsharp_ansatz.qs,89,217,let,operator
Without_import/P_ansatz/qsharp_ansatz.qs,90,221,r1,operand
Without_import/P_ansatz/qsharp_ansatz.qs,91,224,=,operator
Without_import/P_ansatz/qsharp_ansatz.qs,92,226,M,operator
Without_import/P_ansatz/qsharp_ansatz.qs,93,227,(,operator
Without_import/P_ansatz/qsharp_ansatz.qs,94,228,q,operand
Without_import/P_ansatz/qsharp_ansatz.qs,95,229,[,operator
Without_import/P_ansatz/qsharp_ansatz.qs,96,230,1,operand
Without_import/P_ansatz/qsharp_ansatz.qs,97,231,],operator
Without_import/P_ansatz/qsharp_ansatz.qs,98,232,),operator
Without_import/P_ansatz/qsharp_ansatz.qs,99,233,;,operator
Without_import/P_ansatz/qsharp_ansatz.qs,100,239,let,operator
Without_import/P_ansatz/qsharp_ansatz.qs,101,243,r2,operand
Without_import/P_ansatz/qsharp_ansatz.qs,102,246,=,operator
Without_import/P_ansatz/qsharp_ansatz.qs,103,248,M,operator
Without_import/P_ansatz/qsharp_ansatz.qs,104,249,(,operator
Without_import/P_ansatz/qsharp_ansatz.qs,105,250,q,operand
Without_import/P_ansatz/qsharp_ansatz.qs,106,251,[,operator
Without_import/P_ansatz/qsharp_ansatz.qs,107,252,2,operand
Without_import/P_ansatz/qsharp_ansatz.qs,108,253,],operator
Without_import/P_ansatz/qsharp_ansatz.qs,109,254,),operator
Without_import/P_ansatz/qsharp_ansatz.qs,110,255,;,operator
Without_import/P_ansatz/qsharp_ansatz.qs,111,261,ResetAll,operator
Without_import/P_ansatz/qsharp_ansatz.qs,112,269,(,operator
Without_import/P_ansatz/qsharp_ansatz.qs,113,270,q,operand
Without_import/P_ansatz/qsharp_ansatz.qs,114,271,),operator
Without_import/P_ansatz/qsharp_ansatz.qs,115,272,;,operator
Without_import/P_ansatz/qsharp_ansatz.qs,116,278,return,operator
Without_import/P_ansatz/qsharp_ansatz.qs,117,285,(,operator
Without_import/P_ansatz/qsharp_ansatz.qs,118,286,r0,operand
Without_import/P_ansatz/qsharp_ansatz.qs,119,288,",",operator
Without_import/P_ansatz/qsharp_ansatz.qs,120,290,r1,operand
Without_import/P_ansatz/qsharp_ansatz.qs,121,292,",",operator
Without_import/P_ansatz/qsharp_ansatz.qs,122,294,r2,operand
Without_import/P_ansatz/qsharp_ansatz.qs,123,296,),operator
Without_import/P_ansatz/qsharp_ansatz.qs,124,297,;,operator
Without_import/P_ansatz/qsharp_ansatz.qs,125,299,},ignored
Without_import/qaoa/cirq_qaoa.py,0,0,gamma,operand
Without_import/qaoa/cirq_qaoa.py,1,6,=,operator
Without_import/qaoa/cirq_qaoa.py,2,8,sympy,operand
Without_import/qaoa/cirq_qaoa.py,3,13,.,ignored
Without_import/qaoa/cirq_qaoa.py,4,14,Symbol,operator
Without_import/qaoa/cirq_qaoa.py,5,20,(,operator
Without_import/qaoa/cirq_qaoa.py,6,21,'gamma',operand
Without_import/qaoa/cirq_qaoa.py,7,28,),operator
Without_import/qaoa/cirq_qaoa.py,8,30,beta,operand
Without_import/qaoa/cirq_qaoa.py,9,35,=,operator
Without_import/qaoa/cirq_qaoa.py,10,37,sympy,operand
Without_import/qaoa/cirq_qaoa.py,11,42,.,ignored
Without_import/qaoa/cirq_qaoa.py,12,43,Symbol,operator
Without_import/qaoa/cirq_qaoa.py,13,49,(,operator
Without_import/qaoa/cirq_qaoa.py,14,50,'beta',operand
Without_import/qaoa/cirq_qaoa.py,15,56,),operator
Without_import/qaoa/cirq_qaoa.py,16,58,q,operand
Without_import/qaoa/cirq_qaoa.py,17,60,=,operator
Without_import/qaoa/cirq_qaoa.py,18,62,cirq,operand
Without_import/qaoa/cirq_qaoa.py,19,66,.,ignored
Without_import/qaoa/cirq_qaoa.py,20,67,LineQubit,operand
Without_import/qaoa/cirq_qaoa.py,21,76,.,ignored
Without_import/qaoa/cirq_qaoa.py,22,77,range,operator
Without_import/qaoa/cirq_qaoa.py,23,82,(,operator
Without_import/qaoa/cirq_qaoa.py,24,83,3,operand
Without_import/qaoa/cirq_qaoa.py,25,84,),operator
Without_import/qaoa/cirq_qaoa.py,26,86,circuit,operand
Without_import/qaoa/cirq_qaoa.py,27,94,=,operator
Without_import/qaoa/cirq_qaoa.py,28,96,cirq,operand
Without_import/qaoa/cirq_qaoa.py,29,100,.,ignored
Without_import/qaoa/cirq_qaoa.py,30,101,Circuit,operator
Without_import/qaoa/cirq_qaoa.py,31,108,(,operator
Without_import/qaoa/cirq_qaoa.py,32,109,),operator
Without_import/qaoa/cirq_qaoa.py,33,111,for,operator
Without_import/qaoa/cirq_qaoa.py,34,115,i,operand
Without_import/qaoa/cirq_qaoa.py,35,117,in,operator
Without_import/qaoa/cirq_qaoa.py,36,120,range,operator
Without_import/qaoa/cirq_qaoa.py,37,125,(,operator
Without_import/qaoa/cirq_qaoa.py,38,126,3,operand
Without_import/qaoa/cirq_qaoa.py,39,127,),operator
Without_import/qaoa/cirq_qaoa.py,40,134,circuit,operand
Without_import/qaoa/cirq_qaoa.py,41,141,.,ignored
Without_import/qaoa/cirq_qaoa.py,42,142,append,operator
Without_import/qaoa/cirq_qaoa.py,43,148,(,operator
Without_import/qaoa/cirq_qaoa.py,44,149,cirq,operand
Without_import/qaoa/cirq_qaoa.py,45,153,.,ignored
Without_import/qaoa/cirq_qaoa.py,46,154,H,operator
Without_import/qaoa/cirq_qaoa.py,47,155,(,operator
Without_import/qaoa/cirq_qaoa.py,48,156,q,operand
Without_import/qaoa/cirq_qaoa.py,49,157,[,operator
Without_import/qaoa/cirq_qaoa.py,50,158,i,operand
Without_import/qaoa/cirq_qaoa.py,51,159,],operator
Without_import/qaoa/cirq_qaoa.py,52,160,),operator
Without_import/qaoa/cirq_qaoa.py,53,161,),operator
Without_import/qaoa/cirq_qaoa.py,54,163,for,operator
Without_import/qaoa/cirq_qaoa.py,55,167,i,operand
Without_import/qaoa/cirq_qaoa.py,56,169,in,operator
Without_import/qaoa/cirq_qaoa.py,57,172,range,operator
Without_import/qaoa/cirq_qaoa.py,58,177,(,operator
Without_import/qaoa/cirq_qaoa.py,59,178,2,operand
Without_import/qaoa/cirq_qaoa.py,60,179,),operator
Without_import/qaoa/cirq_qaoa.py,61,186,circuit,operand
Without_import/qaoa/cirq_qaoa.py,62,193,.,ignored
Without_import/qaoa/cirq_qaoa.py,63,194,append,operator
Without_import/qaoa/cirq_qaoa.py,64,200,(,operator
Without_import/qaoa/cirq_qaoa.py,65,201,cirq,operand
Without_import/qaoa/cirq_qaoa.py,66,205,.,ignored
Without_import/qaoa/cirq_qaoa.py,67,206,ZZPowGate,operator
Without_import/qaoa/cirq_qaoa.py,68,215,(,operator
Without_import/qaoa/cirq_qaoa.py,69,216,exponent,operand
Without_import/qaoa/cirq_qaoa.py,70,224,=,operator
Without_import/qaoa/cirq_qaoa.py,71,225,2,operand
Without_import/qaoa/cirq_qaoa.py,72,226,*,operator
Without_import/qaoa/cirq_qaoa.py,73,227,gamma,operand
Without_import/qaoa/cirq_qaoa.py,74,232,/,operator
Without_import/qaoa/cirq_qaoa.py,75,233,np,operand
Without_import/qaoa/cirq_qaoa.py,76,235,.,ignored
Without_import/qaoa/cirq_qaoa.py,77,236,pi,operand
Without_import/qaoa/cirq_qaoa.py,78,238,),operator
Without_import/qaoa/cirq_qaoa.py,79,239,(,operator
Without_import/qaoa/cirq_qaoa.py,80,240,q,operand
Without_import/qaoa/cirq_qaoa.py,81,241,[,operator
Without_import/qaoa/cirq_qaoa.py,82,242,i,operand
Without_import/qaoa/cirq_qaoa.py,83,243,],operator
Without_import/qaoa/cirq_qaoa.py,84,244,",",operator
Without_import/qaoa/cirq_qaoa.py,85,246,q,operand
Without_import/qaoa/cirq_qaoa.py,86,247,[,operator
Without_import/qaoa/cirq_qaoa.py,87,248,i,operand
Without_import/qaoa/cirq_qaoa.py,88,249,+,operator
Without_import/qaoa/cirq_qaoa.py,89,250,1,operand
Without_import/qaoa/cirq_qaoa.py,90,251,],operator
Without_import/qaoa/cirq_qaoa.py,91,252,),operator
Without_import/qaoa/cirq_qaoa.py,92,253,),operator
Without_import/qaoa/cirq_qaoa.py,93,255,for,operator
Without_import/qaoa/cirq_qaoa.py,94,259,i,operand
Without_import/qaoa/cirq_qaoa.py,95,261,in,operator
Without_import/qaoa/cirq_qaoa.py,96,264,range,operator
Without_import/qaoa/cirq_qaoa.py,97,269,(,operator
Without_import/qaoa/cirq_qaoa.py,98,270,3,operand
Without_import/qaoa/cirq_qaoa.py,99,271,),operator
Without_import/qaoa/cirq_qaoa.py,100,278,circuit,operand
Without_import/qaoa/cirq_qaoa.py,101,285,.,ignored
Without_import/qaoa/cirq_qaoa.py,102,286,append,operator
Without_import/qaoa/cirq_qaoa.py,103,292,(,operator
Without_import/qaoa/cirq_qaoa.py,104,293,cirq,operand
Without_import/qaoa/cirq_qaoa.py,105,297,.,ignored
Without_import/qaoa/cirq_qaoa.py,106,298,rx,operator
Without_import/qaoa/cirq_qaoa.py,107,300,(,operator
Without_import/qaoa/cirq_qaoa.py,108,301,2,operand
Without_import/qaoa/cirq_qaoa.py,109,303,*,operator
Without_import/qaoa/cirq_qaoa.py,110,305,beta,operand
Without_import/qaoa/cirq_qaoa.py,111,309,),operator
Without_import/qaoa/cirq_qaoa.py,112,310,(,operator
Without_import/qaoa/cirq_qaoa.py,113,311,q,operand
Without_import/qaoa/cirq_qaoa.py,114,312,[,operator
Without_import/qaoa/cirq_qaoa.py,115,313,i,operand
Without_import/qaoa/cirq_qaoa.py,116,314,],operator
Without_import/qaoa/cirq_qaoa.py,117,315,),operator
Without_import/qaoa/cirq_qaoa.py,118,316,),operator
Without_import/qaoa/cirq_qaoa.py,119,318,for,operator
Without_import/qaoa/cirq_qaoa.py,120,322,i,operand
Without_import/qaoa/cirq_qaoa.py,121,324,in,operator
Without_import/qaoa/cirq_qaoa.py,122,327,range,operator
Without_import/qaoa/cirq_qaoa.py,123,332,(,operator
Without_import/qaoa/cirq_qaoa.py,124,333,3,operand
Without_import/qaoa/cirq_qaoa.py,125,334,),operator
Without_import/qaoa/cirq_qaoa.py,126,341,circuit,operand
Without_import/qaoa/cirq_qaoa.py,127,348,.,ignored
Without_import/qaoa/cirq_qaoa.py,128,349,append,operator
Without_import/qaoa/cirq_qaoa.py,129,355,(,operator
Without_import/qaoa/cirq_qaoa.py,130,356,cirq,operand
Without_import/qaoa/cirq_qaoa.py,131,360,.,ignored
Without_import/qaoa/cirq_qaoa.py,132,361,measure,operator
Without_import/qaoa/cirq_qaoa.py,133,368,(,operator
Without_import/qaoa/cirq_qaoa.py,134,369,q,operand
Without_import/qaoa/cirq_qaoa.py,135,370,[,operator
Without_import/qaoa/cirq_qaoa.py,136,371,i,operand
Without_import/qaoa/cirq_qaoa.py,137,372,],operator
Without_import/qaoa/cirq_qaoa.py,138,373,",",operator
Without_import/qaoa/cirq_qaoa.py,139,375,key,operand
Without_import/qaoa/cirq_qaoa.py,140,378,=,operator
Without_import/qaoa/cirq_qaoa.py,141,379,f,operand
Without_import/qaoa/cirq_qaoa.py,142,380,'m{i}',operand
Without_import/qaoa/cirq_qaoa.py,143,386,),operator
Without_import/qaoa/cirq_qaoa.py,144,387,),operator
Without_import/qaoa/pennylane_qaoa.py,0,0,dev,operand
Without_import/qaoa/pennylane_qaoa.py,1,4,=,operator
Without_import/qaoa/pennylane_qaoa.py,2,6,qml,operand
Without_import/qaoa/pennylane_qaoa.py,3,9,.,ignored
Without_import/qaoa/pennylane_qaoa.py,4,10,device,operator
Without_import/qaoa/pennylane_qaoa.py,5,16,(,operator
Without_import/qaoa/pennylane_qaoa.py,6,17,"""default.qubit""",operand
Without_import/qaoa/pennylane_qaoa.py,7,32,",",operator
Without_import/qaoa/pennylane_qaoa.py,8,34,wires,operand
Without_import/qaoa/pennylane_qaoa.py,9,39,=,operator
Without_import/qaoa/pennylane_qaoa.py,10,40,3,operand
Without_import/qaoa/pennylane_qaoa.py,11,41,),operator
Without_import/qaoa/pennylane_qaoa.py,12,43,@,operator
Without_import/qaoa/pennylane_qaoa.py,13,44,qml,operand
Without_import/qaoa/pennylane_qaoa.py,14,47,.,ignored
Without_import/qaoa/pennylane_qaoa.py,15,48,qnode,operator
Without_import/qaoa/pennylane_qaoa.py,16,53,(,operator
Without_import/qaoa/pennylane_qaoa.py,17,54,dev,operand
Without_import/qaoa/pennylane_qaoa.py,18,57,),operator
Without_import/qaoa/pennylane_qaoa.py,19,59,def,operand
Without_import/qaoa/pennylane_qaoa.py,20,63,qaoa_layer,operator
Without_import/qaoa/pennylane_qaoa.py,21,73,(,operator
Without_import/qaoa/pennylane_qaoa.py,22,74,gamma,operand
Without_import/qaoa/pennylane_qaoa.py,23,79,",",operator
Without_import/qaoa/pennylane_qaoa.py,24,81,beta,operand
Without_import/qaoa/pennylane_qaoa.py,25,85,),operator
Without_import/qaoa/pennylane_qaoa.py,26,92,for,operator
Without_import/qaoa/pennylane_qaoa.py,27,96,i,operand
Without_import/qaoa/pennylane_qaoa.py,28,98,in,operator
Without_import/qaoa/pennylane_qaoa.py,29,101,range,operator
Without_import/qaoa/pennylane_qaoa.py,30,106,(,operator
Without_import/qaoa/pennylane_qaoa.py,31,107,3,operand
Without_import/qaoa/pennylane_qaoa.py,32,108,),operator
Without_import/qaoa/pennylane_qaoa.py,33,119,qml,operand
Without_import/qaoa/pennylane_qaoa.py,34,122,.,ignored
Without_import/qaoa/pennylane_qaoa.py,35,123,Hadamard,operator
Without_import/qaoa/pennylane_qaoa.py,36,131,(,operator
Without_import/qaoa/pennylane_qaoa.py,37,132,wires,operand
Without_import/qaoa/pennylane_qaoa.py,38,137,=,operator
Without_import/qaoa/pennylane_qaoa.py,39,138,i,operand
Without_import/qaoa/pennylane_qaoa.py,40,139,),operator
Without_import/qaoa/pennylane_qaoa.py,41,145,for,operator
Without_import/qaoa/pennylane_qaoa.py,42,149,i,operand
Without_import/qaoa/pennylane_qaoa.py,43,151,in,operator
Without_import/qaoa/pennylane_qaoa.py,44,154,range,operator
Without_import/qaoa/pennylane_qaoa.py,45,159,(,operator
Without_import/qaoa/pennylane_qaoa.py,46,160,2,operand
Without_import/qaoa/pennylane_qaoa.py,47,161,),operator
Without_import/qaoa/pennylane_qaoa.py,48,172,qml,operand
Without_import/qaoa/pennylane_qaoa.py,49,175,.,ignored
Without_import/qaoa/pennylane_qaoa.py,50,176,IsingZZ,operator
Without_import/qaoa/pennylane_qaoa.py,51,183,(,operator
Without_import/qaoa/pennylane_qaoa.py,52,184,2,operand
Without_import/qaoa/pennylane_qaoa.py,53,186,*,operator
Without_import/qaoa/pennylane_qaoa.py,54,188,gamma,operand
Without_import/qaoa/pennylane_qaoa.py,55,193,",",operator
Without_import/qaoa/pennylane_qaoa.py,56,195,wires,operand
Without_import/qaoa/pennylane_qaoa.py,57,200,=,operator
Without_import/qaoa/pennylane_qaoa.py,58,201,[,operator
Without_import/qaoa/pennylane_qaoa.py,59,202,i,operand
Without_import/qaoa/pennylane_qaoa.py,60,203,",",operator
Without_import/qaoa/pennylane_qaoa.py,61,205,i,operand
Without_import/qaoa/pennylane_qaoa.py,62,206,+,operator
Without_import/qaoa/pennylane_qaoa.py,63,207,1,operand
Without_import/qaoa/pennylane_qaoa.py,64,208,],operator
Without_import/qaoa/pennylane_qaoa.py,65,209,),operator
Without_import/qaoa/pennylane_qaoa.py,66,215,for,operator
Without_import/qaoa/pennylane_qaoa.py,67,219,i,operand
Without_import/qaoa/pennylane_qaoa.py,68,221,in,operator
Without_import/qaoa/pennylane_qaoa.py,69,224,range,operator
Without_import/qaoa/pennylane_qaoa.py,70,229,(,operator
Without_import/qaoa/pennylane_qaoa.py,71,230,3,operand
Without_import/qaoa/pennylane_qaoa.py,72,231,),operator
Without_import/qaoa/pennylane_qaoa.py,73,242,qml,operand
Without_import/qaoa/pennylane_qaoa.py,74,245,.,ignored
Without_import/qaoa/pennylane_qaoa.py,75,246,RX,operator
Without_import/qaoa/pennylane_qaoa.py,76,248,(,operator
Without_import/qaoa/pennylane_qaoa.py,77,249,2,operand
Without_import/qaoa/pennylane_qaoa.py,78,251,*,operator
Without_import/qaoa/pennylane_qaoa.py,79,253,beta,operand
Without_import/qaoa/pennylane_qaoa.py,80,257,",",operator
Without_import/qaoa/pennylane_qaoa.py,81,259,wires,operand
Without_import/qaoa/pennylane_qaoa.py,82,264,=,operator
Without_import/qaoa/pennylane_qaoa.py,83,265,i,operand
Without_import/qaoa/pennylane_qaoa.py,84,266,),operator
Without_import/qaoa/pennylane_qaoa.py,85,272,return,operator
Without_import/qaoa/pennylane_qaoa.py,86,279,qml,operand
Without_import/qaoa/pennylane_qaoa.py,87,282,.,ignored
Without_import/qaoa/pennylane_qaoa.py,88,283,probs,operator
Without_import/qaoa/pennylane_qaoa.py,89,288,(,operator
Without_import/qaoa/pennylane_qaoa.py,90,289,wires,operand
Without_import/qaoa/pennylane_qaoa.py,91,294,=,operator
Without_import/qaoa/pennylane_qaoa.py,92,295,[,operator
Without_import/qaoa/pennylane_qaoa.py,93,296,0,operand
Without_import/qaoa/pennylane_qaoa.py,94,297,",",operator
Without_import/qaoa/pennylane_qaoa.py,95,299,1,operand
Without_import/qaoa/pennylane_qaoa.py,96,300,",",operator
Without_import/qaoa/pennylane_qaoa.py,97,302,2,operand
Without_import/qaoa/pennylane_qaoa.py,98,303,],operator
Without_import/qaoa/pennylane_qaoa.py,99,304,),operator
Without_import/qaoa/qiskit_qaoa.py,0,0,gamma,operand
Without_import/qaoa/qiskit_qaoa.py,1,6,=,operator
Without_import/qaoa/qiskit_qaoa.py,2,8,Parameter,operator
Without_import/qaoa/qiskit_qaoa.py,3,17,(,operator
Without_import/qaoa/qiskit_qaoa.py,4,18,'γ',operand
Without_import/qaoa/qiskit_qaoa.py,5,21,),operator
Without_import/qaoa/qiskit_qaoa.py,6,23,beta,operand
Without_import/qaoa/qiskit_qaoa.py,7,28,=,operator
Without_import/qaoa/qiskit_qaoa.py,8,30,Parameter,operator
Without_import/qaoa/qiskit_qaoa.py,9,39,(,operator
Without_import/qaoa/qiskit_qaoa.py,10,40,'β',operand
Without_import/qaoa/qiskit_qaoa.py,11,43,),operator
Without_import/qaoa/qiskit_qaoa.py,12,45,qr,operand
Without_import/qaoa/qiskit_qaoa.py,13,48,=,operator
Without_import/qaoa/qiskit_qaoa.py,14,50,QuantumRegister,operator
Without_import/qaoa/qiskit_qaoa.py,15,65,(,operator
Without_import/qaoa/qiskit_qaoa.py,16,66,3,operand
Without_import/qaoa/qiskit_qaoa.py,17,67,),operator
Without_import/qaoa/qiskit_qaoa.py,18,69,cr,operand
Without_import/qaoa/qiskit_qaoa.py,19,72,=,operator
Without_import/qaoa/qiskit_qaoa.py,20,74,ClassicalRegister,operator
Without_import/qaoa/qiskit_qaoa.py,21,91,(,operator
Without_import/qaoa/qiskit_qaoa.py,22,92,3,operand
Without_import/qaoa/qiskit_qaoa.py,23,93,),operator
Without_import/qaoa/qiskit_qaoa.py,24,95,qc,operand
Without_import/qaoa/qiskit_qaoa.py,25,98,=,operator
Without_import/qaoa/qiskit_qaoa.py,26,100,QuantumCircuit,operator
Without_import/qaoa/qiskit_qaoa.py,27,114,(,operator
Without_import/qaoa/qiskit_qaoa.py,28,115,qr,operand
Without_import/qaoa/qiskit_qaoa.py,29,117,",",operator
Without_import/qaoa/qiskit_qaoa.py,30,119,cr,operand
Without_import/qaoa/qiskit_qaoa.py,31,121,),operator
Without_import/qaoa/qiskit_qaoa.py,32,123,for,operator
Without_import/qaoa/qiskit_qaoa.py,33,127,i,operand
Without_import/qaoa/qiskit_qaoa.py,34,129,in,operator
Without_import/qaoa/qiskit_qaoa.py,35,132,range,operator
Without_import/qaoa/qiskit_qaoa.py,36,137,(,operator
Without_import/qaoa/qiskit_qaoa.py,37,138,3,operand
Without_import/qaoa/qiskit_qaoa.py,38,139,),operator
Without_import/qaoa/qiskit_qaoa.py,39,146,qc,operand
Without_import/qaoa/qiskit_qaoa.py,40,148,.,ignored
Without_import/qaoa/qiskit_qaoa.py,41,149,h,operator
Without_import/qaoa/qiskit_qaoa.py,42,150,(,operator
Without_import/qaoa/qiskit_qaoa.py,43,151,qr,operand
Without_import/qaoa/qiskit_qaoa.py,44,153,[,operator
Without_import/qaoa/qiskit_qaoa.py,45,154,i,operand
Without_import/qaoa/qiskit_qaoa.py,46,155,],operator
Without_import/qaoa/qiskit_qaoa.py,47,156,),operator
Without_import/qaoa/qiskit_qaoa.py,48,158,for,operator
Without_import/qaoa/qiskit_qaoa.py,49,162,i,operand
Without_import/qaoa/qiskit_qaoa.py,50,164,in,operator
Without_import/qaoa/qiskit_qaoa.py,51,167,range,operator
Without_import/qaoa/qiskit_qaoa.py,52,172,(,operator
Without_import/qaoa/qiskit_qaoa.py,53,173,2,operand
Without_import/qaoa/qiskit_qaoa.py,54,174,),operator
Without_import/qaoa/qiskit_qaoa.py,55,181,qc,operand
Without_import/qaoa/qiskit_qaoa.py,56,183,.,ignored
Without_import/qaoa/qiskit_qaoa.py,57,184,rzz,operator
Without_import/qaoa/qiskit_qaoa.py,58,187,(,operator
Without_import/qaoa/qiskit_qaoa.py,59,188,2,operand
Without_import/qaoa/qiskit_qaoa.py,60,190,*,operator
Without_import/qaoa/qiskit_qaoa.py,61,192,gamma,operand
Without_import/qaoa/qiskit_qaoa.py,62,197,",",operator
Without_import/qaoa/qiskit_qaoa.py,63,199,qr,operand
Without_import/qaoa/qiskit_qaoa.py,64,201,[,operator
Without_import/qaoa/qiskit_qaoa.py,65,202,i,operand
Without_import/qaoa/qiskit_qaoa.py,66,203,],operator
Without_import/qaoa/qiskit_qaoa.py,67,204,",",operator
Without_import/qaoa/qiskit_qaoa.py,68,206,qr,operand
Without_import/qaoa/qiskit_qaoa.py,69,208,[,operator
Without_import/qaoa/qiskit_qaoa.py,70,209,i,operand
Without_import/qaoa/qiskit_qaoa.py,71,210,+,operator
Without_import/qaoa/qiskit_qaoa.py,72,211,1,operand
Without_import/qaoa/qiskit_qaoa.py,73,212,],operator
Without_import/qaoa/qiskit_qaoa.py,74,213,),operator
Without_import/qaoa/qiskit_qaoa.py,75,215,for,operator
Without_import/qaoa/qiskit_qaoa.py,76,219,i,operand
Without_import/qaoa/qiskit_qaoa.py,77,221,in,operator
Without_import/qaoa/qiskit_qaoa.py,78,224,range,operator
Without_import/qaoa/qiskit_qaoa.py,79,229,(,operator
Without_import/qaoa/qiskit_qaoa.py,80,230,3,operand
Without_import/qaoa/qiskit_qaoa.py,81,231,),operator
Without_import/qaoa/qiskit_qaoa.py,82,238,qc,operand
Without_import/qaoa/qiskit_qaoa.py,83,240,.,ignored
Without_import/qaoa/qiskit_qaoa.py,84,241,rx,operator
Without_import/qaoa/qiskit_qaoa.py,85,243,(,operator
Without_import/qaoa/qiskit_qaoa.py,86,244,2,operand
Without_import/qaoa/qiskit_qaoa.py,87,246,*,operator
Without_import/qaoa/qiskit_qaoa.py,88,248,beta,operand
Without_import/qaoa/qiskit_qaoa.py,89,252,",",operator
Without_import/qaoa/qiskit_qaoa.py,90,254,qr,operand
Without_import/qaoa/qiskit_qaoa.py,91,256,[,operator
Without_import/qaoa/qiskit_qaoa.py,92,257,i,operand
Without_import/qaoa/qiskit_qaoa.py,93,258,],operator
Without_import/qaoa/qiskit_qaoa.py,94,259,),operator
Without_import/qaoa/qiskit_qaoa.py,95,261,for,operator
Without_import/qaoa/qiskit_qaoa.py,96,265,i,operand
Without_import/qaoa/qiskit_qaoa.py,97,267,in,operator
Without_import/qaoa/qiskit_qaoa.py,98,270,range,operator
Without_import/qaoa/qiskit_qaoa.py,99,275,(,operator
Without_import/qaoa/qiskit_qaoa.py,100,276,3,operand
Without_import/qaoa/qiskit_qaoa.py,101,277,),operator
Without_import/qaoa/qiskit_qaoa.py,102,284,qc,operand
Without_import/qaoa/qiskit_qaoa.py,103,286,.,ignored
Without_import/qaoa/qiskit_qaoa.py,104,287,measure,operator
Without_import/qaoa/qiskit_qaoa.py,105,294,(,operator
Without_import/qaoa/qiskit_qaoa.py,106,295,qr,operand
Without_import/qaoa/qiskit_qaoa.py,107,297,[,operator
Without_import/qaoa/qiskit_qaoa.py,108,298,i,operand
Without_import/qaoa/qiskit_qaoa.py,109,299,],operator
Without_import/qaoa/qiskit_qaoa.py,110,300,",",operator
Without_import/qaoa/qiskit_qaoa.py,111,302,cr,operand
Without_import/qaoa/qiskit_qaoa.py,112,304,[,operator
Without_import/qaoa/qiskit_qaoa.py,113,305,i,operand
Without_import/qaoa/qiskit_qaoa.py,114,306,],operator
Without_import/qaoa/qiskit_qaoa.py,115,307,),operator
Without_import/qaoa/qsharp_qaoa.qs,0,0,operation,operand
Without_import/qaoa/qsharp_qaoa.qs,1,10,QAOALayer,operator
Without_import/qaoa/qsharp_qaoa.qs,2,19,(,operator
Without_import/qaoa/qsharp_qaoa.qs,3,20,gamma,operand
Without_import/qaoa/qsharp_qaoa.qs,4,28,Double,operand
Without_import/qaoa/qsharp_qaoa.qs,5,34,",",operator
Without_import/qaoa/qsharp_qaoa.qs,6,36,beta,operand
Without_import/qaoa/qsharp_qaoa.qs,7,43,Double,operand
Without_import/qaoa/qsharp_qaoa.qs,8,49,),operator
Without_import/qaoa/qsharp_qaoa.qs,9,53,Result,operand
Without_import/qaoa/qsharp_qaoa.qs,10,59,[,operator
Without_import/qaoa/qsharp_qaoa.qs,11,60,],operator
Without_import/qaoa/qsharp_qaoa.qs,12,62,{,ignored
Without_import/qaoa/qsharp_qaoa.qs,13,68,use,operator
Without_import/qaoa/qsharp_qaoa.qs,14,72,q,operand
Without_import/qaoa/qsharp_qaoa.qs,15,74,=,operator
Without_import/qaoa/qsharp_qaoa.qs,16,76,Qubit,operand
Without_import/qaoa/qsharp_qaoa.qs,17,81,[,operator
Without_import/qaoa/qsharp_qaoa.qs,18,82,3,operand
Without_import/qaoa/qsharp_qaoa.qs,19,83,],operator
Without_import/qaoa/qsharp_qaoa.qs,20,84,;,operator
Without_import/qaoa/qsharp_qaoa.qs,21,90,for,operator
Without_import/qaoa/qsharp_qaoa.qs,22,94,i,operand
Without_import/qaoa/qsharp_qaoa.qs,23,96,in,operator
Without_import/qaoa/qsharp_qaoa.qs,24,99,0,operand
Without_import/qaoa/qsharp_qaoa.qs,25,100,.,ignored
Without_import/qaoa/qsharp_qaoa.qs,26,101,.,ignored
Without_import/qaoa/qsharp_qaoa.qs,27,102,2,operand
Without_import/qaoa/qsharp_qaoa.qs,28,104,{,ignored
Without_import/qaoa/qsharp_qaoa.qs,29,114,H,operator
Without_import/qaoa/qsharp_qaoa.qs,30,115,(,operator
Without_import/qaoa/qsharp_qaoa.qs,31,116,q,operand
Without_import/qaoa/qsharp_qaoa.qs,32,117,[,operator
Without_import/qaoa/qsharp_qaoa.qs,33,118,i,operand
Without_import/qaoa/qsharp_qaoa.qs,34,119,],operator
Without_import/qaoa/qsharp_qaoa.qs,35,120,),operator
Without_import/qaoa/qsharp_qaoa.qs,36,121,;,operator
Without_import/qaoa/qsharp_qaoa.qs,37,127,},ignored
Without_import/qaoa/qsharp_qaoa.qs,38,133,for,operator
Without_import/qaoa/qsharp_qaoa.qs,39,137,i,operand
Without_import/qaoa/qsharp_qaoa.qs,40,139,in,operator
Without_import/qaoa/qsharp_qaoa.qs,41,142,0,operand
Without_import/qaoa/qsharp_qaoa.qs,42,143,.,ignored
Without_import/qaoa/qsharp_qaoa.qs,43,144,.,ignored
Without_import/qaoa/qsharp_qaoa.qs,44,145,1,operand
Without_import/qaoa/qsharp_qaoa.qs,45,147,{,ignored
Without_import/qaoa/qsharp_qaoa.qs,46,157,Rzz,operator
Without_import/qaoa/qsharp_qaoa.qs,47,160,(,operator
Without_import/qaoa/qsharp_qaoa.qs,48,161,2.0,operand
Without_import/qaoa/qsharp_qaoa.qs,49,165,*,operator
Without_import/qaoa/qsharp_qaoa.qs,50,167,gamma,operand
Without_import/qaoa/qsharp_qaoa.qs,51,172,",",operator
Without_import/qaoa/qsharp_qaoa.qs,52,174,q,operand
Without_import/qaoa/qsharp_qaoa.qs,53,175,[,operator
Without_import/qaoa/qsharp_qaoa.qs,54,176,i,operand
Without_import/qaoa/qsharp_qaoa.qs,55,177,],operator
Without_import/qaoa/qsharp_qaoa.qs,56,178,",",operator
Without_import/qaoa/qsharp_qaoa.qs,57,180,q,operand
Without_import/qaoa/qsharp_qaoa.qs,58,181,[,operator
Without_import/qaoa/qsharp_qaoa.qs,59,182,i,operand
Without_import/qaoa/qsharp_qaoa.qs,60,184,+,operator
Without_import/qaoa/qsharp_qaoa.qs,61,186,1,operand
Without_import/qaoa/qsharp_qaoa.qs,62,187,],operator
Without_import/qaoa/qsharp_qaoa.qs,63,188,),operator
Without_import/qaoa/qsharp_qaoa.qs,64,189,;,operator
Without_import/qaoa/qsharp_qaoa.qs,65,195,},ignored
Without_import/qaoa/qsharp_qaoa.qs,66,201,for,operator
Without_import/qaoa/qsharp_qaoa.qs,67,205,i,operand
Without_import/qaoa/qsharp_qaoa.qs,68,207,in,operator
Without_import/qaoa/qsharp_qaoa.qs,69,210,0,operand
Without_import/qaoa/qsharp_qaoa.qs,70,211,.,ignored
Without_import/qaoa/qsharp_qaoa.qs,71,212,.,ignored
Without_import/qaoa/qsharp_qaoa.qs,72,213,2,operand
Without_import/qaoa/qsharp_qaoa.qs,73,215,{,ignored
Without_import/qaoa/qsharp_qaoa.qs,74,225,Rx,operator
Without_import/qaoa/qsharp_qaoa.qs,75,227,(,operator
Without_import/qaoa/qsharp_qaoa.qs,76,228,2.0,operand
Without_import/qaoa/qsharp_qaoa.qs,77,232,*,operator
Without_import/qaoa/qsharp_qaoa.qs,78,234,beta,operand
Without_import/qaoa/qsharp_qaoa.qs,79,238,",",operator
Without_import/qaoa/qsharp_qaoa.qs,80,240,q,operand
Without_import/qaoa/qsharp_qaoa.qs,81,241,[,operator
Without_import/qaoa/qsharp_qaoa.qs,82,242,i,operand
Without_import/qaoa/qsharp_qaoa.qs,83,243,],operator
Without_import/qaoa/qsharp_qaoa.qs,84,244,),operator
Without_import/qaoa/qsharp_qaoa.qs,85,245,;,operator
Without_import/qaoa/qsharp_qaoa.qs,86,251,},ignored
Without_import/qaoa/qsharp_qaoa.qs,87,257,mutable,operand
Without_import/qaoa/qsharp_qaoa.qs,88,265,r,operand
Without_import/qaoa/qsharp_qaoa.qs,89,267,=,operator
Without_import/qaoa/qsharp_qaoa.qs,90,269,[,operator
Without_import/qaoa/qsharp_qaoa.qs,91,270,],operator
Without_import/qaoa/qsharp_qaoa.qs,92,271,;,operator
Without_import/qaoa/qsharp_qaoa.qs,93,277,for,operator
Without_import/qaoa/qsharp_qaoa.qs,94,281,i,operand
Without_import/qaoa/qsharp_qaoa.qs,95,283,in,operator
Without_import/qaoa/qsharp_qaoa.qs,96,286,0,operand
Without_import/qaoa/qsharp_qaoa.qs,97,287,.,ignored
Without_import/qaoa/qsharp_qaoa.qs,98,288,.,ignored
Without_import/qaoa/qsharp_qaoa.qs,99,289,2,operand
Without_import/qaoa/qsharp_qaoa.qs,100,291,{,ignored
Without_import/qaoa/qsharp_qaoa.qs,101,301,set,operand
Without_import/qaoa/qsharp_qaoa.qs,102,305,r,operand
Without_import/qaoa/qsharp_qaoa.qs,103,307,+,operator
Without_import/qaoa/qsharp_qaoa.qs,104,308,=,operator
Without_import/qaoa/qsharp_qaoa.qs,105,310,[,operator
Without_import/qaoa/qsharp_qaoa.qs,106,311,M,operator
Without_import/qaoa/qsharp_qaoa.qs,107,312,(,operator
Without_import/qaoa/qsharp_qaoa.qs,108,313,q,operand
Without_import/qaoa/qsharp_qaoa.qs,109,314,[,operator
Without_import/qaoa/qsharp_qaoa.qs,110,315,i,operand
Without_import/qaoa/qsharp_qaoa.qs,111,316,],operator
Without_import/qaoa/qsharp_qaoa.qs,112,317,),operator
Without_import/qaoa/qsharp_qaoa.qs,113,318,],operator
Without_import/qaoa/qsharp_qaoa.qs,114,319,;,operator
Without_import/qaoa/qsharp_qaoa.qs,115,325,},ignored
Without_import/qaoa/qsharp_qaoa.qs,116,331,ResetAll,operator
Without_import/qaoa/qsharp_qaoa.qs,117,339,(,operator
Without_import/qaoa/qsharp_qaoa.qs,118,340,q,operand
Without_import/qaoa/qsharp_qaoa.qs,119,341,),operator
Without_import/qaoa/qsharp_qaoa.qs,120,342,;,operator
Without_import/qaoa/qsharp_qaoa.qs,121,348,return,operator
Without_import/qaoa/qsharp_qaoa.qs,122,355,r,operand
Without_import/qaoa/qsharp_qaoa.qs,123,356,;,operator
Without_import/qaoa/qsharp_qaoa.qs,124,358,},ignored
Without_import/QFT/cirq_qft.py,0,0,q,operand
Without_import/QFT/cirq_qft.py,1,2,=,operator
Without_import/QFT/cirq_qft.py,2,4,cirq,operand
Without_import/QFT/cirq_qft.py,3,8,.,ignored
Without_import/QFT/cirq_qft.py,4,9,LineQubit,operand
Without_import/QFT/cirq_qft.py,5,18,.,ignored
Without_import/QFT/cirq_qft.py,6,19,range,operator
Without_import/QFT/cirq_qft.py,7,24,(,operator
Without_import/QFT/cirq_qft.py,8,25,3,operand
Without_import/QFT/cirq_qft.py,9,26,),operator
Without_import/QFT/cirq_qft.py,10,28,circuit,operand
Without_import/QFT/cirq_qft.py,11,36,=,operator
Without_import/QFT/cirq_qft.py,12,38,cirq,operand
Without_import/QFT/cirq_qft.py,13,42,.,ignored
Without_import/QFT/cirq_qft.py,14,43,Circuit,operator
Without_import/QFT/cirq_qft.py,15,50,(,operator
Without_import/QFT/cirq_qft.py,16,51,),operator
Without_import/QFT/cirq_qft.py,17,53,circuit,operand
Without_import/QFT/cirq_qft.py,18,60,.,ignored
Without_import/QFT/cirq_qft.py,19,61,append,operator
Without_import/QFT/cirq_qft.py,20,67,(,operator
Without_import/QFT/cirq_qft.py,21,68,cirq,operand
Without_import/QFT/cirq_qft.py,22,72,.,ignored
Without_import/QFT/cirq_qft.py,23,73,H,operator
Without_import/QFT/cirq_qft.py,24,74,(,operator
Without_import/QFT/cirq_qft.py,25,75,q,operand
Without_import/QFT/cirq_qft.py,26,76,[,operator
Without_import/QFT/cirq_qft.py,27,77,0,operand
Without_import/QFT/cirq_qft.py,28,78,],operator
Without_import/QFT/cirq_qft.py,29,79,),operator
Without_import/QFT/cirq_qft.py,30,80,),operator
Without_import/QFT/cirq_qft.py,31,82,circuit,operand
Without_import/QFT/cirq_qft.py,32,89,.,ignored
Without_import/QFT/cirq_qft.py,33,90,append,operator
Without_import/QFT/cirq_qft.py,34,96,(,operator
Without_import/QFT/cirq_qft.py,35,97,cirq,operand
Without_import/QFT/cirq_qft.py,36,101,.,ignored
Without_import/QFT/cirq_qft.py,37,102,cphase,operator
Without_import/QFT/cirq_qft.py,38,108,(,operator
Without_import/QFT/cirq_qft.py,39,109,np,operand
Without_import/QFT/cirq_qft.py,40,111,.,ignored
Without_import/QFT/cirq_qft.py,41,112,pi,operand
Without_import/QFT/cirq_qft.py,42,114,/,operator
Without_import/QFT/cirq_qft.py,43,115,2,operand
Without_import/QFT/cirq_qft.py,44,116,),operator
Without_import/QFT/cirq_qft.py,45,117,(,operator
Without_import/QFT/cirq_qft.py,46,118,q,operand
Without_import/QFT/cirq_qft.py,47,119,[,operator
Without_import/QFT/cirq_qft.py,48,120,1,operand
Without_import/QFT/cirq_qft.py,49,121,],operator
Without_import/QFT/cirq_qft.py,50,122,",",operator
Without_import/QFT/cirq_qft.py,51,124,q,operand
Without_import/QFT/cirq_qft.py,52,125,[,operator
Without_import/QFT/cirq_qft.py,53,126,0,operand
Without_import/QFT/cirq_qft.py,54,127,],operator
Without_import/QFT/cirq_qft.py,55,128,),operator
Without_import/QFT/cirq_qft.py,56,129,),operator
Without_import/QFT/cirq_qft.py,57,131,circuit,operand
Without_import/QFT/cirq_qft.py,58,138,.,ignored
Without_import/QFT/cirq_qft.py,59,139,append,operator
Without_import/QFT/cirq_qft.py,60,145,(,operator
Without_import/QFT/cirq_qft.py,61,146,cirq,operand
Without_import/QFT/cirq_qft.py,62,150,.,ignored
Without_import/QFT/cirq_qft.py,63,151,cphase,operator
Without_import/QFT/cirq_qft.py,64,157,(,operator
Without_import/QFT/cirq_qft.py,65,158,np,operand
Without_import/QFT/cirq_qft.py,66,160,.,ignored
Without_import/QFT/cirq_qft.py,67,161,pi,operand
Without_import/QFT/cirq_qft.py,68,163,/,operator
Without_import/QFT/cirq_qft.py,69,164,4,operand
Without_import/QFT/cirq_qft.py,70,165,),operator
Without_import/QFT/cirq_qft.py,71,166,(,operator
Without_import/QFT/cirq_qft.py,72,167,q,operand
Without_import/QFT/cirq_qft.py,73,168,[,operator
Without_import/QFT/cirq_qft.py,74,169,2,operand
Without_import/QFT/cirq_qft.py,75,170,],operator
Without_import/QFT/cirq_qft.py,76,171,",",operator
Without_import/QFT/cirq_qft.py,77,173,q,operand
Without_import/QFT/cirq_qft.py,78,174,[,operator
Without_import/QFT/cirq_qft.py,79,175,0,operand
Without_import/QFT/cirq_qft.py,80,176,],operator
Without_import/QFT/cirq_qft.py,81,177,),operator
Without_import/QFT/cirq_qft.py,82,178,),operator
Without_import/QFT/cirq_qft.py,83,180,circuit,operand
Without_import/QFT/cirq_qft.py,84,187,.,ignored
Without_import/QFT/cirq_qft.py,85,188,append,operator
Without_import/QFT/cirq_qft.py,86,194,(,operator
Without_import/QFT/cirq_qft.py,87,195,cirq,operand
Without_import/QFT/cirq_qft.py,88,199,.,ignored
Without_import/QFT/cirq_qft.py,89,200,H,operator
Without_import/QFT/cirq_qft.py,90,201,(,operator
Without_import/QFT/cirq_qft.py,91,202,q,operand
Without_import/QFT/cirq_qft.py,92,203,[,operator
Without_import/QFT/cirq_qft.py,93,204,1,operand
Without_import/QFT/cirq_qft.py,94,205,],operator
Without_import/QFT/cirq_qft.py,95,206,),operator
Without_import/QFT/cirq_qft.py,96,207,),operator
Without_import/QFT/cirq_qft.py,97,209,circuit,operand
Without_import/QFT/cirq_qft.py,98,216,.,ignored
Without_import/QFT/cirq_qft.py,99,217,append,operator
Without_import/QFT/cirq_qft.py,100,223,(,operator
Without_import/QFT/cirq_qft.py,101,224,cirq,operand
Without_import/QFT/cirq_qft.py,102,228,.,ignored
Without_import/QFT/cirq_qft.py,103,229,cphase,operator
Without_import/QFT/cirq_qft.py,104,235,(,operator
Without_import/QFT/cirq_qft.py,105,236,np,operand
Without_import/QFT/cirq_qft.py,106,238,.,ignored
Without_import/QFT/cirq_qft.py,107,239,pi,operand
Without_import/QFT/cirq_qft.py,108,241,/,operator
Without_import/QFT/cirq_qft.py,109,242,2,operand
Without_import/QFT/cirq_qft.py,110,243,),operator
Without_import/QFT/cirq_qft.py,111,244,(,operator
Without_import/QFT/cirq_qft.py,112,245,q,operand
Without_import/QFT/cirq_qft.py,113,246,[,operator
Without_import/QFT/cirq_qft.py,114,247,2,operand
Without_import/QFT/cirq_qft.py,115,248,],operator
Without_import/QFT/cirq_qft.py,116,249,",",operator
Without_import/QFT/cirq_qft.py,117,251,q,operand
Without_import/QFT/cirq_qft.py,118,252,[,operator
Without_import/QFT/cirq_qft.py,119,253,1,operand
Without_import/QFT/cirq_qft.py,120,254,],operator
Without_import/QFT/cirq_qft.py,121,255,),operator
Without_import/QFT/cirq_qft.py,122,256,),operator
Without_import/QFT/cirq_qft.py,123,258,circuit,operand
Without_import/QFT/cirq_qft.py,124,265,.,ignored
Without_import/QFT/cirq_qft.py,125,266,append,operator
Without_import/QFT/cirq_qft.py,126,272,(,operator
Without_import/QFT/cirq_qft.py,127,273,cirq,operand
Without_import/QFT/cirq_qft.py,128,277,.,ignored
Without_import/QFT/cirq_qft.py,129,278,H,operator
Without_import/QFT/cirq_qft.py,130,279,(,operator
Without_import/QFT/cirq_qft.py,131,280,q,operand
Without_import/QFT/cirq_qft.py,132,281,[,operator
Without_import/QFT/cirq_qft.py,133,282,2,operand
Without_import/QFT/cirq_qft.py,134,283,],operator
Without_import/QFT/cirq_qft.py,135,284,),operator
Without_import/QFT/cirq_qft.py,136,285,),operator
Without_import/QFT/cirq_qft.py,137,287,circuit,operand
Without_import/QFT/cirq_qft.py,138,294,.,ignored
Without_import/QFT/cirq_qft.py,139,295,append,operator
Without_import/QFT/cirq_qft.py,140,301,(,operator
Without_import/QFT/cirq_qft.py,141,302,cirq,operand
Without_import/QFT/cirq_qft.py,142,306,.,ignored
Without_import/QFT/cirq_qft.py,143,307,SWAP,operator
Without_import/QFT/cirq_qft.py,144,311,(,operator
Without_import/QFT/cirq_qft.py,145,312,q,operand
Without_import/QFT/cirq_qft.py,146,313,[,operator
Without_import/QFT/cirq_qft.py,147,314,0,operand
Without_import/QFT/cirq_qft.py,148,315,],operator
Without_import/QFT/cirq_qft.py,149,316,",",operator
Without_import/QFT/cirq_qft.py,150,318,q,operand
Without_import/QFT/cirq_qft.py,151,319,[,operator
Without_import/QFT/cirq_qft.py,152,320,2,operand
Without_import/QFT/cirq_qft.py,153,321,],operator
Without_import/QFT/cirq_qft.py,154,322,),operator
Without_import/QFT/cirq_qft.py,155,323,),operator
Without_import/QFT/cirq_qft.py,156,325,circuit,operand
Without_import/QFT/cirq_qft.py,157,332,.,ignored
Without_import/QFT/cirq_qft.py,158,333,append,operator
Without_import/QFT/cirq_qft.py,159,339,(,operator
Without_import/QFT/cirq_qft.py,160,340,cirq,operand
Without_import/QFT/cirq_qft.py,161,344,.,ignored
Without_import/QFT/cirq_qft.py,162,345,measure,operator
Without_import/QFT/cirq_qft.py,163,352,(,operator
Without_import/QFT/cirq_qft.py,164,353,q,operand
Without_import/QFT/cirq_qft.py,165,354,[,operator
Without_import/QFT/cirq_qft.py,166,355,0,operand
Without_import/QFT/cirq_qft.py,167,356,],operator
Without_import/QFT/cirq_qft.py,168,357,",",operator
Without_import/QFT/cirq_qft.py,169,359,key,operand
Without_import/QFT/cirq_qft.py,170,362,=,operator
Without_import/QFT/cirq_qft.py,171,363,'m0',operand
Without_import/QFT/cirq_qft.py,172,367,),operator
Without_import/QFT/cirq_qft.py,173,368,),operator
Without_import/QFT/cirq_qft.py,174,370,circuit,operand
Without_import/QFT/cirq_qft.py,175,377,.,ignored
Without_import/QFT/cirq_qft.py,176,378,append,operator
Without_import/QFT/cirq_qft.py,177,384,(,operator
Without_import/QFT/cirq_qft.py,178,385,cirq,operand
Without_import/QFT/cirq_qft.py,179,389,.,ignored
Without_import/QFT/cirq_qft.py,180,390,measure,operator
Without_import/QFT/cirq_qft.py,181,397,(,operator
Without_import/QFT/cirq_qft.py,182,398,q,operand
Without_import/QFT/cirq_qft.py,183,399,[,operator
Without_import/QFT/cirq_qft.py,184,400,1,operand
Without_import/QFT/cirq_qft.py,185,401,],operator
Without_import/QFT/cirq_qft.py,186,402,",",operator
Without_import/QFT/cirq_qft.py,187,404,key,operand
Without_import/QFT/cirq_qft.py,188,407,=,operator
Without_import/QFT/cirq_qft.py,189,408,'m1',operand
Without_import/QFT/cirq_qft.py,190,412,),operator
Without_import/QFT/cirq_qft.py,191,413,),operator
Without_import/QFT/cirq_qft.py,192,415,circuit,operand
Without_import/QFT/cirq_qft.py,193,422,.,ignored
Without_import/QFT/cirq_qft.py,194,423,append,operator
Without_import/QFT/cirq_qft.py,195,429,(,operator
Without_import/QFT/cirq_qft.py,196,430,cirq,operand
Without_import/QFT/cirq_qft.py,197,434,.,ignored
Without_import/QFT/cirq_qft.py,198,435,measure,operator
Without_import/QFT/cirq_qft.py,199,442,(,operator
Without_import/QFT/cirq_qft.py,200,443,q,operand
Without_import/QFT/cirq_qft.py,201,444,[,operator
Without_import/QFT/cirq_qft.py,202,445,2,operand
Without_import/QFT/cirq_qft.py,203,446,],operator
Without_import/QFT/cirq_qft.py,204,447,",",operator
Without_import/QFT/cirq_qft.py,205,449,key,operand
Without_import/QFT/cirq_qft.py,206,452,=,operator
Without_import/QFT/cirq_qft.py,207,453,'m2',operand
Without_import/QFT/cirq_qft.py,208,457,),operator
Without_import/QFT/cirq_qft.py,209,458,),operator
Without_import/QFT/pennylane_qft.py,0,0,dev,operand
Without_import/QFT/pennylane_qft.py,1,4,=,operator
Without_import/QFT/pennylane_qft.py,2,6,qml,operand
Without_import/QFT/pennylane_qft.py,3,9,.,ignored
Without_import/QFT/pennylane_qft.py,4,10,device,operator
Without_import/QFT/pennylane_qft.py,5,16,(,operator
Without_import/QFT/pennylane_qft.py,6,17,"""default.qubit""",operand
Without_import/QFT/pennylane_qft.py,7,32,",",operator
Without_import/QFT/pennylane_qft.py,8,34,wires,operand
Without_import/QFT/pennylane_qft.py,9,39,=,operator
Without_import/QFT/pennylane_qft.py,10,40,3,operand
Without_import/QFT/pennylane_qft.py,11,41,),operator
Without_import/QFT/pennylane_qft.py,12,43,@,operator
Without_import/QFT/pennylane_qft.py,13,44,qml,operand
Without_import/QFT/pennylane_qft.py,14,47,.,ignored
Without_import/QFT/pennylane_qft.py,15,48,qnode,operator
Without_import/QFT/pennylane_qft.py,16,53,(,operator
Without_import/QFT/pennylane_qft.py,17,54,dev,operand
Without_import/QFT/pennylane_qft.py,18,57,),operator
Without_import/QFT/pennylane_qft.py,19,59,def,operand
Without_import/QFT/pennylane_qft.py,20,63,qft,operator
Without_import/QFT/pennylane_qft.py,21,66,(,operator
Without_import/QFT/pennylane_qft.py,22,67,),operator
Without_import/QFT/pennylane_qft.py,23,74,qml,operand
Without_import/QFT/pennylane_qft.py,24,77,.,ignored
Without_import/QFT/pennylane_qft.py,25,78,Hadamard,operator
Without_import/QFT/pennylane_qft.py,26,86,(,operator
Without_import/QFT/pennylane_qft.py,27,87,wires,operand
Without_import/QFT/pennylane_qft.py,28,92,=,operator
Without_import/QFT/pennylane_qft.py,29,93,0,operand
Without_import/QFT/pennylane_qft.py,30,94,),operator
Without_import/QFT/pennylane_qft.py,31,100,qml,operand
Without_import/QFT/pennylane_qft.py,32,103,.,ignored
Without_import/QFT/pennylane_qft.py,33,104,ControlledPhaseShift,operator
Without_import/QFT/pennylane_qft.py,34,124,(,operator
Without_import/QFT/pennylane_qft.py,35,125,np,operand
Without_import/QFT/pennylane_qft.py,36,127,.,ignored
Without_import/QFT/pennylane_qft.py,37,128,pi,operand
Without_import/QFT/pennylane_qft.py,38,130,/,operator
Without_import/QFT/pennylane_qft.py,39,131,2,operand
Without_import/QFT/pennylane_qft.py,40,132,",",operator
Without_import/QFT/pennylane_qft.py,41,134,wires,operand
Without_import/QFT/pennylane_qft.py,42,139,=,operator
Without_import/QFT/pennylane_qft.py,43,140,[,operator
Without_import/QFT/pennylane_qft.py,44,141,1,operand
Without_import/QFT/pennylane_qft.py,45,142,",",operator
Without_import/QFT/pennylane_qft.py,46,144,0,operand
Without_import/QFT/pennylane_qft.py,47,145,],operator
Without_import/QFT/pennylane_qft.py,48,146,),operator
Without_import/QFT/pennylane_qft.py,49,152,qml,operand
Without_import/QFT/pennylane_qft.py,50,155,.,ignored
Without_import/QFT/pennylane_qft.py,51,156,ControlledPhaseShift,operator
Without_import/QFT/pennylane_qft.py,52,176,(,operator
Without_import/QFT/pennylane_qft.py,53,177,np,operand
Without_import/QFT/pennylane_qft.py,54,179,.,ignored
Without_import/QFT/pennylane_qft.py,55,180,pi,operand
Without_import/QFT/pennylane_qft.py,56,182,/,operator
Without_import/QFT/pennylane_qft.py,57,183,4,operand
Without_import/QFT/pennylane_qft.py,58,184,",",operator
Without_import/QFT/pennylane_qft.py,59,186,wires,operand
Without_import/QFT/pennylane_qft.py,60,191,=,operator
Without_import/QFT/pennylane_qft.py,61,192,[,operator
Without_import/QFT/pennylane_qft.py,62,193,2,operand
Without_import/QFT/pennylane_qft.py,63,194,",",operator
Without_import/QFT/pennylane_qft.py,64,196,0,operand
Without_import/QFT/pennylane_qft.py,65,197,],operator
Without_import/QFT/pennylane_qft.py,66,198,),operator
Without_import/QFT/pennylane_qft.py,67,204,qml,operand
Without_import/QFT/pennylane_qft.py,68,207,.,ignored
Without_import/QFT/pennylane_qft.py,69,208,Hadamard,operator
Without_import/QFT/pennylane_qft.py,70,216,(,operator
Without_import/QFT/pennylane_qft.py,71,217,wires,operand
Without_import/QFT/pennylane_qft.py,72,222,=,operator
Without_import/QFT/pennylane_qft.py,73,223,1,operand
Without_import/QFT/pennylane_qft.py,74,224,),operator
Without_import/QFT/pennylane_qft.py,75,230,qml,operand
Without_import/QFT/pennylane_qft.py,76,233,.,ignored
Without_import/QFT/pennylane_qft.py,77,234,ControlledPhaseShift,operator
Without_import/QFT/pennylane_qft.py,78,254,(,operator
Without_import/QFT/pennylane_qft.py,79,255,np,operand
Without_import/QFT/pennylane_qft.py,80,257,.,ignored
Without_import/QFT/pennylane_qft.py,81,258,pi,operand
Without_import/QFT/pennylane_qft.py,82,260,/,operator
Without_import/QFT/pennylane_qft.py,83,261,2,operand
Without_import/QFT/pennylane_qft.py,84,262,",",operator
Without_import/QFT/pennylane_qft.py,85,264,wires,operand
Without_import/QFT/pennylane_qft.py,86,269,=,operator
Without_import/QFT/pennylane_qft.py,87,270,[,operator
Without_import/QFT/pennylane_qft.py,88,271,2,operand
Without_import/QFT/pennylane_qft.py,89,272,",",operator
Without_import/QFT/pennylane_qft.py,90,274,1,operand
Without_import/QFT/pennylane_qft.py,91,275,],operator
Without_import/QFT/pennylane_qft.py,92,276,),operator
Without_import/QFT/pennylane_qft.py,93,282,qml,operand
Without_import/QFT/pennylane_qft.py,94,285,.,ignored
Without_import/QFT/pennylane_qft.py,95,286,Hadamard,operator
Without_import/QFT/pennylane_qft.py,96,294,(,operator
Without_import/QFT/pennylane_qft.py,97,295,wires,operand
Without_import/QFT/pennylane_qft.py,98,300,=,operator
Without_import/QFT/pennylane_qft.py,99,301,2,operand
Without_import/QFT/pennylane_qft.py,100,302,),operator
Without_import/QFT/pennylane_qft.py,101,308,qml,operand
Without_import/QFT/pennylane_qft.py,102,311,.,ignored
Without_import/QFT/pennylane_qft.py,103,312,SWAP,operator
Without_import/QFT/pennylane_qft.py,104,316,(,operator
Without_import/QFT/pennylane_qft.py,105,317,wires,operand
Without_import/QFT/pennylane_qft.py,106,322,=,operator
Without_import/QFT/pennylane_qft.py,107,323,[,operator
Without_import/QFT/pennylane_qft.py,108,324,0,operand
Without_import/QFT/pennylane_qft.py,109,325,",",operator
Without_import/QFT/pennylane_qft.py,110,327,2,operand
Without_import/QFT/pennylane_qft.py,111,328,],operator
Without_import/QFT/pennylane_qft.py,112,329,),operator
Without_import/QFT/pennylane_qft.py,113,335,return,operator
Without_import/QFT/pennylane_qft.py,114,342,qml,operand
Without_import/QFT/pennylane_qft.py,115,345,.,ignored
Without_import/QFT/pennylane_qft.py,116,346,probs,operator
Without_import/QFT/pennylane_qft.py,117,351,(,operator
Without_import/QFT/pennylane_qft.py,118,352,wires,operand
Without_import/QFT/pennylane_qft.py,119,357,=,operator
Without_import/QFT/pennylane_qft.py,120,358,[,operator
Without_import/QFT/pennylane_qft.py,121,359,0,operand
Without_import/QFT/pennylane_qft.py,122,360,",",operator
Without_import/QFT/pennylane_qft.py,123,362,1,operand
Without_import/QFT/pennylane_qft.py,124,363,",",operator
Without_import/QFT/pennylane_qft.py,125,365,2,operand
Without_import/QFT/pennylane_qft.py,126,366,],operator
Without_import/QFT/pennylane_qft.py,127,367,),operator
Without_import/QFT/qiskit_qft.py,0,0,qr,operand
Without_import/QFT/qiskit_qft.py,1,3,=,operator
Without_import/QFT/qiskit_qft.py,2,5,QuantumRegister,operator
Without_import/QFT/qiskit_qft.py,3,20,(,operator
Without_import/QFT/qiskit_qft.py,4,21,3,operand
Without_import/QFT/qiskit_qft.py,5,22,),operator
Without_import/QFT/qiskit_qft.py,6,24,cr,operand
Without_import/QFT/qiskit_qft.py,7,27,=,operator
Without_import/QFT/qiskit_qft.py,8,29,ClassicalRegister,operator
Without_import/QFT/qiskit_qft.py,9,46,(,operator
Without_import/QFT/qiskit_qft.py,10,47,3,operand
Without_import/QFT/qiskit_qft.py,11,48,),operator
Without_import/QFT/qiskit_qft.py,12,50,qc,operand
Without_import/QFT/qiskit_qft.py,13,53,=,operator
Without_import/QFT/qiskit_qft.py,14,55,QuantumCircuit,operator
Without_import/QFT/qiskit_qft.py,15,69,(,operator
Without_import/QFT/qiskit_qft.py,16,70,qr,operand
Without_import/QFT/qiskit_qft.py,17,72,",",operator
Without_import/QFT/qiskit_qft.py,18,74,cr,operand
Without_import/QFT/qiskit_qft.py,19,76,),operator
Without_import/QFT/qiskit_qft.py,20,78,qc,operand
Without_import/QFT/qiskit_qft.py,21,80,.,ignored
Without_import/QFT/qiskit_qft.py,22,81,h,operator
Without_import/QFT/qiskit_qft.py,23,82,(,operator
Without_import/QFT/qiskit_qft.py,24,83,qr,operand
Without_import/QFT/qiskit_qft.py,25,85,[,operator
Without_import/QFT/qiskit_qft.py,26,86,0,operand
Without_import/QFT/qiskit_qft.py,27,87,],operator
Without_import/QFT/qiskit_qft.py,28,88,),operator
Without_import/QFT/qiskit_qft.py,29,90,qc,operand
Without_import/QFT/qiskit_qft.py,30,92,.,ignored
Without_import/QFT/qiskit_qft.py,31,93,cp,operator
Without_import/QFT/qiskit_qft.py,32,95,(,operator
Without_import/QFT/qiskit_qft.py,33,96,np,operand
Without_import/QFT/qiskit_qft.py,34,98,.,ignored
Without_import/QFT/qiskit_qft.py,35,99,pi,operand
Without_import/QFT/qiskit_qft.py,36,101,/,operator
Without_import/QFT/qiskit_qft.py,37,102,2,operand
Without_import/QFT/qiskit_qft.py,38,103,",",operator
Without_import/QFT/qiskit_qft.py,39,105,qr,operand
Without_import/QFT/qiskit_qft.py,40,107,[,operator
Without_import/QFT/qiskit_qft.py,41,108,1,operand
Without_import/QFT/qiskit_qft.py,42,109,],operator
Without_import/QFT/qiskit_qft.py,43,110,",",operator
Without_import/QFT/qiskit_qft.py,44,112,qr,operand
Without_import/QFT/qiskit_qft.py,45,114,[,operator
Without_import/QFT/qiskit_qft.py,46,115,0,operand
Without_import/QFT/qiskit_qft.py,47,116,],operator
Without_import/QFT/qiskit_qft.py,48,117,),operator
Without_import/QFT/qiskit_qft.py,49,119,qc,operand
Without_import/QFT/qiskit_qft.py,50,121,.,ignored
Without_import/QFT/qiskit_qft.py,51,122,cp,operator
Without_import/QFT/qiskit_qft.py,52,124,(,operator
Without_import/QFT/qiskit_qft.py,53,125,np,operand
Without_import/QFT/qiskit_qft.py,54,127,.,ignored
Without_import/QFT/qiskit_qft.py,55,128,pi,operand
Without_import/QFT/qiskit_qft.py,56,130,/,operator
Without_import/QFT/qiskit_qft.py,57,131,4,operand
Without_import/QFT/qiskit_qft.py,58,132,",",operator
Without_import/QFT/qiskit_qft.py,59,134,qr,operand
Without_import/QFT/qiskit_qft.py,60,136,[,operator
Without_import/QFT/qiskit_qft.py,61,137,2,operand
Without_import/QFT/qiskit_qft.py,62,138,],operator
Without_import/QFT/qiskit_qft.py,63,139,",",operator
Without_import/QFT/qiskit_qft.py,64,141,qr,operand
Without_import/QFT/qiskit_qft.py,65,143,[,operator
Without_import/QFT/qiskit_qft.py,66,144,0,operand
Without_import/QFT/qiskit_qft.py,67,145,],operator
Without_import/QFT/qiskit_qft.py,68,146,),operator
Without_import/QFT/qiskit_qft.py,69,148,qc,operand
Without_import/QFT/qiskit_qft.py,70,150,.,ignored
Without_import/QFT/qiskit_qft.py,71,151,h,operator
Without_import/QFT/qiskit_qft.py,72,152,(,operator
Without_import/QFT/qiskit_qft.py,73,153,qr,operand
Without_import/QFT/qiskit_qft.py,74,155,[,operator
Without_import/QFT/qiskit_qft.py,75,156,1,operand
Without_import/QFT/qiskit_qft.py,76,157,],operator
Without_import/QFT/qiskit_qft.py,77,158,),operator
Without_import/QFT/qiskit_qft.py,78,160,qc,operand
Without_import/QFT/qiskit_qft.py,79,162,.,ignored
Without_import/QFT/qiskit_qft.py,80,163,cp,operator
Without_import/QFT/qiskit_qft.py,81,165,(,operator
Without_import/QFT/qiskit_qft.py,82,166,np,operand
Without_import/QFT/qiskit_qft.py,83,168,.,ignored
Without_import/QFT/qiskit_qft.py,84,169,pi,operand
Without_import/QFT/qiskit_qft.py,85,171,/,operator
Without_import/QFT/qiskit_qft.py,86,172,2,operand
Without_import/QFT/qiskit_qft.py,87,173,",",operator
Without_import/QFT/qiskit_qft.py,88,175,qr,operand
Without_import/QFT/qiskit_qft.py,89,177,[,operator
Without_import/QFT/qiskit_qft.py,90,178,2,operand
Without_import/QFT/qiskit_qft.py,91,179,],operator
Without_import/QFT/qiskit_qft.py,92,180,",",operator
Without_import/QFT/qiskit_qft.py,93,182,qr,operand
Without_import/QFT/qiskit_qft.py,94,184,[,operator
Without_import/QFT/qiskit_qft.py,95,185,1,operand
Without_import/QFT/qiskit_qft.py,96,186,],operator
Without_import/QFT/qiskit_qft.py,97,187,),operator
Without_import/QFT/qiskit_qft.py,98,189,qc,operand
Without_import/QFT/qiskit_qft.py,99,191,.,ignored
Without_import/QFT/qiskit_qft.py,100,192,h,operator
Without_import/QFT/qiskit_qft.py,101,193,(,operator
Without_import/QFT/qiskit_qft.py,102,194,qr,operand
Without_import/QFT/qiskit_qft.py,103,196,[,operator
Without_import/QFT/qiskit_qft.py,104,197,2,operand
Without_import/QFT/qiskit_qft.py,105,198,],operator
Without_import/QFT/qiskit_qft.py,106,199,),operator
Without_import/QFT/qiskit_qft.py,107,201,qc,operand
Without_import/QFT/qiskit_qft.py,108,203,.,ignored
Without_import/QFT/qiskit_qft.py,109,204,swap,operator
Without_import/QFT/qiskit_qft.py,110,208,(,operator
Without_import/QFT/qiskit_qft.py,111,209,qr,operand
Without_import/QFT/qiskit_qft.py,112,211,[,operator
Without_import/QFT/qiskit_qft.py,113,212,0,operand
Without_import/QFT/qiskit_qft.py,114,213,],operator
Without_import/QFT/qiskit_qft.py,115,214,",",operator
Without_import/QFT/qiskit_qft.py,116,216,qr,operand
Without_import/QFT/qiskit_qft.py,117,218,[,operator
Without_import/QFT/qiskit_qft.py,118,219,2,operand
Without_import/QFT/qiskit_qft.py,119,220,],operator
Without_import/QFT/qiskit_qft.py,120,221,),operator
Without_import/QFT/qiskit_qft.py,121,223,qc,operand
Without_import/QFT/qiskit_qft.py,122,225,.,ignored
Without_import/QFT/qiskit_qft.py,123,226,measure,operator
Without_import/QFT/qiskit_qft.py,124,233,(,operator
Without_import/QFT/qiskit_qft.py,125,234,qr,operand
Without_import/QFT/qiskit_qft.py,126,236,[,operator
Without_import/QFT/qiskit_qft.py,127,237,0,operand
Without_import/QFT/qiskit_qft.py,128,238,],operator
Without_import/QFT/qiskit_qft.py,129,239,",",operator
Without_import/QFT/qiskit_qft.py,130,241,cr,operand
Without_import/QFT/qiskit_qft.py,131,243,[,operator
Without_import/QFT/qiskit_qft.py,132,244,0,operand
Without_import/QFT/qiskit_qft.py,133,245,],operator
Without_import/QFT/qiskit_qft.py,134,246,),operator
Without_import/QFT/qiskit_qft.py,135,248,qc,operand
Without_import/QFT/qiskit_qft.py,136,250,.,ignored
Without_import/QFT/qiskit_qft.py,137,251,measure,operator
Without_import/QFT/qiskit_qft.py,138,258,(,operator
Without_import/QFT/qiskit_qft.py,139,259,qr,operand
Without_import/QFT/qiskit_qft.py,140,261,[,operator
Without_import/QFT/qiskit_qft.py,141,262,1,operand
Without_import/QFT/qiskit_qft.py,142,263,],operator
Without_import/QFT/qiskit_qft.py,143,264,",",operator
Without_import/QFT/qiskit_qft.py,144,266,cr,operand
Without_import/QFT/qiskit_qft.py,145,268,[,operator
Without_import/QFT/qiskit_qft.py,146,269,1,operand
Without_import/QFT/qiskit_qft.py,147,270,],operator
Without_import/QFT/qiskit_qft.py,148,271,),operator
Without_import/QFT/qiskit_qft.py,149,273,qc,operand
Without_import/QFT/qiskit_qft.py,150,275,.,ignored
Without_import/QFT/qiskit_qft.py,151,276,measure,operator
Without_import/QFT/qiskit_qft.py,152,283,(,operator
Without_import/QFT/qiskit_qft.py,153,284,qr,operand
Without_import/QFT/qiskit_qft.py,154,286,[,operator
Without_import/QFT/qiskit_qft.py,155,287,2,operand
Without_import/QFT/qiskit_qft.py,156,288,],operator
Without_import/QFT/qiskit_qft.py,157,289,",",operator
Without_import/QFT/qiskit_qft.py,158,291,cr,operand
Without_import/QFT/qiskit_qft.py,159,293,[,operator
Without_import/QFT/qiskit_qft.py,160,294,2,operand
Without_import/QFT/qiskit_qft.py,161,295,],operator
Without_import/QFT/qiskit_qft.py,162,296,),operator
Without_import/QFT/qsharp_qft.qs,0,0,operation,operand
Without_import/QFT/qsharp_qft.qs,1,10,QFT3,operator
Without_import/QFT/qsharp_qft.qs,2,14,(,operator
Without_import/QFT/qsharp_qft.qs,3,15,),operator
Without_import/QFT/qsharp_qft.qs,4,19,(,operator
Without_import/QFT/qsharp_qft.qs,5,20,Result,operand
Without_import/QFT/qsharp_qft.qs,6,26,",",operator
Without_import/QFT/qsharp_qft.qs,7,28,Result,operand
Without_import/QFT/qsharp_qft.qs,8,34,",",operator
Without_import/QFT/qsharp_qft.qs,9,36,Result,operand
Without_import/QFT/qsharp_qft.qs,10,42,),operator
Without_import/QFT/qsharp_qft.qs,11,44,{,ignored
Without_import/QFT/qsharp_qft.qs,12,50,use,operator
Without_import/QFT/qsharp_qft.qs,13,54,q,operand
Without_import/QFT/qsharp_qft.qs,14,56,=,operator
Without_import/QFT/qsharp_qft.qs,15,58,Qubit,operand
Without_import/QFT/qsharp_qft.qs,16,63,[,operator
Without_import/QFT/qsharp_qft.qs,17,64,3,operand
Without_import/QFT/qsharp_qft.qs,18,65,],operator
Without_import/QFT/qsharp_qft.qs,19,66,;,operator
Without_import/QFT/qsharp_qft.qs,20,72,H,operator
Without_import/QFT/qsharp_qft.qs,21,73,(,operator
Without_import/QFT/qsharp_qft.qs,22,74,q,operand
Without_import/QFT/qsharp_qft.qs,23,75,[,operator
Without_import/QFT/qsharp_qft.qs,24,76,0,operand
Without_import/QFT/qsharp_qft.qs,25,77,],operator
Without_import/QFT/qsharp_qft.qs,26,78,),operator
Without_import/QFT/qsharp_qft.qs,27,79,;,operator
Without_import/QFT/qsharp_qft.qs,28,85,Controlled,operator
Without_import/QFT/qsharp_qft.qs,29,96,R1,operator
Without_import/QFT/qsharp_qft.qs,30,98,(,operator
Without_import/QFT/qsharp_qft.qs,31,99,[,operator
Without_import/QFT/qsharp_qft.qs,32,100,q,operand
Without_import/QFT/qsharp_qft.qs,33,101,[,operator
Without_import/QFT/qsharp_qft.qs,34,102,1,operand
Without_import/QFT/qsharp_qft.qs,35,103,],operator
Without_import/QFT/qsharp_qft.qs,36,104,],operator
Without_import/QFT/qsharp_qft.qs,37,105,",",operator
Without_import/QFT/qsharp_qft.qs,38,107,(,operator
Without_import/QFT/qsharp_qft.qs,39,108,PI,operator
Without_import/QFT/qsharp_qft.qs,40,110,(,operator
Without_import/QFT/qsharp_qft.qs,41,111,),operator
Without_import/QFT/qsharp_qft.qs,42,113,/,operator
Without_import/QFT/qsharp_qft.qs,43,115,2.0,operand
Without_import/QFT/qsharp_qft.qs,44,118,",",operator
Without_import/QFT/qsharp_qft.qs,45,120,q,operand
Without_import/QFT/qsharp_qft.qs,46,121,[,operator
Without_import/QFT/qsharp_qft.qs,47,122,0,operand
Without_import/QFT/qsharp_qft.qs,48,123,],operator
Without_import/QFT/qsharp_qft.qs,49,124,),operator
Without_import/QFT/qsharp_qft.qs,50,125,),operator
Without_import/QFT/qsharp_qft.qs,51,126,;,operator
Without_import/QFT/qsharp_qft.qs,52,132,Controlled,operator
Without_import/QFT/qsharp_qft.qs,53,143,R1,operator
Without_import/QFT/qsharp_qft.qs,54,145,(,operator
Without_import/QFT/qsharp_qft.qs,55,146,[,operator
Without_import/QFT/qsharp_qft.qs,56,147,q,operand
Without_import/QFT/qsharp_qft.qs,57,148,[,operator
Without_import/QFT/qsharp_qft.qs,58,149,2,operand
Without_import/QFT/qsharp_qft.qs,59,150,],operator
Without_import/QFT/qsharp_qft.qs,60,151,],operator
Without_import/QFT/qsharp_qft.qs,61,152,",",operator
Without_import/QFT/qsharp_qft.qs,62,154,(,operator
Without_import/QFT/qsharp_qft.qs,63,155,PI,operator
Without_import/QFT/qsharp_qft.qs,64,157,(,operator
Without_import/QFT/qsharp_qft.qs,65,158,),operator
Without_import/QFT/qsharp_qft.qs,66,160,/,operator
Without_import/QFT/qsharp_qft.qs,67,162,4.0,operand
Without_import/QFT/qsharp_qft.qs,68,165,",",operator
Without_import/QFT/qsharp_qft.qs,69,167,q,operand
Without_import/QFT/qsharp_qft.qs,70,168,[,operator
Without_import/QFT/qsharp_qft.qs,71,169,0,operand
Without_import/QFT/qsharp_qft.qs,72,170,],operator
Without_import/QFT/qsharp_qft.qs,73,171,),operator
Without_import/QFT/qsharp_qft.qs,74,172,),operator
Without_import/QFT/qsharp_qft.qs,75,173,;,operator
Without_import/QFT/qsharp_qft.qs,76,179,H,operator
Without_import/QFT/qsharp_qft.qs,77,180,(,operator
Without_import/QFT/qsharp_qft.qs,78,181,q,operand
Without_import/QFT/qsharp_qft.qs,79,182,[,operator
Without_import/QFT/qsharp_qft.qs,80,183,1,operand
Without_import/QFT/qsharp_qft.qs,81,184,],operator
Without_import/QFT/qsharp_qft.qs,82,185,),operator
Without_import/QFT/qsharp_qft.qs,83,186,;,operator
Without_import/QFT/qsharp_qft.qs,84,192,Controlled,operator
Without_import/QFT/qsharp_qft.qs,85,203,R1,operator
Without_import/QFT/qsharp_qft.qs,86,205,(,operator
Without_import/QFT/qsharp_qft.qs,87,206,[,operator
Without_import/QFT/qsharp_qft.qs,88,207,q,operand
Without_import/QFT/qsharp_qft.qs,89,208,[,operator
Without_import/QFT/qsharp_qft.qs,90,209,2,operand
Without_import/QFT/qsharp_qft.qs,91,210,],operator
Without_import/QFT/qsharp_qft.qs,92,211,],operator
Without_import/QFT/qsharp_qft.qs,93,212,",",operator
Without_import/QFT/qsharp_qft.qs,94,214,(,operator
Without_import/QFT/qsharp_qft.qs,95,215,PI,operator
Without_import/QFT/qsharp_qft.qs,96,217,(,operator
Without_import/QFT/qsharp_qft.qs,97,218,),operator
Without_import/QFT/qsharp_qft.qs,98,220,/,operator
Without_import/QFT/qsharp_qft.qs,99,222,2.0,operand
Without_import/QFT/qsharp_qft.qs,100,225,",",operator
Without_import/QFT/qsharp_qft.qs,101,227,q,operand
Without_import/QFT/qsharp_qft.qs,102,228,[,operator
Without_import/QFT/qsharp_qft.qs,103,229,1,operand
Without_import/QFT/qsharp_qft.qs,104,230,],operator
Without_import/QFT/qsharp_qft.qs,105,231,),operator
Without_import/QFT/qsharp_qft.qs,106,232,),operator
Without_import/QFT/qsharp_qft.qs,107,233,;,operator
Without_import/QFT/qsharp_qft.qs,108,239,H,operator
Without_import/QFT/qsharp_qft.qs,109,240,(,operator
Without_import/QFT/qsharp_qft.qs,110,241,q,operand
Without_import/QFT/qsharp_qft.qs,111,242,[,operator
Without_import/QFT/qsharp_qft.qs,112,243,2,operand
Without_import/QFT/qsharp_qft.qs,113,244,],operator
Without_import/QFT/qsharp_qft.qs,114,245,),operator
Without_import/QFT/qsharp_qft.qs,115,246,;,operator
Without_import/QFT/qsharp_qft.qs,116,252,SWAP,operator
Without_import/QFT/qsharp_qft.qs,117,256,(,operator
Without_import/QFT/qsharp_qft.qs,118,257,q,operand
Without_import/QFT/qsharp_qft.qs,119,258,[,operator
Without_import/QFT/qsharp_qft.qs,120,259,0,operand
Without_import/QFT/qsharp_qft.qs,121,260,],operator
Without_import/QFT/qsharp_qft.qs,122,261,",",operator
Without_import/QFT/qsharp_qft.qs,123,263,q,operand
Without_import/QFT/qsharp_qft.qs,124,264,[,operator
Without_import/QFT/qsharp_qft.qs,125,265,2,operand
Without_import/QFT/qsharp_qft.qs,126,266,],operator
Without_import/QFT/qsharp_qft.qs,127,267,),operator
Without_import/QFT/qsharp_qft.qs,128,268,;,operator
Without_import/QFT/qsharp_qft.qs,129,274,let,operator
Without_import/QFT/qsharp_qft.qs,130,278,r0,operand
Without_import/QFT/qsharp_qft.qs,131,281,=,operator
Without_import/QFT/qsharp_qft.qs,132,283,M,operator
Without_import/QFT/qsharp_qft.qs,133,284,(,operator
Without_import/QFT/qsharp_qft.qs,134,285,q,operand
Without_import/QFT/qsharp_qft.qs,135,286,[,operator
Without_import/QFT/qsharp_qft.qs,136,287,0,operand
Without_import/QFT/qsharp_qft.qs,137,288,],operator
Without_import/QFT/qsharp_qft.qs,138,289,),operator
Without_import/QFT/qsharp_qft.qs,139,290,;,operator
Without_import/QFT/qsharp_qft.qs,140,296,let,operator
Without_import/QFT/qsharp_qft.qs,141,300,r1,operand
Without_import/QFT/qsharp_qft.qs,142,303,=,operator
Without_import/QFT/qsharp_qft.qs,143,305,M,operator
Without_import/QFT/qsharp_qft.qs,144,306,(,operator
Without_import/QFT/qsharp_qft.qs,145,307,q,operand
Without_import/QFT/qsharp_qft.qs,146,308,[,operator
Without_import/QFT/qsharp_qft.qs,147,309,1,operand
Without_import/QFT/qsharp_qft.qs,148,310,],operator
Without_import/QFT/qsharp_qft.qs,149,311,),operator
Without_import/QFT/qsharp_qft.qs,150,312,;,operator
Without_import/QFT/qsharp_qft.qs,151,318,let,operator
Without_import/QFT/qsharp_qft.qs,152,322,r2,operand
Without_import/QFT/qsharp_qft.qs,153,325,=,operator
Without_import/QFT/qsharp_qft.qs,154,327,M,operator
Without_import/QFT/qsharp_qft.qs,155,328,(,operator
Without_import/QFT/qsharp_qft.qs,156,329,q,operand
Without_import/QFT/qsharp_qft.qs,157,330,[,operator
Without_import/QFT/qsharp_qft.qs,158,331,2,operand
Without_import/QFT/qsharp_qft.qs,159,332,],operator
Without_import/QFT/qsharp_qft.qs,160,333,),operator
Without_import/QFT/qsharp_qft.qs,161,334,;,operator
Without_import/QFT/qsharp_qft.qs,162,340,ResetAll,operator
Without_import/QFT/qsharp_qft.qs,163,348,(,operator
Without_import/QFT/qsharp_qft.qs,164,349,q,operand
Without_import/QFT/qsharp_qft.qs,165,350,),operator
Without_import/QFT/qsharp_qft.qs,166,351,;,operator
Without_import/QFT/qsharp_qft.qs,167,357,return,operator
Without_import/QFT/qsharp_qft.qs,168,364,(,operator
Without_import/QFT/qsharp_qft.qs,169,365,r0,operand
Without_import/QFT/qsharp_qft.qs,170,367,",",operator
Without_import/QFT/qsharp_qft.qs,171,369,r1,operand
Without_import/QFT/qsharp_qft.qs,172,371,",",operator
Without_import/QFT/qsharp_qft.qs,173,373,r2,operand
Without_import/QFT/qsharp_qft.qs,174,375,),operator
Without_import/QFT/qsharp_qft.qs,175,376,;,operator
Without_import/QFT/qsharp_qft.qs,176,378,},ignored
Without_import/teleport/cirq_teleport.py,0,0,q,operand
Without_import/teleport/cirq_teleport.py,1,2,=,operator
Without_import/teleport/cirq_teleport.py,2,4,cirq,operand
Without_import/teleport/cirq_teleport.py,3,8,.,ignored
Without_import/teleport/cirq_teleport.py,4,9,LineQubit,operand
Without_import/teleport/cirq_teleport.py,5,18,.,ignored
Without_import/teleport/cirq_teleport.py,6,19,range,operator
Without_import/teleport/cirq_teleport.py,7,24,(,operator
Without_import/teleport/cirq_teleport.py,8,25,3,operand
Without_import/teleport/cirq_teleport.py,9,26,),operator
Without_import/teleport/cirq_teleport.py,10,28,circuit,operand
Without_import/teleport/cirq_teleport.py,11,36,=,operator
Without_import/teleport/cirq_teleport.py,12,38,cirq,operand
Without_import/teleport/cirq_teleport.py,13,42,.,ignored
Without_import/teleport/cirq_teleport.py,14,43,Circuit,operator
Without_import/teleport/cirq_teleport.py,15,50,(,operator
Without_import/teleport/cirq_teleport.py,16,51,),operator
Without_import/teleport/cirq_teleport.py,17,53,circuit,operand
Without_import/teleport/cirq_teleport.py,18,60,.,ignored
Without_import/teleport/cirq_teleport.py,19,61,append,operator
Without_import/teleport/cirq_teleport.py,20,67,(,operator
Without_import/teleport/cirq_teleport.py,21,68,[,operator
Without_import/teleport/cirq_teleport.py,22,69,cirq,operand
Without_import/teleport/cirq_teleport.py,23,73,.,ignored
Without_import/teleport/cirq_teleport.py,24,74,H,operator
Without_import/teleport/cirq_teleport.py,25,75,(,operator
Without_import/teleport/cirq_teleport.py,26,76,q,operand
Without_import/teleport/cirq_teleport.py,27,77,[,operator
Without_import/teleport/cirq_teleport.py,28,78,1,operand
Without_import/teleport/cirq_teleport.py,29,79,],operator
Without_import/teleport/cirq_teleport.py,30,80,),operator
Without_import/teleport/cirq_teleport.py,31,81,",",operator
Without_import/teleport/cirq_teleport.py,32,83,cirq,operand
Without_import/teleport/cirq_teleport.py,33,87,.,ignored
Without_import/teleport/cirq_teleport.py,34,88,CNOT,operator
Without_import/teleport/cirq_teleport.py,35,92,(,operator
Without_import/teleport/cirq_teleport.py,36,93,q,operand
Without_import/teleport/cirq_teleport.py,37,94,[,operator
Without_import/teleport/cirq_teleport.py,38,95,1,operand
Without_import/teleport/cirq_teleport.py,39,96,],operator
Without_import/teleport/cirq_teleport.py,40,97,",",operator
Without_import/teleport/cirq_teleport.py,41,99,q,operand
Without_import/teleport/cirq_teleport.py,42,100,[,operator
Without_import/teleport/cirq_teleport.py,43,101,2,operand
Without_import/teleport/cirq_teleport.py,44,102,],operator
Without_import/teleport/cirq_teleport.py,45,103,),operator
Without_import/teleport/cirq_teleport.py,46,104,],operator
Without_import/teleport/cirq_teleport.py,47,105,),operator
Without_import/teleport/cirq_teleport.py,48,107,circuit,operand
Without_import/teleport/cirq_teleport.py,49,114,.,ignored
Without_import/teleport/cirq_teleport.py,50,115,append,operator
Without_import/teleport/cirq_teleport.py,51,121,(,operator
Without_import/teleport/cirq_teleport.py,52,122,[,operator
Without_import/teleport/cirq_teleport.py,53,123,cirq,operand
Without_import/teleport/cirq_teleport.py,54,127,.,ignored
Without_import/teleport/cirq_teleport.py,55,128,H,operator
Without_import/teleport/cirq_teleport.py,56,129,(,operator
Without_import/teleport/cirq_teleport.py,57,130,q,operand
Without_import/teleport/cirq_teleport.py,58,131,[,operator
Without_import/teleport/cirq_teleport.py,59,132,0,operand
Without_import/teleport/cirq_teleport.py,60,133,],operator
Without_import/teleport/cirq_teleport.py,61,134,),operator
Without_import/teleport/cirq_teleport.py,62,135,",",operator
Without_import/teleport/cirq_teleport.py,63,137,cirq,operand
Without_import/teleport/cirq_teleport.py,64,141,.,ignored
Without_import/teleport/cirq_teleport.py,65,142,T,operator
Without_import/teleport/cirq_teleport.py,66,143,(,operator
Without_import/teleport/cirq_teleport.py,67,144,q,operand
Without_import/teleport/cirq_teleport.py,68,145,[,operator
Without_import/teleport/cirq_teleport.py,69,146,0,operand
Without_import/teleport/cirq_teleport.py,70,147,],operator
Without_import/teleport/cirq_teleport.py,71,148,),operator
Without_import/teleport/cirq_teleport.py,72,149,],operator
Without_import/teleport/cirq_teleport.py,73,150,),operator
Without_import/teleport/cirq_teleport.py,74,152,circuit,operand
Without_import/teleport/cirq_teleport.py,75,159,.,ignored
Without_import/teleport/cirq_teleport.py,76,160,append,operator
Without_import/teleport/cirq_teleport.py,77,166,(,operator
Without_import/teleport/cirq_teleport.py,78,167,[,operator
Without_import/teleport/cirq_teleport.py,79,168,cirq,operand
Without_import/teleport/cirq_teleport.py,80,172,.,ignored
Without_import/teleport/cirq_teleport.py,81,173,CNOT,operator
Without_import/teleport/cirq_teleport.py,82,177,(,operator
Without_import/teleport/cirq_teleport.py,83,178,q,operand
Without_import/teleport/cirq_teleport.py,84,179,[,operator
Without_import/teleport/cirq_teleport.py,85,180,0,operand
Without_import/teleport/cirq_teleport.py,86,181,],operator
Without_import/teleport/cirq_teleport.py,87,182,",",operator
Without_import/teleport/cirq_teleport.py,88,184,q,operand
Without_import/teleport/cirq_teleport.py,89,185,[,operator
Without_import/teleport/cirq_teleport.py,90,186,1,operand
Without_import/teleport/cirq_teleport.py,91,187,],operator
Without_import/teleport/cirq_teleport.py,92,188,),operator
Without_import/teleport/cirq_teleport.py,93,189,",",operator
Without_import/teleport/cirq_teleport.py,94,191,cirq,operand
Without_import/teleport/cirq_teleport.py,95,195,.,ignored
Without_import/teleport/cirq_teleport.py,96,196,H,operator
Without_import/teleport/cirq_teleport.py,97,197,(,operator
Without_import/teleport/cirq_teleport.py,98,198,q,operand
Without_import/teleport/cirq_teleport.py,99,199,[,operator
Without_import/teleport/cirq_teleport.py,100,200,0,operand
Without_import/teleport/cirq_teleport.py,101,201,],operator
Without_import/teleport/cirq_teleport.py,102,202,),operator
Without_import/teleport/cirq_teleport.py,103,203,],operator
Without_import/teleport/cirq_teleport.py,104,204,),operator
Without_import/teleport/cirq_teleport.py,105,206,circuit,operand
Without_import/teleport/cirq_teleport.py,106,213,.,ignored
Without_import/teleport/cirq_teleport.py,107,214,append,operator
Without_import/teleport/cirq_teleport.py,108,220,(,operator
Without_import/teleport/cirq_teleport.py,109,221,[,operator
Without_import/teleport/cirq_teleport.py,110,222,cirq,operand
Without_import/teleport/cirq_teleport.py,111,226,.,ignored
Without_import/teleport/cirq_teleport.py,112,227,measure,operator
Without_import/teleport/cirq_teleport.py,113,234,(,operator
Without_import/teleport/cirq_teleport.py,114,235,q,operand
Without_import/teleport/cirq_teleport.py,115,236,[,operator
Without_import/teleport/cirq_teleport.py,116,237,0,operand
Without_import/teleport/cirq_teleport.py,117,238,],operator
Without_import/teleport/cirq_teleport.py,118,239,",",operator
Without_import/teleport/cirq_teleport.py,119,241,key,operand
Without_import/teleport/cirq_teleport.py,120,244,=,operator
Without_import/teleport/cirq_teleport.py,121,245,'m0',operand
Without_import/teleport/cirq_teleport.py,122,249,),operator
Without_import/teleport/cirq_teleport.py,123,250,",",operator
Without_import/teleport/cirq_teleport.py,124,252,cirq,operand
Without_import/teleport/cirq_teleport.py,125,256,.,ignored
Without_import/teleport/cirq_teleport.py,126,257,measure,operator
Without_import/teleport/cirq_teleport.py,127,264,(,operator
Without_import/teleport/cirq_teleport.py,128,265,q,operand
Without_import/teleport/cirq_teleport.py,129,266,[,operator
Without_import/teleport/cirq_teleport.py,130,267,1,operand
Without_import/teleport/cirq_teleport.py,131,268,],operator
Without_import/teleport/cirq_teleport.py,132,269,",",operator
Without_import/teleport/cirq_teleport.py,133,271,key,operand
Without_import/teleport/cirq_teleport.py,134,274,=,operator
Without_import/teleport/cirq_teleport.py,135,275,'m1',operand
Without_import/teleport/cirq_teleport.py,136,279,),operator
Without_import/teleport/cirq_teleport.py,137,280,],operator
Without_import/teleport/cirq_teleport.py,138,281,),operator
Without_import/teleport/cirq_teleport.py,139,283,circuit,operand
Without_import/teleport/cirq_teleport.py,140,290,.,ignored
Without_import/teleport/cirq_teleport.py,141,291,append,operator
Without_import/teleport/cirq_teleport.py,142,297,(,operator
Without_import/teleport/cirq_teleport.py,143,298,cirq,operand
Without_import/teleport/cirq_teleport.py,144,302,.,ignored
Without_import/teleport/cirq_teleport.py,145,303,X,operator
Without_import/teleport/cirq_teleport.py,146,304,(,operator
Without_import/teleport/cirq_teleport.py,147,305,q,operand
Without_import/teleport/cirq_teleport.py,148,306,[,operator
Without_import/teleport/cirq_teleport.py,149,307,2,operand
Without_import/teleport/cirq_teleport.py,150,308,],operator
Without_import/teleport/cirq_teleport.py,151,309,),operator
Without_import/teleport/cirq_teleport.py,152,310,.,ignored
Without_import/teleport/cirq_teleport.py,153,311,with_classical_controls,operator
Without_import/teleport/cirq_teleport.py,154,334,(,operator
Without_import/teleport/cirq_teleport.py,155,335,'m1',operand
Without_import/teleport/cirq_teleport.py,156,339,),operator
Without_import/teleport/cirq_teleport.py,157,340,),operator
Without_import/teleport/cirq_teleport.py,158,342,circuit,operand
Without_import/teleport/cirq_teleport.py,159,349,.,ignored
Without_import/teleport/cirq_teleport.py,160,350,append,operator
Without_import/teleport/cirq_teleport.py,161,356,(,operator
Without_import/teleport/cirq_teleport.py,162,357,cirq,operand
Without_import/teleport/cirq_teleport.py,163,361,.,ignored
Without_import/teleport/cirq_teleport.py,164,362,Z,operator
Without_import/teleport/cirq_teleport.py,165,363,(,operator
Without_import/teleport/cirq_teleport.py,166,364,q,operand
Without_import/teleport/cirq_teleport.py,167,365,[,operator
Without_import/teleport/cirq_teleport.py,168,366,2,operand
Without_import/teleport/cirq_teleport.py,169,367,],operator
Without_import/teleport/cirq_teleport.py,170,368,),operator
Without_import/teleport/cirq_teleport.py,171,369,.,ignored
Without_import/teleport/cirq_teleport.py,172,370,with_classical_controls,operator
Without_import/teleport/cirq_teleport.py,173,393,(,operator
Without_import/teleport/cirq_teleport.py,174,394,'m0',operand
Without_import/teleport/cirq_teleport.py,175,398,),operator
Without_import/teleport/cirq_teleport.py,176,399,),operator
Without_import/teleport/cirq_teleport.py,177,401,circuit,operand
Without_import/teleport/cirq_teleport.py,178,408,.,ignored
Without_import/teleport/cirq_teleport.py,179,409,append,operator
Without_import/teleport/cirq_teleport.py,180,415,(,operator
Without_import/teleport/cirq_teleport.py,181,416,cirq,operand
Without_import/teleport/cirq_teleport.py,182,420,.,ignored
Without_import/teleport/cirq_teleport.py,183,421,measure,operator
Without_import/teleport/cirq_teleport.py,184,428,(,operator
Without_import/teleport/cirq_teleport.py,185,429,q,operand
Without_import/teleport/cirq_teleport.py,186,430,[,operator
Without_import/teleport/cirq_teleport.py,187,431,2,operand
Without_import/teleport/cirq_teleport.py,188,432,],operator
Without_import/teleport/cirq_teleport.py,189,433,",",operator
Without_import/teleport/cirq_teleport.py,190,435,key,operand
Without_import/teleport/cirq_teleport.py,191,438,=,operator
Without_import/teleport/cirq_teleport.py,192,439,'m2',operand
Without_import/teleport/cirq_teleport.py,193,443,),operator
Without_import/teleport/cirq_teleport.py,194,444,),operator
Without_import/teleport/pennylane_teleport.py,0,0,dev,operand
Without_import/teleport/pennylane_teleport.py,1,4,=,operator
Without_import/teleport/pennylane_teleport.py,2,6,qml,operand
Without_import/teleport/pennylane_teleport.py,3,9,.,ignored
Without_import/teleport/pennylane_teleport.py,4,10,device,operator
Without_import/teleport/pennylane_teleport.py,5,16,(,operator
Without_import/teleport/pennylane_teleport.py,6,17,"""default.qubit""",operand
Without_import/teleport/pennylane_teleport.py,7,32,",",operator
Without_import/teleport/pennylane_teleport.py,8,34,wires,operand
Without_import/teleport/pennylane_teleport.py,9,39,=,operator
Without_import/teleport/pennylane_teleport.py,10,40,3,operand
Without_import/teleport/pennylane_teleport.py,11,41,),operator
Without_import/teleport/pennylane_teleport.py,12,43,@,operator
Without_import/teleport/pennylane_teleport.py,13,44,qml,operand
Without_import/teleport/pennylane_teleport.py,14,47,.,ignored
Without_import/teleport/pennylane_teleport.py,15,48,qnode,operator
Without_import/teleport/pennylane_teleport.py,16,53,(,operator
Without_import/teleport/pennylane_teleport.py,17,54,dev,operand
Without_import/teleport/pennylane_teleport.py,18,57,),operator
Without_import/teleport/pennylane_teleport.py,19,59,def,operand
Without_import/teleport/pennylane_teleport.py,20,63,teleportation,operator
Without_import/teleport/pennylane_teleport.py,21,76,(,operator
Without_import/teleport/pennylane_teleport.py,22,77,),operator
Without_import/teleport/pennylane_teleport.py,23,84,qml,operand
Without_import/teleport/pennylane_teleport.py,24,87,.,ignored
Without_import/teleport/pennylane_teleport.py,25,88,Hadamard,operator
Without_import/teleport/pennylane_teleport.py,26,96,(,operator
Without_import/teleport/pennylane_teleport.py,27,97,wires,operand
Without_import/teleport/pennylane_teleport.py,28,102,=,operator
Without_import/teleport/pennylane_teleport.py,29,103,1,operand
Without_import/teleport/pennylane_teleport.py,30,104,),operator
Without_import/teleport/pennylane_teleport.py,31,110,qml,operand
Without_import/teleport/pennylane_teleport.py,32,113,.,ignored
Without_import/teleport/pennylane_teleport.py,33,114,CNOT,operator
Without_import/teleport/pennylane_teleport.py,34,118,(,operator
Without_import/teleport/pennylane_teleport.py,35,119,wires,operand
Without_import/teleport/pennylane_teleport.py,36,124,=,operator
Without_import/teleport/pennylane_teleport.py,37,125,[,operator
Without_import/teleport/pennylane_teleport.py,38,126,1,operand
Without_import/teleport/pennylane_teleport.py,39,127,",",operator
Without_import/teleport/pennylane_teleport.py,40,129,2,operand
Without_import/teleport/pennylane_teleport.py,41,130,],operator
Without_import/teleport/pennylane_teleport.py,42,131,),operator
Without_import/teleport/pennylane_teleport.py,43,137,qml,operand
Without_import/teleport/pennylane_teleport.py,44,140,.,ignored
Without_import/teleport/pennylane_teleport.py,45,141,Hadamard,operator
Without_import/teleport/pennylane_teleport.py,46,149,(,operator
Without_import/teleport/pennylane_teleport.py,47,150,wires,operand
Without_import/teleport/pennylane_teleport.py,48,155,=,operator
Without_import/teleport/pennylane_teleport.py,49,156,0,operand
Without_import/teleport/pennylane_teleport.py,50,157,),operator
Without_import/teleport/pennylane_teleport.py,51,163,qml,operand
Without_import/teleport/pennylane_teleport.py,52,166,.,ignored
Without_import/teleport/pennylane_teleport.py,53,167,T,operator
Without_import/teleport/pennylane_teleport.py,54,168,(,operator
Without_import/teleport/pennylane_teleport.py,55,169,wires,operand
Without_import/teleport/pennylane_teleport.py,56,174,=,operator
Without_import/teleport/pennylane_teleport.py,57,175,0,operand
Without_import/teleport/pennylane_teleport.py,58,176,),operator
Without_import/teleport/pennylane_teleport.py,59,182,qml,operand
Without_import/teleport/pennylane_teleport.py,60,185,.,ignored
Without_import/teleport/pennylane_teleport.py,61,186,CNOT,operator
Without_import/teleport/pennylane_teleport.py,62,190,(,operator
Without_import/teleport/pennylane_teleport.py,63,191,wires,operand
Without_import/teleport/pennylane_teleport.py,64,196,=,operator
Without_import/teleport/pennylane_teleport.py,65,197,[,operator
Without_import/teleport/pennylane_teleport.py,66,198,0,operand
Without_import/teleport/pennylane_teleport.py,67,199,",",operator
Without_import/teleport/pennylane_teleport.py,68,201,1,operand
Without_import/teleport/pennylane_teleport.py,69,202,],operator
Without_import/teleport/pennylane_teleport.py,70,203,),operator
Without_import/teleport/pennylane_teleport.py,71,209,qml,operand
Without_import/teleport/pennylane_teleport.py,72,212,.,ignored
Without_import/teleport/pennylane_teleport.py,73,213,Hadamard,operator
Without_import/teleport/pennylane_teleport.py,74,221,(,operator
Without_import/teleport/pennylane_teleport.py,75,222,wires,operand
Without_import/teleport/pennylane_teleport.py,76,227,=,operator
Without_import/teleport/pennylane_teleport.py,77,228,0,operand
Without_import/teleport/pennylane_teleport.py,78,229,),operator
Without_import/teleport/pennylane_teleport.py,79,235,m0,operand
Without_import/teleport/pennylane_teleport.py,80,238,=,operator
Without_import/teleport/pennylane_teleport.py,81,240,qml,operand
Without_import/teleport/pennylane_teleport.py,82,243,.,ignored
Without_import/teleport/pennylane_teleport.py,83,244,measure,operator
Without_import/teleport/pennylane_teleport.py,84,251,(,operator
Without_import/teleport/pennylane_teleport.py,85,252,0,operand
Without_import/teleport/pennylane_teleport.py,86,253,),operator
Without_import/teleport/pennylane_teleport.py,87,259,m1,operand
Without_import/teleport/pennylane_teleport.py,88,262,=,operator
Without_import/teleport/pennylane_teleport.py,89,264,qml,operand
Without_import/teleport/pennylane_teleport.py,90,267,.,ignored
Without_import/teleport/pennylane_teleport.py,91,268,measure,operator
Without_import/teleport/pennylane_teleport.py,92,275,(,operator
Without_import/teleport/pennylane_teleport.py,93,276,1,operand
Without_import/teleport/pennylane_teleport.py,94,277,),operator
Without_import/teleport/pennylane_teleport.py,95,283,qml,operand
Without_import/teleport/pennylane_teleport.py,96,286,.,ignored
Without_import/teleport/pennylane_teleport.py,97,287,cond,operator
Without_import/teleport/pennylane_teleport.py,98,291,(,operator
Without_import/teleport/pennylane_teleport.py,99,292,m1,operand
Without_import/teleport/pennylane_teleport.py,100,294,",",operator
Without_import/teleport/pennylane_teleport.py,101,296,qml,operand
Without_import/teleport/pennylane_teleport.py,102,299,.,ignored
Without_import/teleport/pennylane_teleport.py,103,300,PauliX,operand
Without_import/teleport/pennylane_teleport.py,104,306,),operator
Without_import/teleport/pennylane_teleport.py,105,307,(,operator
Without_import/teleport/pennylane_teleport.py,106,308,2,operand
Without_import/teleport/pennylane_teleport.py,107,309,),operator
Without_import/teleport/pennylane_teleport.py,108,315,qml,operand
Without_import/teleport/pennylane_teleport.py,109,318,.,ignored
Without_import/teleport/pennylane_teleport.py,110,319,cond,operator
Without_import/teleport/pennylane_teleport.py,111,323,(,operator
Without_import/teleport/pennylane_teleport.py,112,324,m0,operand
Without_import/teleport/pennylane_teleport.py,113,326,",",operator
Without_import/teleport/pennylane_teleport.py,114,328,qml,operand
Without_import/teleport/pennylane_teleport.py,115,331,.,ignored
Without_import/teleport/pennylane_teleport.py,116,332,PauliZ,operand
Without_import/teleport/pennylane_teleport.py,117,338,),operator
Without_import/teleport/pennylane_teleport.py,118,339,(,operator
Without_import/teleport/pennylane_teleport.py,119,340,2,operand
Without_import/teleport/pennylane_teleport.py,120,341,),operator
Without_import/teleport/pennylane_teleport.py,121,347,return,operator
Without_import/teleport/pennylane_teleport.py,122,354,qml,operand
Without_import/teleport/pennylane_teleport.py,123,357,.,ignored
Without_import/teleport/pennylane_teleport.py,124,358,probs,operator
Without_import/teleport/pennylane_teleport.py,125,363,(,operator
Without_import/teleport/pennylane_teleport.py,126,364,wires,operand
Without_import/teleport/pennylane_teleport.py,127,369,=,operator
Without_import/teleport/pennylane_teleport.py,128,370,2,operand
Without_import/teleport/pennylane_teleport.py,129,371,),operator
Without_import/teleport/qiskit_teleport.py,0,0,qr,operand
Without_import/teleport/qiskit_teleport.py,1,3,=,operator
Without_import/teleport/qiskit_teleport.py,2,5,QuantumRegister,operator
Without_import/teleport/qiskit_teleport.py,3,20,(,operator
Without_import/teleport/qiskit_teleport.py,4,21,3,operand
Without_import/teleport/qiskit_teleport.py,5,22,),operator
Without_import/teleport/qiskit_teleport.py,6,24,cr,operand
Without_import/teleport/qiskit_teleport.py,7,27,=,operator
Without_import/teleport/qiskit_teleport.py,8,29,ClassicalRegister,operator
Without_import/teleport/qiskit_teleport.py,9,46,(,operator
Without_import/teleport/qiskit_teleport.py,10,47,3,operand
Without_import/teleport/qiskit_teleport.py,11,48,),operator
Without_import/teleport/qiskit_teleport.py,12,50,qc,operand
Without_import/teleport/qiskit_teleport.py,13,53,=,operator
Without_import/teleport/qiskit_teleport.py,14,55,QuantumCircuit,operator
Without_import/teleport/qiskit_teleport.py,15,69,(,operator
Without_import/teleport/qiskit_teleport.py,16,70,qr,operand
Without_import/teleport/qiskit_teleport.py,17,72,",",operator
Without_import/teleport/qiskit_teleport.py,18,74,cr,operand
Without_import/teleport/qiskit_teleport.py,19,76,),operator
Without_import/teleport/qiskit_teleport.py,20,78,qc,operand
Without_import/teleport/qiskit_teleport.py,21,80,.,ignored
Without_import/teleport/qiskit_teleport.py,22,81,h,operator
Without_import/teleport/qiskit_teleport.py,23,82,(,operator
Without_import/teleport/qiskit_teleport.py,24,83,qr,operand
Without_import/teleport/qiskit_teleport.py,25,85,[,operator
Without_import/teleport/qiskit_teleport.py,26,86,1,operand
Without_import/teleport/qiskit_teleport.py,27,87,],operator
Without_import/teleport/qiskit_teleport.py,28,88,),operator
Without_import/teleport/qiskit_teleport.py,29,90,qc,operand
Without_import/teleport/qiskit_teleport.py,30,92,.,ignored
Without_import/teleport/qiskit_teleport.py,31,93,cx,operator
Without_import/teleport/qiskit_teleport.py,32,95,(,operator
Without_import/teleport/qiskit_teleport.py,33,96,qr,operand
Without_import/teleport/qiskit_teleport.py,34,98,[,operator
Without_import/teleport/qiskit_teleport.py,35,99,1,operand
Without_import/teleport/qiskit_teleport.py,36,100,],operator
Without_import/teleport/qiskit_teleport.py,37,101,",",operator
Without_import/teleport/qiskit_teleport.py,38,103,qr,operand
Without_import/teleport/qiskit_teleport.py,39,105,[,operator
Without_import/teleport/qiskit_teleport.py,40,106,2,operand
Without_import/teleport/qiskit_teleport.py,41,107,],operator
Without_import/teleport/qiskit_teleport.py,42,108,),operator
Without_import/teleport/qiskit_teleport.py,43,110,qc,operand
Without_import/teleport/qiskit_teleport.py,44,112,.,ignored
Without_import/teleport/qiskit_teleport.py,45,113,h,operator
Without_import/teleport/qiskit_teleport.py,46,114,(,operator
Without_import/teleport/qiskit_teleport.py,47,115,qr,operand
Without_import/teleport/qiskit_teleport.py,48,117,[,operator
Without_import/teleport/qiskit_teleport.py,49,118,0,operand
Without_import/teleport/qiskit_teleport.py,50,119,],operator
Without_import/teleport/qiskit_teleport.py,51,120,),operator
Without_import/teleport/qiskit_teleport.py,52,122,qc,operand
Without_import/teleport/qiskit_teleport.py,53,124,.,ignored
Without_import/teleport/qiskit_teleport.py,54,125,t,operator
Without_import/teleport/qiskit_teleport.py,55,126,(,operator
Without_import/teleport/qiskit_teleport.py,56,127,qr,operand
Without_import/teleport/qiskit_teleport.py,57,129,[,operator
Without_import/teleport/qiskit_teleport.py,58,130,0,operand
Without_import/teleport/qiskit_teleport.py,59,131,],operator
Without_import/teleport/qiskit_teleport.py,60,132,),operator
Without_import/teleport/qiskit_teleport.py,61,134,qc,operand
Without_import/teleport/qiskit_teleport.py,62,136,.,ignored
Without_import/teleport/qiskit_teleport.py,63,137,cx,operator
Without_import/teleport/qiskit_teleport.py,64,139,(,operator
Without_import/teleport/qiskit_teleport.py,65,140,qr,operand
Without_import/teleport/qiskit_teleport.py,66,142,[,operator
Without_import/teleport/qiskit_teleport.py,67,143,0,operand
Without_import/teleport/qiskit_teleport.py,68,144,],operator
Without_import/teleport/qiskit_teleport.py,69,145,",",operator
Without_import/teleport/qiskit_teleport.py,70,147,qr,operand
Without_import/teleport/qiskit_teleport.py,71,149,[,operator
Without_import/teleport/qiskit_teleport.py,72,150,1,operand
Without_import/teleport/qiskit_teleport.py,73,151,],operator
Without_import/teleport/qiskit_teleport.py,74,152,),operator
Without_import/teleport/qiskit_teleport.py,75,154,qc,operand
Without_import/teleport/qiskit_teleport.py,76,156,.,ignored
Without_import/teleport/qiskit_teleport.py,77,157,h,operator
Without_import/teleport/qiskit_teleport.py,78,158,(,operator
Without_import/teleport/qiskit_teleport.py,79,159,qr,operand
Without_import/teleport/qiskit_teleport.py,80,161,[,operator
Without_import/teleport/qiskit_teleport.py,81,162,0,operand
Without_import/teleport/qiskit_teleport.py,82,163,],operator
Without_import/teleport/qiskit_teleport.py,83,164,),operator
Without_import/teleport/qiskit_teleport.py,84,166,qc,operand
Without_import/teleport/qiskit_teleport.py,85,168,.,ignored
Without_import/teleport/qiskit_teleport.py,86,169,measure,operator
Without_import/teleport/qiskit_teleport.py,87,176,(,operator
Without_import/teleport/qiskit_teleport.py,88,177,qr,operand
Without_import/teleport/qiskit_teleport.py,89,179,[,operator
Without_import/teleport/qiskit_teleport.py,90,180,0,operand
Without_import/teleport/qiskit_teleport.py,91,181,],operator
Without_import/teleport/qiskit_teleport.py,92,182,",",operator
Without_import/teleport/qiskit_teleport.py,93,184,cr,operand
Without_import/teleport/qiskit_teleport.py,94,186,[,operator
Without_import/teleport/qiskit_teleport.py,95,187,0,operand
Without_import/teleport/qiskit_teleport.py,96,188,],operator
Without_import/teleport/qiskit_teleport.py,97,189,),operator
Without_import/teleport/qiskit_teleport.py,98,191,qc,operand
Without_import/teleport/qiskit_teleport.py,99,193,.,ignored
Without_import/teleport/qiskit_teleport.py,100,194,measure,operator
Without_import/teleport/qiskit_teleport.py,101,201,(,operator
Without_import/teleport/qiskit_teleport.py,102,202,qr,operand
Without_import/teleport/qiskit_teleport.py,103,204,[,operator
Without_import/teleport/qiskit_teleport.py,104,205,1,operand
Without_import/teleport/qiskit_teleport.py,105,206,],operator
Without_import/teleport/qiskit_teleport.py,106,207,",",operator
Without_import/teleport/qiskit_teleport.py,107,209,cr,operand
Without_import/teleport/qiskit_teleport.py,108,211,[,operator
Without_import/teleport/qiskit_teleport.py,109,212,1,operand
Without_import/teleport/qiskit_teleport.py,110,213,],operator
Without_import/teleport/qiskit_teleport.py,111,214,),operator
Without_import/teleport/qiskit_teleport.py,112,216,with,operand
Without_import/teleport/qiskit_teleport.py,113,221,qc,operand
Without_import/teleport/qiskit_teleport.py,114,223,.,ignored
Without_import/teleport/qiskit_teleport.py,115,224,if_test,operator
Without_import/teleport/qiskit_teleport.py,116,231,(,operator
Without_import/teleport/qiskit_teleport.py,117,232,(,operator
Without_import/teleport/qiskit_teleport.py,118,233,cr,operand
Without_import/teleport/qiskit_teleport.py,119,235,[,operator
Without_import/teleport/qiskit_teleport.py,120,236,1,operand
Without_import/teleport/qiskit_teleport.py,121,237,],operator
Without_import/teleport/qiskit_teleport.py,122,238,",",operator
Without_import/teleport/qiskit_teleport.py,123,240,1,operand
Without_import/teleport/qiskit_teleport.py,124,241,),operator
Without_import/teleport/qiskit_teleport.py,125,242,),operator
Without_import/teleport/qiskit_teleport.py,126,249,qc,operand
Without_import/teleport/qiskit_teleport.py,127,251,.,ignored
Without_import/teleport/qiskit_teleport.py,128,252,x,operator
Without_import/teleport/qiskit_teleport.py,129,253,(,operator
Without_import/teleport/qiskit_teleport.py,130,254,qr,operand
Without_import/teleport/qiskit_teleport.py,131,256,[,operator
Without_import/teleport/qiskit_teleport.py,132,257,2,operand
Without_import/teleport/qiskit_teleport.py,133,258,],operator
Without_import/teleport/qiskit_teleport.py,134,259,),operator
Without_import/teleport/qiskit_teleport.py,135,261,with,operand
Without_import/teleport/qiskit_teleport.py,136,266,qc,operand
Without_import/teleport/qiskit_teleport.py,137,268,.,ignored
Without_import/teleport/qiskit_teleport.py,138,269,if_test,operator
Without_import/teleport/qiskit_teleport.py,139,276,(,operator
Without_import/teleport/qiskit_teleport.py,140,277,(,operator
Without_import/teleport/qiskit_teleport.py,141,278,cr,operand
Without_import/teleport/qiskit_teleport.py,142,280,[,operator
Without_import/teleport/qiskit_teleport.py,143,281,0,operand
Without_import/teleport/qiskit_teleport.py,144,282,],operator
Without_import/teleport/qiskit_teleport.py,145,283,",",operator
Without_import/teleport/qiskit_teleport.py,146,285,1,operand
Without_import/teleport/qiskit_teleport.py,147,286,),operator
Without_import/teleport/qiskit_teleport.py,148,287,),operator
Without_import/teleport/qiskit_teleport.py,149,294,qc,operand
Without_import/teleport/qiskit_teleport.py,150,296,.,ignored
Without_import/teleport/qiskit_teleport.py,151,297,z,operator
Without_import/teleport/qiskit_teleport.py,152,298,(,operator
Without_import/teleport/qiskit_teleport.py,153,299,qr,operand
Without_import/teleport/qiskit_teleport.py,154,301,[,operator
Without_import/teleport/qiskit_teleport.py,155,302,2,operand
Without_import/teleport/qiskit_teleport.py,156,303,],operator
Without_import/teleport/qiskit_teleport.py,157,304,),operator
Without_import/teleport/qiskit_teleport.py,158,306,qc,operand
Without_import/teleport/qiskit_teleport.py,159,308,.,ignored
Without_import/teleport/qiskit_teleport.py,160,309,measure,operator
Without_import/teleport/qiskit_teleport.py,161,316,(,operator
Without_import/teleport/qiskit_teleport.py,162,317,qr,operand
Without_import/teleport/qiskit_teleport.py,163,319,[,operator
Without_import/teleport/qiskit_teleport.py,164,320,2,operand
Without_import/teleport/qiskit_teleport.py,165,321,],operator
Without_import/teleport/qiskit_teleport.py,166,322,",",operator
Without_import/teleport/qiskit_teleport.py,167,324,cr,operand
Without_import/teleport/qiskit_teleport.py,168,326,[,operator
Without_import/teleport/qiskit_teleport.py,169,327,2,operand
Without_import/teleport/qiskit_teleport.py,170,328,],operator
Without_import/teleport/qiskit_teleport.py,171,329,),operator
Without_import/teleport/qsharp_teleport.qs,0,0,operation,operand
Without_import/teleport/qsharp_teleport.qs,1,10,Teleport,operator
Without_import/teleport/qsharp_teleport.qs,2,18,(,operator
Without_import/teleport/qsharp_teleport.qs,3,19,),operator
Without_import/teleport/qsharp_teleport.qs,4,23,(,operator
Without_import/teleport/qsharp_teleport.qs,5,24,Result,operand
Without_import/teleport/qsharp_teleport.qs,6,30,",",operator
Without_import/teleport/qsharp_teleport.qs,7,32,Result,operand
Without_import/teleport/qsharp_teleport.qs,8,38,",",operator
Without_import/teleport/qsharp_teleport.qs,9,40,Result,operand
Without_import/teleport/qsharp_teleport.qs,10,46,),operator
Without_import/teleport/qsharp_teleport.qs,11,48,{,ignored
Without_import/teleport/qsharp_teleport.qs,12,54,use,operator
Without_import/teleport/qsharp_teleport.qs,13,58,q,operand
Without_import/teleport/qsharp_teleport.qs,14,60,=,operator
Without_import/teleport/qsharp_teleport.qs,15,62,Qubit,operand
Without_import/teleport/qsharp_teleport.qs,16,67,[,operator
Without_import/teleport/qsharp_teleport.qs,17,68,3,operand
Without_import/teleport/qsharp_teleport.qs,18,69,],operator
Without_import/teleport/qsharp_teleport.qs,19,70,;,operator
Without_import/teleport/qsharp_teleport.qs,20,76,H,operator
Without_import/teleport/qsharp_teleport.qs,21,77,(,operator
Without_import/teleport/qsharp_teleport.qs,22,78,q,operand
Without_import/teleport/qsharp_teleport.qs,23,79,[,operator
Without_import/teleport/qsharp_teleport.qs,24,80,1,operand
Without_import/teleport/qsharp_teleport.qs,25,81,],operator
Without_import/teleport/qsharp_teleport.qs,26,82,),operator
Without_import/teleport/qsharp_teleport.qs,27,83,;,operator
Without_import/teleport/qsharp_teleport.qs,28,89,CNOT,operator
Without_import/teleport/qsharp_teleport.qs,29,93,(,operator
Without_import/teleport/qsharp_teleport.qs,30,94,q,operand
Without_import/teleport/qsharp_teleport.qs,31,95,[,operator
Without_import/teleport/qsharp_teleport.qs,32,96,1,operand
Without_import/teleport/qsharp_teleport.qs,33,97,],operator
Without_import/teleport/qsharp_teleport.qs,34,98,",",operator
Without_import/teleport/qsharp_teleport.qs,35,100,q,operand
Without_import/teleport/qsharp_teleport.qs,36,101,[,operator
Without_import/teleport/qsharp_teleport.qs,37,102,2,operand
Without_import/teleport/qsharp_teleport.qs,38,103,],operator
Without_import/teleport/qsharp_teleport.qs,39,104,),operator
Without_import/teleport/qsharp_teleport.qs,40,105,;,operator
Without_import/teleport/qsharp_teleport.qs,41,111,H,operator
Without_import/teleport/qsharp_teleport.qs,42,112,(,operator
Without_import/teleport/qsharp_teleport.qs,43,113,q,operand
Without_import/teleport/qsharp_teleport.qs,44,114,[,operator
Without_import/teleport/qsharp_teleport.qs,45,115,0,operand
Without_import/teleport/qsharp_teleport.qs,46,116,],operator
Without_import/teleport/qsharp_teleport.qs,47,117,),operator
Without_import/teleport/qsharp_teleport.qs,48,118,;,operator
Without_import/teleport/qsharp_teleport.qs,49,124,T,operator
Without_import/teleport/qsharp_teleport.qs,50,125,(,operator
Without_import/teleport/qsharp_teleport.qs,51,126,q,operand
Without_import/teleport/qsharp_teleport.qs,52,127,[,operator
Without_import/teleport/qsharp_teleport.qs,53,128,0,operand
Without_import/teleport/qsharp_teleport.qs,54,129,],operator
Without_import/teleport/qsharp_teleport.qs,55,130,),operator
Without_import/teleport/qsharp_teleport.qs,56,131,;,operator
Without_import/teleport/qsharp_teleport.qs,57,137,CNOT,operator
Without_import/teleport/qsharp_teleport.qs,58,141,(,operator
Without_import/teleport/qsharp_teleport.qs,59,142,q,operand
Without_import/teleport/qsharp_teleport.qs,60,143,[,operator
Without_import/teleport/qsharp_teleport.qs,61,144,0,operand
Without_import/teleport/qsharp_teleport.qs,62,145,],operator
Without_import/teleport/qsharp_teleport.qs,63,146,",",operator
Without_import/teleport/qsharp_teleport.qs,64,148,q,operand
Without_import/teleport/qsharp_teleport.qs,65,149,[,operator
Without_import/teleport/qsharp_teleport.qs,66,150,1,operand
Without_import/teleport/qsharp_teleport.qs,67,151,],operator
Without_import/teleport/qsharp_teleport.qs,68,152,),operator
Without_import/teleport/qsharp_teleport.qs,69,153,;,operator
Without_import/teleport/qsharp_teleport.qs,70,159,H,operator
Without_import/teleport/qsharp_teleport.qs,71,160,(,operator
Without_import/teleport/qsharp_teleport.qs,72,161,q,operand
Without_import/teleport/qsharp_teleport.qs,73,162,[,operator
Without_import/teleport/qsharp_teleport.qs,74,163,0,operand
Without_import/teleport/qsharp_teleport.qs,75,164,],operator
Without_import/teleport/qsharp_teleport.qs,76,165,),operator
Without_import/teleport/qsharp_teleport.qs,77,166,;,operator
Without_import/teleport/qsharp_teleport.qs,78,172,let,operator
Without_import/teleport/qsharp_teleport.qs,79,176,m0,operand
Without_import/teleport/qsharp_teleport.qs,80,179,=,operator
Without_import/teleport/qsharp_teleport.qs,81,181,M,operator
Without_import/teleport/qsharp_teleport.qs,82,182,(,operator
Without_import/teleport/qsharp_teleport.qs,83,183,q,operand
Without_import/teleport/qsharp_teleport.qs,84,184,[,operator
Without_import/teleport/qsharp_teleport.qs,85,185,0,operand
Without_import/teleport/qsharp_teleport.qs,86,186,],operator
Without_import/teleport/qsharp_teleport.qs,87,187,),operator
Without_import/teleport/qsharp_teleport.qs,88,188,;,operator
Without_import/teleport/qsharp_teleport.qs,89,194,let,operator
Without_import/teleport/qsharp_teleport.qs,90,198,m1,operand
Without_import/teleport/qsharp_teleport.qs,91,201,=,operator
Without_import/teleport/qsharp_teleport.qs,92,203,M,operator
Without_import/teleport/qsharp_teleport.qs,93,204,(,operator
Without_import/teleport/qsharp_teleport.qs,94,205,q,operand
Without_import/teleport/qsharp_teleport.qs,95,206,[,operator
Without_import/teleport/qsharp_teleport.qs,96,207,1,operand
Without_import/teleport/qsharp_teleport.qs,97,208,],operator
Without_import/teleport/qsharp_teleport.qs,98,209,),operator
Without_import/teleport/qsharp_teleport.qs,99,210,;,operator
Without_import/teleport/qsharp_teleport.qs,100,216,if,operator
Without_import/teleport/qsharp_teleport.qs,101,219,(,operator
Without_import/teleport/qsharp_teleport.qs,102,220,m1,operand
Without_import/teleport/qsharp_teleport.qs,103,223,==,operator
Without_import/teleport/qsharp_teleport.qs,104,226,One,operand
Without_import/teleport/qsharp_teleport.qs,105,229,),operator
Without_import/teleport/qsharp_teleport.qs,106,231,{,ignored
Without_import/teleport/qsharp_teleport.qs,107,233,X,operator
Without_import/teleport/qsharp_teleport.qs,108,234,(,operator
Without_import/teleport/qsharp_teleport.qs,109,235,q,operand
Without_import/teleport/qsharp_teleport.qs,110,236,[,operator
Without_import/teleport/qsharp_teleport.qs,111,237,2,operand
Without_import/teleport/qsharp_teleport.qs,112,238,],operator
Without_import/teleport/qsharp_teleport.qs,113,239,),operator
Without_import/teleport/qsharp_teleport.qs,114,240,;,operator
Without_import/teleport/qsharp_teleport.qs,115,242,},ignored
Without_import/teleport/qsharp_teleport.qs,116,248,if,operator
Without_import/teleport/qsharp_teleport.qs,117,251,(,operator
Without_import/teleport/qsharp_teleport.qs,118,252,m0,operand
Without_import/teleport/qsharp_teleport.qs,119,255,==,operator
Without_import/teleport/qsharp_teleport.qs,120,258,One,operand
Without_import/teleport/qsharp_teleport.qs,121,261,),operator
Without_import/teleport/qsharp_teleport.qs,122,263,{,ignored
Without_import/teleport/qsharp_teleport.qs,123,265,Z,operator
Without_import/teleport/qsharp_teleport.qs,124,266,(,operator
Without_import/teleport/qsharp_teleport.qs,125,267,q,operand
Without_import/teleport/qsharp_teleport.qs,126,268,[,operator
Without_import/teleport/qsharp_teleport.qs,127,269,2,operand
Without_import/teleport/qsharp_teleport.qs,128,270,],operator
Without_import/teleport/qsharp_teleport.qs,129,271,),operator
Without_import/teleport/qsharp_teleport.qs,130,272,;,operator
Without_import/teleport/qsharp_teleport.qs,131,274,},ignored
Without_import/teleport/qsharp_teleport.qs,132,280,let,operator
Without_import/teleport/qsharp_teleport.qs,133,284,m2,operand
Without_import/teleport/qsharp_teleport.qs,134,287,=,operator
Without_import/teleport/qsharp_teleport.qs,135,289,M,operator
Without_import/teleport/qsharp_teleport.qs,136,290,(,operator
Without_import/teleport/qsharp_teleport.qs,137,291,q,operand
Without_import/teleport/qsharp_teleport.qs,138,292,[,operator
Without_import/teleport/qsharp_teleport.qs,139,293,2,operand
Without_import/teleport/qsharp_teleport.qs,140,294,],operator
Without_import/teleport/qsharp_teleport.qs,141,295,),operator
Without_import/teleport/qsharp_teleport.qs,142,296,;,operator
Without_import/teleport/qsharp_teleport.qs,143,302,ResetAll,operator
Without_import/teleport/qsharp_teleport.qs,144,310,(,operator
Without_import/teleport/qsharp_teleport.qs,145,311,q,operand
Without_import/teleport/qsharp_teleport.qs,146,312,),operator
Without_import/teleport/qsharp_teleport.qs,147,313,;,operator
Without_import/teleport/qsharp_teleport.qs,148,319,return,operator
Without_import/teleport/qsharp_teleport.qs,149,326,(,operator
Without_import/teleport/qsharp_teleport.qs,150,327,m0,operand
Without_import/teleport/qsharp_teleport.qs,151,329,",",operator
Without_import/teleport/qsharp_teleport.qs,152,331,m1,operand
Without_import/teleport/qsharp_teleport.qs,153,333,",",operator
Without_import/teleport/qsharp_teleport.qs,154,335,m2,operand
Without_import/teleport/qsharp_teleport.qs,155,337,),operator
Without_import/teleport/qsharp_teleport.qs,156,338,;,operator
Without_import/teleport/qsharp_teleport.qs,157,340,},ignored
